id,age,gender,marital_family_history,hypertension,heart_disease,diabetes_flag,high_cholesterol_flag,previous_stroke_tia,kidney_disease,bmi,systolic_bp,diastolic_bp,blood_sugar,chol_total,chol_hdl,chol_ldl,chol_triglycerides,smoking_status,alcohol_consumption,physical_activity,dietary_habits,sleep_hours,stroke
P100000,49,Female,0,0,0,0,1,0,0,,122.0,83.0,78.9,211.2,47.2,135.2,218.5,Current,Rare,Moderate,Poor,9.1,0
P100001,59,Female,0,0,0,0,1,0,0,28.7,166.0,72.0,92.0,270.0,51.5,204.0,147.8,Never,Rare,Active,Balanced,6.9,0
P100002,44,Female,0,0,0,0,0,0,0,21.3,116.0,73.0,95.2,196.8,63.5,102.2,212.5,Never,Rare,Active,Healthy,7.0,0
P100003,44,Female,0,0,0,0,0,0,0,29.9,132.0,74.0,88.3,178.3,34.7,119.3,135.5,Never,Rare,Sedentary,Balanced,7.1,0
P100004,81,Female,0,0,0,0,1,0,0,35.0,148.0,84.0,111.0,203.7,,124.8,127.5,Never,Rare,Moderate,Balanced,8.9,0
P100005,73,Female,0,0,1,0,0,0,0,23.0,133.0,87.0,90.2,115.1,27.3,59.3,180.1,Never,Rare,Sedentary,Healthy,7.3,0
P100006,53,Female,0,0,0,1,1,0,0,31.1,133.0,79.0,175.0,214.5,50.2,146.8,164.1,Never,Heavy,Sedentary,Healthy,7.5,0
P100007,56,Male,0,0,0,0,1,0,0,21.4,140.0,85.0,70.6,229.1,55.2,156.1,189.7,Current,Rare,Moderate,Balanced,5.6,0
P100008,64,Female,0,0,0,0,0,0,0,22.4,115.0,,99.9,150.0,43.3,105.7,138.8,Never,Heavy,Sedentary,Balanced,9.5,0
P100009,71,Male,0,0,0,0,1,1,0,33.7,150.0,73.0,122.6,183.3,68.2,138.5,289.7,Never,Rare,Moderate,Healthy,6.3,0
P100010,67,Male,0,0,1,0,1,0,0,27.3,118.0,82.0,98.8,211.8,36.7,144.6,139.4,Never,Heavy,Active,Healthy,6.7,0
P100011,33,Female,0,0,0,0,0,0,0,21.1,106.0,81.0,100.8,139.6,59.1,84.3,219.5,Never,Moderate,Moderate,Balanced,7.6,0
P100012,56,Female,1,0,0,1,0,0,1,,121.0,71.0,219.4,140.0,52.5,79.3,118.7,Never,Rare,Active,Healthy,6.5,1
P100013,55,Female,0,0,0,0,0,0,0,25.9,108.0,87.0,100.2,193.1,62.1,98.2,,Never,Moderate,Active,Poor,7.5,0
P100014,72,Female,0,0,0,0,1,0,0,29.1,151.0,89.0,79.6,201.4,70.3,139.8,209.5,Never,Rare,Moderate,Healthy,7.4,0
P100015,65,Male,0,0,0,0,0,1,0,35.3,146.0,,53.1,180.0,47.3,95.7,133.8,Former,Rare,Moderate,Poor,8.3,0
P100016,22,Male,0,0,0,0,1,0,0,27.6,134.0,78.0,82.1,218.9,52.4,120.0,140.6,Never,Rare,Moderate,Poor,6.3,0
P100017,46,Male,0,0,0,0,1,0,0,27.9,129.0,73.0,91.4,234.3,54.5,118.9,262.4,Never,Rare,Active,Balanced,5.6,0
P100018,77,Male,0,0,0,0,0,1,0,,126.0,80.0,75.9,133.4,42.9,118.1,123.5,Never,Rare,Active,Balanced,5.2,0
P100019,45,Male,0,0,0,0,0,0,0,23.1,107.0,71.0,99.3,191.2,39.8,126.1,226.0,Never,Rare,Moderate,Balanced,7.6,0
P100020,44,Male,0,0,0,0,0,0,0,16.3,119.0,80.0,85.0,170.5,38.5,114.4,,Never,Moderate,Sedentary,Poor,7.5,0
P100021,59,Male,1,0,0,0,0,0,0,26.8,120.0,75.0,111.2,128.3,55.9,81.8,140.2,Former,Rare,Moderate,Balanced,8.1,0
P100022,90,Female,0,0,0,0,0,0,0,24.7,144.0,86.0,99.0,145.7,,92.5,,Never,Heavy,Moderate,Healthy,6.5,0
P100023,37,Female,0,0,0,0,0,0,0,27.0,118.0,82.0,110.8,157.0,27.5,117.5,94.7,Never,Moderate,Active,Healthy,8.0,0
P100024,43,Female,0,0,0,0,1,0,0,15.8,105.0,70.0,87.3,180.1,30.9,135.6,86.0,Never,Rare,Moderate,Healthy,6.0,0
P100025,54,Male,0,0,0,0,0,0,0,29.8,114.0,71.0,83.0,120.7,32.0,82.9,,Former,Moderate,Active,Healthy,6.2,0
P100026,57,Male,0,0,0,0,1,0,0,20.1,102.0,74.0,105.2,188.9,44.4,145.7,130.9,Never,Moderate,Moderate,Balanced,6.8,0
P100027,60,Male,0,0,1,0,1,0,0,30.0,137.0,80.0,100.3,215.5,43.0,149.3,236.0,Former,Heavy,Moderate,Balanced,6.5,0
P100028,52,Female,0,0,0,0,1,0,0,20.9,131.0,63.0,88.4,207.6,36.2,148.2,,Never,Rare,Active,Poor,7.4,0
P100029,72,Other,0,1,0,1,0,0,0,36.8,163.0,83.0,162.6,140.7,57.5,85.6,99.8,Never,Rare,Moderate,Poor,6.7,0
P100030,41,Male,0,0,0,0,0,0,0,26.5,123.0,85.0,104.7,139.2,46.5,93.5,65.7,Never,Rare,Moderate,Balanced,6.8,0
P100031,40,Female,0,0,0,0,1,0,0,24.7,,72.0,94.6,204.3,44.6,158.6,164.4,Never,Moderate,Moderate,Healthy,6.0,0
P100032,18,Female,0,0,0,0,0,0,0,16.6,92.0,72.0,89.7,177.2,,102.9,171.0,Never,Rare,Moderate,Balanced,8.4,0
P100033,24,Female,0,0,0,0,0,0,0,25.3,110.0,81.0,98.2,164.5,38.7,109.8,,Never,Rare,Moderate,Balanced,6.1,0
P100034,39,Female,0,0,0,0,0,0,0,19.7,87.0,82.0,,166.8,54.3,85.5,81.7,Never,Rare,Moderate,Healthy,6.6,0
P100035,60,Male,0,1,1,0,0,0,0,27.4,148.0,93.0,92.0,144.6,44.7,112.8,209.3,Never,Moderate,Active,Healthy,6.5,0
P100036,33,Female,0,0,0,0,0,0,0,28.5,116.0,85.0,95.3,176.2,42.4,109.4,83.9,Former,Rare,Moderate,Healthy,6.5,0
P100037,54,Male,0,0,0,0,1,0,0,28.6,130.0,77.0,112.3,249.0,58.2,149.7,61.9,Never,Rare,Sedentary,Poor,7.8,0
P100038,36,Male,0,0,0,0,0,0,0,26.6,147.0,64.0,110.9,194.9,48.6,,104.5,Never,Rare,Moderate,Poor,6.6,0
P100039,57,Female,0,0,0,0,1,0,0,21.6,133.0,76.0,93.8,196.0,73.6,131.7,245.9,Never,Rare,Sedentary,Healthy,,0
P100040,18,Female,0,0,0,0,0,0,0,23.3,115.0,79.0,103.2,164.5,38.2,120.4,153.4,Never,Moderate,Active,Healthy,6.2,0
P100041,49,Male,0,0,0,0,0,0,0,23.1,122.0,85.0,109.0,187.0,48.0,85.7,86.1,Never,Moderate,Moderate,Balanced,,0
P100042,29,Female,0,0,0,0,1,0,0,25.3,104.0,80.0,109.0,269.4,27.8,192.5,133.3,Former,Moderate,Moderate,Balanced,5.8,0
P100043,37,Female,0,1,0,0,0,0,0,29.4,156.0,90.0,107.8,156.9,43.1,110.4,211.8,Current,Rare,Active,Balanced,4.0,0
P100044,32,Male,0,0,0,0,0,0,0,28.0,106.0,80.0,94.1,147.2,62.7,99.2,,Current,Rare,Active,Healthy,5.4,0
P100045,56,Male,0,0,0,0,0,0,0,34.6,117.0,89.0,98.8,196.4,59.7,117.5,123.2,Never,Moderate,Moderate,Poor,7.3,0
P100046,58,Female,0,0,0,0,0,0,0,19.6,137.0,78.0,80.5,165.1,58.8,94.0,141.4,Never,Rare,Active,Poor,8.0,0
P100047,41,Male,0,0,0,0,1,0,0,23.4,127.0,79.0,81.9,174.2,55.6,146.6,,Former,Rare,Moderate,Poor,6.0,0
P100048,57,Female,0,0,0,0,0,0,0,23.5,118.0,70.0,111.6,168.7,,82.4,137.4,Former,Moderate,Moderate,Healthy,5.6,0
P100049,72,Female,0,0,0,0,0,0,0,,121.0,78.0,97.7,140.2,47.1,96.5,118.1,Current,Rare,Moderate,Balanced,6.3,0
P100050,53,Male,0,0,0,0,1,0,0,17.6,115.0,78.0,80.7,212.7,76.4,118.2,144.7,Never,Moderate,Moderate,Healthy,6.9,0
P100051,56,Female,0,0,0,0,0,0,0,17.2,132.0,,92.5,170.1,60.4,104.6,113.1,Never,Rare,Active,Balanced,7.3,0
P100052,52,Female,0,0,0,0,1,0,0,25.0,117.0,85.0,115.8,199.9,53.4,142.2,118.5,Never,Rare,Moderate,Poor,6.6,0
P100053,67,Female,0,0,1,0,0,0,0,27.4,129.0,79.0,,141.1,48.0,101.9,131.4,Never,Rare,Moderate,Balanced,8.1,0
P100054,72,Female,1,0,0,0,1,0,0,32.6,140.0,86.0,107.7,216.4,55.5,126.0,131.9,Never,Rare,Sedentary,Balanced,7.2,1
P100055,38,Male,0,0,0,0,1,0,0,32.4,128.0,83.0,106.0,218.4,43.4,163.0,,Never,Rare,Moderate,Healthy,5.5,0
P100056,29,Male,0,0,0,0,1,0,0,26.4,112.0,75.0,95.0,187.1,52.2,141.5,80.1,Former,Rare,Moderate,Balanced,9.4,0
P100057,52,Male,0,0,0,0,0,0,0,30.8,138.0,82.0,89.2,169.0,53.7,69.1,86.4,Never,Rare,Sedentary,Poor,9.4,0
P100058,63,Female,0,1,0,0,0,0,0,24.7,130.0,88.0,79.4,141.8,66.2,91.9,253.3,Never,Moderate,Moderate,Balanced,9.5,1
P100059,42,Male,0,0,0,1,0,0,0,39.0,123.0,82.0,141.6,168.1,39.8,105.1,15.8,Current,Heavy,Active,Healthy,6.1,0
P100060,65,Female,0,0,0,0,0,0,0,21.9,,81.0,,150.5,46.3,117.8,,Never,Rare,Moderate,Balanced,5.4,0
P100061,52,Male,0,0,0,0,0,0,0,25.1,133.0,80.0,82.0,,40.8,86.0,186.0,Never,Moderate,Sedentary,Balanced,6.8,0
P100062,53,Female,0,0,0,0,0,0,0,21.9,100.0,76.0,98.2,169.5,51.6,118.5,244.8,Never,Rare,Moderate,Balanced,8.8,0
P100063,62,Male,0,0,0,0,0,0,0,25.0,142.0,73.0,104.7,122.8,61.5,86.1,144.5,Never,Rare,Moderate,Balanced,4.2,0
P100064,65,Male,0,0,0,0,0,0,0,14.0,116.0,81.0,92.5,153.6,56.0,120.4,,Never,Rare,Active,Balanced,6.7,0
P100065,38,Female,0,0,0,0,0,0,0,27.1,136.0,78.0,108.1,149.9,38.3,91.9,47.5,Never,Rare,Active,Healthy,6.8,0
P100066,52,Female,0,0,0,0,0,0,0,31.3,111.0,72.0,97.6,163.1,38.7,117.1,92.5,Never,Rare,Moderate,Poor,8.1,0
P100067,18,Female,0,0,0,0,0,0,0,33.7,110.0,75.0,78.8,121.9,38.3,85.7,243.1,Current,Moderate,Sedentary,Healthy,8.1,0
P100068,42,Male,0,0,0,0,0,0,0,30.2,115.0,79.0,93.1,148.4,49.1,102.1,125.2,Never,Rare,Moderate,Balanced,7.1,0
P100069,34,Male,1,0,0,0,1,0,0,15.4,122.0,74.0,100.2,160.2,48.4,137.6,156.3,Never,Rare,Moderate,Balanced,8.7,0
P100070,32,Female,0,0,0,0,0,0,0,24.2,110.0,74.0,106.9,142.1,86.1,88.3,109.6,Current,Rare,Active,Poor,5.9,0
P100071,68,Male,0,0,0,0,0,0,0,22.9,122.0,84.0,79.1,67.4,57.0,82.9,181.2,Never,Moderate,Sedentary,Balanced,7.6,0
P100072,63,Female,0,0,0,0,1,0,1,30.4,122.0,87.0,94.2,143.8,32.2,135.0,144.4,Never,Moderate,Sedentary,Balanced,8.5,0
P100073,62,Female,0,0,0,1,0,0,0,29.3,133.0,81.0,167.1,174.2,34.5,117.3,122.2,Never,Rare,Active,Balanced,6.9,0
P100074,67,Male,0,0,0,0,1,0,0,24.3,123.0,70.0,77.1,227.4,70.7,163.9,249.6,Never,Moderate,Active,Balanced,6.8,0
P100075,44,Female,0,0,0,0,0,0,0,15.4,103.0,79.0,106.2,196.4,43.8,113.2,218.8,Never,Rare,Sedentary,Balanced,8.1,0
P100076,43,Male,0,0,0,0,1,0,0,23.8,110.0,77.0,91.4,195.7,,145.5,136.1,Never,Rare,Active,Healthy,8.1,0
P100077,38,Female,0,0,0,0,0,0,0,20.1,114.0,79.0,123.6,125.5,64.7,65.4,57.0,Never,Moderate,Moderate,Poor,6.5,0
P100078,41,Male,0,0,0,0,1,0,0,26.9,127.0,79.0,89.9,197.1,27.1,144.5,211.8,Current,Rare,Sedentary,Balanced,8.0,0
P100079,55,Male,0,0,0,0,1,0,0,29.8,105.0,74.0,125.8,193.5,69.4,161.6,39.9,Never,Moderate,Sedentary,Balanced,6.1,0
P100080,53,Male,0,0,0,0,1,0,0,26.1,,83.0,108.5,175.2,34.3,132.4,103.8,Never,Moderate,Moderate,Healthy,5.0,0
P100081,35,Male,0,0,0,0,0,0,0,17.9,126.0,73.0,97.0,171.2,59.1,65.8,157.6,Never,Rare,Moderate,Healthy,6.3,0
P100082,64,Female,0,0,0,0,1,0,0,25.7,111.0,85.0,97.4,233.3,54.0,150.0,150.3,Never,Heavy,Active,Balanced,7.8,0
P100083,59,Other,0,0,0,0,0,0,0,21.4,111.0,93.0,89.6,185.1,64.2,121.2,180.0,Current,Rare,Moderate,Balanced,8.6,0
P100084,67,Male,0,1,0,0,0,0,0,30.8,155.0,86.0,103.4,174.9,59.3,106.1,109.7,Never,Rare,Active,Balanced,4.2,0
P100085,79,Female,0,0,0,0,0,0,0,19.6,129.0,81.0,92.8,191.3,48.4,118.3,148.8,Never,Moderate,Moderate,Poor,6.4,0
P100086,37,Male,0,0,0,0,1,0,0,25.3,110.0,86.0,93.7,201.0,54.5,163.3,282.9,Never,Rare,Moderate,Balanced,7.7,0
P100087,65,Female,0,0,0,0,1,0,0,30.2,140.0,73.0,80.7,208.1,58.6,137.5,135.7,Never,Moderate,Moderate,Poor,,0
P100088,50,Male,0,0,0,0,0,0,0,20.1,108.0,80.0,95.2,170.5,67.0,118.4,46.6,Never,Rare,Moderate,Balanced,6.2,0
P100089,66,Female,0,0,0,1,0,0,0,27.4,126.0,82.0,157.0,161.5,35.7,121.0,70.9,Never,Rare,Moderate,Balanced,6.2,0
P100090,55,Male,0,0,0,1,1,0,0,37.8,125.0,87.0,108.7,229.9,44.0,160.8,127.0,Former,Rare,Active,Healthy,7.0,0
P100091,85,Male,1,0,0,0,0,0,1,25.8,149.0,79.0,87.4,183.3,35.7,125.3,125.1,Never,Rare,Active,Balanced,6.7,0
P100092,50,Male,0,0,0,0,1,0,0,21.1,113.0,,72.2,226.7,36.8,170.4,224.8,Never,Moderate,Moderate,Balanced,6.5,0
P100093,82,Male,0,0,1,0,0,0,1,25.5,142.0,74.0,75.6,147.4,50.5,,11.2,Never,Rare,Moderate,Balanced,7.0,0
P100094,52,Female,0,0,0,0,1,0,0,22.0,111.0,78.0,78.3,235.6,39.9,153.5,212.8,Never,Rare,Sedentary,Balanced,4.3,0
P100095,64,Male,0,0,0,0,0,0,0,25.3,146.0,76.0,102.5,182.0,56.9,128.4,276.2,Never,Rare,Active,Healthy,6.4,0
P100096,54,Female,1,0,0,0,0,0,0,26.2,122.0,74.0,92.5,148.7,,106.3,84.3,Never,Heavy,Active,Balanced,7.8,0
P100097,41,Male,0,0,0,0,1,0,0,28.4,102.0,85.0,101.9,182.8,68.4,146.5,139.7,Former,Rare,Moderate,Healthy,6.9,0
P100098,61,Female,0,0,0,0,0,0,0,22.0,134.0,71.0,99.4,132.3,59.0,67.4,189.9,Never,Rare,Active,Poor,6.0,0
P100099,54,Female,0,1,0,0,0,0,0,31.0,139.0,86.0,85.0,178.6,75.2,117.7,181.1,Never,Rare,Moderate,Balanced,6.5,0
P100100,29,Female,0,0,0,0,1,0,0,26.1,104.0,71.0,91.0,193.5,54.7,146.9,91.6,Never,Heavy,Active,Balanced,5.4,0
P100101,44,Female,0,0,0,0,0,0,0,30.6,127.0,81.0,92.4,117.8,,78.0,77.5,Former,Rare,Moderate,Poor,9.5,0
P100102,52,Male,0,1,1,0,0,0,0,26.7,138.0,80.0,95.6,152.6,39.8,94.3,,Never,Rare,Sedentary,Healthy,6.3,0
P100103,38,Female,0,0,0,0,1,0,0,30.9,121.0,73.0,93.2,165.9,49.6,135.0,38.6,Never,Rare,Active,Poor,7.1,0
P100104,45,Female,1,0,0,1,0,0,0,25.0,128.0,74.0,135.2,163.1,61.7,96.9,189.9,Never,Moderate,Moderate,Balanced,5.5,0
P100105,51,Male,0,0,0,0,0,0,0,19.5,111.0,78.0,112.1,191.4,42.8,118.4,93.5,Never,Rare,Moderate,Balanced,6.4,0
P100106,68,Male,0,0,0,0,0,0,0,27.9,127.0,67.0,107.6,,64.6,122.5,,Former,Rare,Sedentary,Healthy,8.5,0
P100107,67,Female,0,0,0,0,0,0,0,30.5,144.0,81.0,102.1,160.1,32.0,109.9,47.6,Former,Rare,Sedentary,Poor,5.4,0
P100108,43,Female,0,0,0,0,0,0,0,26.1,126.0,61.0,86.5,182.3,54.1,126.3,67.6,Former,Rare,Active,Balanced,8.5,0
P100109,76,Male,0,0,0,1,0,1,0,,123.0,76.0,164.0,182.5,39.9,115.8,225.2,Never,Rare,Sedentary,Balanced,7.0,1
P100110,44,Female,0,0,0,0,0,0,0,26.2,111.0,,104.6,165.0,47.6,109.8,143.9,Never,Rare,Sedentary,Balanced,6.3,0
P100111,59,Female,0,0,0,0,1,0,0,24.6,123.0,79.0,105.9,201.8,44.4,155.9,243.2,Never,Moderate,Moderate,Balanced,6.9,0
P100112,66,Female,0,0,0,0,0,0,0,25.1,143.0,76.0,91.0,164.1,42.8,111.6,130.4,Current,Moderate,Active,Poor,6.8,0
P100113,28,Male,0,0,0,0,0,0,0,14.0,99.0,84.0,,166.4,31.3,112.2,181.2,Never,Moderate,Sedentary,Balanced,6.4,0
P100114,37,Male,0,0,0,0,0,0,0,27.5,129.0,76.0,98.3,197.5,52.6,124.3,148.3,Never,Moderate,Moderate,Healthy,6.4,0
P100115,46,Female,0,0,0,0,0,0,0,21.8,116.0,72.0,105.8,174.4,63.6,100.7,93.6,Never,Rare,Moderate,Balanced,6.0,0
P100116,55,Male,0,0,0,0,0,0,0,27.3,126.0,66.0,108.4,197.5,49.3,113.1,223.9,Never,Rare,Active,Balanced,7.3,0
P100117,49,Female,0,0,0,0,1,0,0,21.0,117.0,79.0,,249.3,52.1,155.3,101.8,Never,Rare,Moderate,Balanced,6.7,0
P100118,62,Female,0,0,0,0,1,0,0,18.7,112.0,83.0,103.2,206.4,40.5,136.4,191.3,Never,Heavy,Active,Poor,8.0,0
P100119,27,Female,0,0,0,0,0,0,0,32.5,117.0,76.0,87.2,176.7,38.7,114.4,111.1,Never,Rare,Moderate,Balanced,5.2,0
P100120,18,Male,0,0,0,0,0,0,0,20.7,114.0,72.0,59.7,195.0,56.0,129.6,,Former,Rare,Moderate,Healthy,5.3,0
P100121,34,Female,0,0,0,0,0,0,0,27.2,,76.0,100.7,189.8,53.2,126.5,129.0,Never,Rare,Sedentary,Balanced,7.2,0
P100122,57,Male,0,0,0,0,0,0,0,22.1,117.0,85.0,87.6,146.0,43.7,74.3,56.6,Never,Moderate,Active,Poor,,0
P100123,63,Female,0,1,0,0,1,0,0,21.5,138.0,100.0,93.8,231.5,53.8,148.1,109.3,Never,Heavy,Active,Balanced,7.0,0
P100124,48,Male,1,0,0,0,0,0,0,29.4,117.0,75.0,118.5,147.1,46.0,125.6,220.0,Never,Rare,Moderate,Poor,6.3,0
P100125,50,Male,0,1,0,0,1,0,0,31.4,122.0,86.0,102.3,225.5,58.5,162.9,176.6,Never,Moderate,Moderate,Balanced,7.4,0
P100126,54,Male,0,0,0,0,0,0,0,28.9,,83.0,89.1,,58.4,116.4,147.2,Current,Moderate,Active,Balanced,6.5,0
P100127,43,Male,0,0,0,0,1,0,0,30.1,129.0,76.0,88.4,219.3,23.7,151.5,152.2,Current,Heavy,Sedentary,Balanced,8.5,0
P100128,46,Male,1,0,0,0,0,0,0,26.4,110.0,82.0,89.9,191.8,57.9,126.5,,Never,Moderate,Moderate,Balanced,6.6,0
P100129,52,Male,1,0,0,0,0,0,0,23.8,125.0,64.0,113.8,147.5,,95.0,147.2,Former,Moderate,Moderate,Poor,7.6,0
P100130,34,Male,0,0,0,0,1,0,0,23.3,111.0,71.0,,203.2,47.7,110.3,191.6,Former,Rare,Active,Balanced,6.1,0
P100131,25,Male,0,0,0,0,0,0,0,30.5,135.0,92.0,89.8,188.7,49.1,119.7,75.9,Former,Rare,Sedentary,Healthy,6.6,0
P100132,77,Other,0,1,0,0,0,0,0,27.1,159.0,87.0,89.1,150.6,42.4,94.7,209.0,Former,Rare,Sedentary,Balanced,7.0,0
P100133,67,Male,0,0,1,0,0,0,0,28.5,134.0,83.0,113.3,151.9,49.0,109.9,195.2,Never,Moderate,Active,Balanced,6.6,0
P100134,59,Male,0,0,1,0,1,0,0,25.7,127.0,78.0,103.1,220.5,75.7,143.5,140.3,Former,Moderate,Active,Balanced,6.6,0
P100135,60,Female,0,0,0,0,0,0,0,18.3,134.0,93.0,100.0,168.3,65.7,,91.3,Current,Moderate,Sedentary,Healthy,5.7,0
P100136,72,Female,1,0,1,0,0,0,0,20.2,116.0,73.0,80.5,143.9,45.9,72.8,108.9,Never,Rare,Moderate,Balanced,7.2,1
P100137,45,Male,0,0,0,0,0,0,0,23.8,130.0,78.0,99.4,163.9,25.7,114.8,75.5,Never,Moderate,Moderate,Balanced,6.7,0
P100138,47,Male,0,0,0,0,0,0,0,23.3,110.0,82.0,89.9,,48.3,118.0,21.7,Never,Rare,Moderate,Poor,6.7,0
P100139,59,Female,0,1,0,0,0,0,0,27.9,135.0,96.0,93.4,166.1,46.9,111.1,197.1,Never,Moderate,Sedentary,Balanced,9.1,0
P100140,40,Female,0,0,0,0,1,0,0,27.4,130.0,68.0,101.0,228.1,44.7,189.2,,Current,Rare,Sedentary,Poor,8.5,0
P100141,72,Male,1,0,0,1,1,0,0,23.0,129.0,85.0,113.9,247.7,46.9,175.0,,Never,Heavy,Moderate,Balanced,8.3,0
P100142,60,Female,0,1,0,0,0,0,0,30.1,159.0,88.0,92.8,175.3,,102.7,151.5,Never,Rare,Active,Poor,8.3,0
P100143,42,Female,0,0,0,0,0,0,0,26.3,103.0,72.0,102.8,178.2,56.9,101.1,173.3,Never,Rare,Moderate,Balanced,8.2,0
P100144,55,Male,0,0,0,0,1,0,0,23.2,126.0,88.0,85.2,,46.8,114.9,58.1,Former,Rare,Moderate,Healthy,8.1,0
P100145,46,Male,0,0,0,0,0,0,0,26.8,107.0,83.0,94.6,162.0,58.8,95.2,147.8,Former,Moderate,Active,Balanced,7.0,0
P100146,48,Female,0,0,0,0,0,0,0,16.9,108.0,71.0,96.3,125.1,41.7,84.9,239.5,Never,Moderate,Moderate,Healthy,7.5,0
P100147,52,Female,0,0,0,0,1,0,0,26.3,121.0,72.0,82.9,214.2,58.5,133.8,52.9,Former,Moderate,Moderate,Poor,5.8,0
P100148,62,Male,0,0,0,0,0,0,0,26.3,128.0,79.0,84.9,,53.5,68.0,240.9,Current,Rare,Sedentary,Balanced,6.8,0
P100149,62,Female,1,0,0,0,0,0,0,22.2,126.0,79.0,102.2,152.8,57.3,120.5,136.4,Never,Rare,Moderate,Balanced,5.3,0
P100150,41,Female,0,0,0,0,0,0,0,26.1,,73.0,81.5,138.4,37.9,76.9,155.2,Never,Rare,Moderate,Balanced,5.7,0
P100151,63,Female,0,0,1,1,1,0,0,26.8,130.0,88.0,167.4,204.5,57.5,98.1,94.9,Never,Rare,Moderate,Balanced,7.7,0
P100152,47,Male,0,0,0,0,0,0,0,22.2,112.0,79.0,80.6,131.1,54.8,80.8,142.1,Never,Heavy,Moderate,Poor,8.9,0
P100153,27,Female,1,0,0,0,0,0,0,17.5,100.0,70.0,87.2,157.2,67.6,111.5,242.8,Never,Rare,Active,Balanced,6.5,0
P100154,58,Female,1,0,0,0,0,0,0,30.7,117.0,71.0,98.0,107.8,60.1,35.5,167.2,Never,Rare,Moderate,Balanced,8.2,0
P100155,29,Female,0,0,0,0,1,0,0,32.5,111.0,82.0,99.6,183.7,53.1,139.4,187.4,Never,Rare,Moderate,Balanced,7.2,0
P100156,46,Female,0,0,0,0,0,0,0,26.5,114.0,71.0,97.6,171.1,54.4,100.7,-34.4,Former,Rare,Moderate,Balanced,7.2,0
P100157,68,Male,0,0,0,0,0,0,0,,113.0,85.0,95.5,147.0,55.4,98.2,76.0,Never,Heavy,Sedentary,Balanced,7.0,0
P100158,70,Male,0,0,0,0,1,0,0,30.1,139.0,76.0,82.5,172.9,57.7,143.9,129.6,Never,Rare,Active,Poor,6.8,0
P100159,48,Female,0,0,0,0,0,0,0,24.5,109.0,86.0,87.8,182.8,45.5,113.7,195.3,Current,Rare,Active,Balanced,5.1,0
P100160,46,Male,0,0,0,0,1,0,0,,127.0,73.0,80.8,273.8,50.8,186.0,178.2,Never,Rare,Moderate,Balanced,8.2,0
P100161,50,Male,1,0,0,0,0,0,0,26.8,109.0,83.0,84.9,173.5,63.2,118.2,137.9,Never,Rare,Sedentary,Healthy,6.4,0
P100162,24,Female,0,0,0,0,1,0,0,,103.0,73.0,,182.8,53.9,141.0,277.8,Never,Moderate,Moderate,Balanced,6.4,0
P100163,83,Female,1,1,0,0,1,0,1,24.0,156.0,85.0,98.5,221.6,71.1,147.9,34.9,Former,Moderate,Sedentary,Balanced,4.1,0
P100164,40,Female,1,0,0,1,1,0,0,33.8,109.0,67.0,140.4,207.0,48.6,125.1,131.2,Never,Rare,Active,Healthy,5.5,0
P100165,74,Female,0,0,0,0,0,1,1,25.6,140.0,80.0,111.0,127.4,57.8,85.5,272.2,Never,Moderate,Moderate,Healthy,7.2,0
P100166,50,Male,1,0,0,1,1,0,0,26.3,128.0,74.0,167.4,195.6,36.1,138.8,249.6,Former,Rare,Moderate,Poor,7.4,0
P100167,70,Male,0,0,0,0,1,0,0,20.5,129.0,94.0,102.3,224.9,47.6,123.1,232.8,Never,Rare,Sedentary,Poor,6.5,0
P100168,81,Male,0,1,0,0,0,0,0,20.9,155.0,87.0,84.4,115.0,63.7,78.4,212.8,Current,Rare,Moderate,Balanced,7.5,1
P100169,63,Female,0,0,0,0,1,0,0,25.6,124.0,84.0,,209.9,61.4,102.2,141.1,Never,Moderate,Moderate,Poor,6.9,0
P100170,85,Male,0,0,0,1,0,0,0,25.2,133.0,71.0,139.1,129.9,48.3,75.4,205.8,Current,Moderate,Moderate,Balanced,8.4,0
P100171,42,Male,0,0,0,0,0,0,0,14.0,98.0,66.0,91.6,164.2,68.3,78.7,134.0,Current,Moderate,Moderate,Healthy,6.9,0
P100172,63,Female,0,1,1,0,0,0,0,23.7,126.0,85.0,83.1,167.7,55.4,112.8,49.4,Current,Rare,Active,Poor,7.1,1
P100173,39,Female,0,0,0,0,0,0,0,30.5,110.0,78.0,91.0,,42.0,91.1,146.5,Current,Rare,Moderate,Poor,4.8,0
P100174,34,Female,0,0,0,0,1,0,0,30.2,112.0,76.0,88.5,201.6,43.0,144.0,141.0,Never,Rare,Sedentary,Healthy,5.5,0
P100175,45,Female,0,0,0,0,1,0,0,22.9,117.0,,107.9,202.8,59.6,124.8,191.7,Former,Rare,Sedentary,Healthy,8.0,0
P100176,38,Male,0,0,0,0,1,0,0,22.1,96.0,79.0,81.9,194.5,27.7,147.3,201.5,Former,Moderate,Sedentary,Balanced,7.1,0
P100177,39,Male,0,0,0,0,0,0,0,30.9,105.0,69.0,96.7,145.6,35.0,102.9,181.6,Never,Rare,Sedentary,Poor,7.5,0
P100178,59,Female,0,1,0,0,1,0,0,33.7,142.0,91.0,108.3,201.2,56.8,125.4,226.5,Former,Rare,Active,Healthy,7.0,0
P100179,44,Female,0,0,0,0,1,0,0,,126.0,76.0,94.2,228.5,49.8,154.9,77.3,Never,Rare,Active,Poor,6.6,0
P100180,43,Male,0,0,0,0,0,0,0,26.5,97.0,72.0,116.5,191.5,55.9,108.9,179.5,Never,Moderate,Moderate,Healthy,5.7,0
P100181,46,Female,0,0,0,0,1,0,0,15.3,108.0,72.0,103.8,208.5,52.4,131.7,152.5,Never,Rare,Moderate,Healthy,7.2,0
P100182,38,Female,0,0,0,0,0,0,0,34.2,119.0,79.0,99.3,137.2,52.9,62.5,82.6,Never,Rare,Sedentary,Healthy,8.2,0
P100183,78,Female,0,0,1,0,0,1,0,24.0,141.0,63.0,101.3,166.6,,96.3,190.9,Former,Rare,Sedentary,Poor,6.8,0
P100184,70,Female,0,0,0,0,0,0,0,27.5,,83.0,95.1,140.1,54.7,118.4,66.8,Current,Rare,Active,Balanced,7.0,0
P100185,71,Other,0,1,1,0,0,0,0,15.5,135.0,,109.4,152.5,33.0,88.2,141.1,Never,Rare,Moderate,Balanced,7.8,0
P100186,37,Female,0,0,0,0,0,0,0,30.2,122.0,71.0,111.9,148.0,38.9,104.5,214.6,Never,Heavy,Sedentary,Balanced,6.6,0
P100187,42,Female,0,0,0,0,1,0,1,17.6,89.0,80.0,78.2,238.6,41.9,162.6,132.8,Never,Moderate,Active,Poor,4.8,0
P100188,46,Female,0,0,0,0,1,0,0,31.4,110.0,80.0,101.2,264.4,59.9,200.8,,Former,Rare,Sedentary,Healthy,6.8,0
P100189,48,Male,0,0,0,0,1,0,0,,124.0,74.0,74.9,179.9,69.1,143.1,,Never,Moderate,Moderate,Balanced,8.6,0
P100190,41,Female,0,0,0,0,0,0,0,31.3,123.0,85.0,,,40.3,113.4,73.9,Never,Rare,Moderate,Poor,8.2,0
P100191,41,Female,0,0,0,0,0,0,0,23.5,110.0,90.0,87.2,137.1,44.3,82.0,,Never,Rare,Active,Healthy,7.8,0
P100192,65,Female,0,0,0,0,0,0,0,20.4,118.0,83.0,90.9,155.5,67.4,84.5,156.0,Never,Rare,Active,Balanced,9.3,0
P100193,56,Male,0,0,0,0,1,0,0,31.8,128.0,77.0,88.4,258.1,80.9,171.8,23.9,Never,Rare,Moderate,Balanced,6.5,0
P100194,63,Male,0,0,0,0,0,0,0,31.0,149.0,86.0,93.8,119.3,56.2,85.7,219.2,Current,Rare,Moderate,Poor,6.6,0
P100195,66,Male,0,1,1,0,0,0,0,33.9,146.0,83.0,80.7,186.0,64.3,129.2,146.4,Former,Moderate,Sedentary,Healthy,7.2,0
P100196,37,Female,0,0,0,0,0,0,0,25.3,105.0,85.0,78.4,155.9,64.8,116.6,264.5,Former,Moderate,Active,Balanced,5.4,0
P100197,31,Female,0,0,0,0,0,0,0,28.3,105.0,85.0,110.3,108.8,46.1,63.9,158.1,Never,Rare,Sedentary,Poor,7.7,0
P100198,71,Male,0,0,0,0,0,1,0,27.9,141.0,74.0,104.5,147.4,49.4,91.9,,Current,Rare,Moderate,Balanced,8.1,0
P100199,56,Female,0,0,0,0,0,0,0,21.5,114.0,88.0,,151.1,32.5,99.9,92.0,Current,Rare,Moderate,Balanced,6.3,0
P100200,69,Male,0,1,0,0,1,0,0,29.8,133.0,88.0,96.7,213.9,47.4,154.8,146.8,Never,Rare,Moderate,Healthy,5.6,0
P100201,43,Male,0,0,0,0,1,0,0,32.1,137.0,84.0,110.6,180.8,28.4,141.1,65.9,Never,Rare,Moderate,Poor,6.0,0
P100202,57,Female,0,0,0,0,0,0,0,30.1,134.0,74.0,,187.2,57.6,129.4,165.3,Never,Rare,Active,Balanced,7.5,0
P100203,43,Male,0,0,0,0,0,0,0,14.0,121.0,78.0,122.6,162.6,49.5,126.6,85.6,Never,Moderate,Moderate,Balanced,5.1,0
P100204,34,Male,1,0,0,0,0,0,0,29.9,129.0,83.0,82.9,88.5,55.1,44.1,109.4,Never,Moderate,Moderate,Poor,7.6,0
P100205,40,Female,1,0,0,0,0,0,0,23.5,117.0,61.0,99.0,171.2,53.4,110.3,131.6,Never,Rare,Active,Balanced,6.9,0
P100206,18,Female,0,0,0,0,0,0,0,27.4,107.0,77.0,94.2,107.8,60.8,93.9,192.3,Never,Moderate,Moderate,Healthy,7.0,0
P100207,50,Male,0,0,0,0,0,0,0,23.4,115.0,73.0,97.5,140.1,50.5,87.6,273.1,Current,Moderate,Active,Healthy,7.4,0
P100208,41,Female,0,0,0,0,1,0,0,23.7,120.0,82.0,70.9,217.2,60.4,141.5,126.9,Never,Moderate,Active,Balanced,6.2,0
P100209,50,Male,0,0,1,0,0,0,0,24.3,122.0,75.0,105.6,175.5,47.0,104.0,,Never,Rare,Active,Healthy,7.9,0
P100210,74,Female,0,0,0,0,0,0,0,24.1,135.0,77.0,101.8,174.1,46.4,110.5,169.4,Never,Rare,Moderate,Balanced,5.7,0
P100211,61,Male,0,0,1,1,1,0,0,28.6,145.0,65.0,160.5,228.4,58.5,169.1,77.6,Never,Heavy,Active,Healthy,8.6,0
P100212,45,Female,0,0,0,0,1,0,0,28.9,116.0,83.0,108.1,203.5,20.5,116.6,166.7,Never,Rare,Sedentary,Balanced,7.0,0
P100213,71,Female,0,0,0,0,0,0,0,40.5,138.0,84.0,88.6,165.9,47.1,121.1,35.6,Never,Rare,Sedentary,Healthy,5.8,0
P100214,50,Male,0,0,0,0,0,0,0,19.0,102.0,76.0,97.8,171.8,21.1,,186.8,Never,Rare,Sedentary,Poor,7.8,0
P100215,73,Male,1,1,0,0,0,0,0,30.8,139.0,77.0,,112.6,48.3,70.9,122.4,Never,Rare,Active,Poor,6.7,0
P100216,39,Male,0,0,0,0,0,0,0,25.7,110.0,73.0,96.9,158.2,54.3,92.9,136.0,Never,Heavy,Sedentary,Poor,5.6,0
P100217,61,Other,0,0,0,0,0,0,0,23.4,113.0,74.0,95.3,72.8,39.9,20.5,131.9,Former,Rare,Moderate,Balanced,6.8,0
P100218,71,Female,0,1,0,0,1,0,0,21.0,148.0,89.0,78.1,190.9,40.4,151.1,142.4,Never,Rare,Sedentary,Balanced,7.8,0
P100219,48,Male,0,0,0,0,0,0,0,28.9,121.0,85.0,95.1,178.9,35.1,110.0,220.0,Never,Rare,Moderate,Poor,8.2,0
P100220,45,Female,0,0,0,0,1,0,0,25.6,115.0,78.0,,183.4,55.3,151.1,-4.7,Never,Rare,Moderate,Balanced,6.4,0
P100221,59,Male,0,1,0,0,0,0,0,29.3,131.0,86.0,93.5,173.4,41.8,101.4,161.4,Never,Rare,Active,Balanced,8.4,0
P100222,38,Female,0,0,0,0,0,0,0,17.3,107.0,79.0,83.4,,71.7,104.7,176.0,Never,Rare,Moderate,Balanced,6.0,0
P100223,25,Other,0,0,0,0,0,0,0,24.3,105.0,87.0,101.2,181.7,67.1,107.5,128.9,Former,Rare,Moderate,Healthy,5.3,0
P100224,61,Female,0,0,0,0,1,0,0,,122.0,66.0,93.9,201.0,55.1,115.4,151.7,Never,Moderate,Active,Balanced,8.4,0
P100225,67,Male,0,1,0,0,0,0,0,23.5,141.0,88.0,89.8,131.1,47.9,72.9,145.4,Never,Rare,Active,Balanced,7.3,0
P100226,69,Female,0,0,0,0,1,0,0,21.0,119.0,84.0,86.9,196.4,46.5,140.7,218.6,Never,Heavy,Active,Healthy,8.4,0
P100227,53,Male,1,0,0,0,0,0,0,30.0,107.0,71.0,104.9,147.7,67.7,72.8,119.5,Never,Heavy,Sedentary,Poor,6.0,0
P100228,47,Male,0,0,0,0,1,0,0,27.5,106.0,74.0,108.5,,59.5,137.2,104.3,Never,Rare,Moderate,Poor,7.6,1
P100229,55,Male,0,1,1,0,0,0,0,32.8,154.0,91.0,85.0,191.2,53.3,124.7,106.6,Never,Rare,Sedentary,Poor,6.2,0
P100230,39,Male,0,0,1,0,1,0,0,22.7,136.0,67.0,86.6,201.4,25.9,105.2,200.5,Never,Rare,Active,Poor,5.5,0
P100231,26,Female,0,0,0,0,1,0,0,29.3,98.0,69.0,111.8,213.0,54.0,130.2,79.5,Never,Rare,Moderate,Poor,6.4,0
P100232,36,Female,0,0,0,0,1,0,0,26.8,107.0,81.0,97.0,231.7,73.0,171.2,82.5,Never,Rare,Sedentary,Balanced,5.1,0
P100233,74,Male,1,0,0,0,1,0,0,16.4,141.0,84.0,110.2,212.1,47.8,156.5,193.5,Current,Rare,Active,Balanced,8.8,0
P100234,43,Male,1,0,0,0,0,0,0,32.1,114.0,68.0,75.5,124.1,62.7,75.7,154.3,Never,Moderate,Sedentary,Poor,7.3,0
P100235,18,Female,0,0,0,0,0,0,0,25.2,119.0,85.0,99.7,112.4,43.4,75.6,107.6,Never,Rare,Active,Healthy,6.8,0
P100236,36,Male,0,0,0,0,1,0,0,30.4,116.0,89.0,102.4,184.8,37.2,131.6,93.2,Never,Rare,Moderate,Balanced,5.4,0
P100237,56,Male,1,0,0,0,0,0,0,21.9,,77.0,89.5,177.2,,104.8,69.8,Never,Rare,Moderate,Balanced,7.6,0
P100238,52,Female,0,1,0,0,0,0,0,34.1,161.0,97.0,,175.5,54.7,107.4,193.2,Never,Moderate,Active,Healthy,5.4,0
P100239,53,Male,0,0,0,0,1,0,0,23.4,117.0,87.0,94.5,180.1,34.7,133.9,159.4,Never,Heavy,Sedentary,Healthy,6.9,0
P100240,31,Male,0,0,0,0,0,0,0,34.4,135.0,86.0,98.2,169.7,50.2,111.3,31.7,Former,Heavy,Active,Healthy,,0
P100241,52,Male,0,1,0,0,0,0,0,29.8,137.0,93.0,104.1,148.7,16.6,,113.9,Never,Moderate,Moderate,Balanced,6.5,0
P100242,66,Female,0,0,0,0,0,0,0,24.2,131.0,74.0,102.1,185.5,46.7,106.0,153.2,Never,Moderate,Active,Balanced,6.6,0
P100243,42,Female,0,0,0,0,0,0,0,26.0,126.0,70.0,94.5,158.2,47.8,99.0,179.8,Never,Rare,Moderate,Balanced,8.7,0
P100244,68,Female,0,0,0,0,1,0,0,20.8,140.0,65.0,90.7,224.6,73.8,146.8,123.0,Never,Heavy,Sedentary,Poor,7.6,0
P100245,36,Female,0,0,0,0,0,0,0,29.0,111.0,65.0,94.8,128.0,38.3,80.9,67.5,Never,Moderate,Moderate,Healthy,7.5,0
P100246,58,Female,0,0,0,0,0,0,0,16.9,115.0,70.0,99.6,179.3,22.3,114.5,,Current,Moderate,Sedentary,Balanced,,0
P100247,48,Female,0,0,0,0,0,0,0,23.2,123.0,79.0,109.5,160.2,64.0,117.2,,Never,Rare,Moderate,Balanced,4.9,0
P100248,62,Female,1,0,0,1,1,0,0,27.7,126.0,92.0,182.5,212.2,35.1,152.5,180.9,Current,Rare,Sedentary,Balanced,6.0,0
P100249,47,Male,0,0,0,0,0,0,0,32.2,128.0,83.0,94.0,124.8,63.7,55.4,211.8,Never,Rare,Sedentary,Balanced,7.9,0
P100250,73,Male,1,0,0,0,0,0,0,18.9,119.0,76.0,108.8,194.1,40.9,128.5,148.0,Current,Rare,Active,Balanced,8.7,0
P100251,36,Male,0,0,0,0,1,0,0,25.9,104.0,62.0,79.2,205.9,60.7,133.1,198.3,Never,Rare,Moderate,Balanced,7.5,0
P100252,49,Male,0,0,0,0,0,0,0,30.3,136.0,78.0,84.7,165.6,56.5,110.1,172.5,Former,Moderate,Sedentary,Balanced,,0
P100253,39,Male,0,0,0,0,0,0,0,18.8,111.0,78.0,73.0,138.3,30.0,113.2,39.3,Never,Rare,Moderate,Balanced,7.2,0
P100254,58,Female,0,0,0,0,0,0,0,23.9,132.0,66.0,,121.8,52.2,61.1,53.7,Current,Rare,Moderate,Balanced,7.9,1
P100255,34,Female,0,0,0,0,0,0,0,24.4,108.0,88.0,,101.1,46.2,75.8,180.4,Never,Rare,Moderate,Healthy,6.6,0
P100256,48,Female,0,0,0,0,1,0,0,28.2,121.0,77.0,84.8,187.3,,134.3,122.1,Former,Moderate,Active,Balanced,6.3,0
P100257,43,Female,0,0,0,0,0,0,0,23.7,107.0,75.0,90.2,174.3,61.4,121.2,123.8,Never,Moderate,Active,Poor,7.0,0
P100258,33,Male,0,0,0,0,0,0,0,25.8,96.0,79.0,104.1,180.8,21.8,110.9,195.1,Never,Rare,Active,Balanced,8.4,0
P100259,59,Female,0,0,0,1,0,0,0,29.6,129.0,79.0,113.3,153.1,35.8,109.7,184.2,Never,Rare,Active,Healthy,7.8,0
P100260,36,Male,0,0,0,0,0,0,0,25.6,129.0,75.0,82.4,182.2,43.7,117.5,6.9,Current,Rare,Sedentary,Balanced,8.7,0
P100261,64,Male,0,0,0,0,0,0,0,29.4,134.0,74.0,106.6,148.7,,81.3,123.6,Former,Rare,Moderate,Poor,6.4,0
P100262,50,Female,0,0,0,0,0,0,0,33.6,133.0,73.0,73.5,181.9,42.2,99.2,65.1,Never,Rare,Moderate,Balanced,7.4,0
P100263,82,Male,0,1,1,0,0,0,0,29.9,152.0,73.0,108.9,170.6,47.8,115.0,250.1,Never,Moderate,Active,Poor,5.9,0
P100264,39,Female,0,0,0,0,1,0,0,22.8,121.0,70.0,74.2,211.2,48.1,144.5,233.0,Former,Rare,Moderate,Healthy,,0
P100265,37,Male,0,0,0,0,1,0,0,28.9,129.0,83.0,83.3,222.5,55.8,143.1,218.0,Never,Rare,Moderate,Balanced,5.7,0
P100266,48,Male,0,0,0,0,0,0,0,19.4,111.0,71.0,94.0,167.0,34.1,114.3,245.1,Never,Rare,Active,Healthy,8.8,0
P100267,59,Male,0,0,0,0,1,0,0,23.9,122.0,81.0,102.2,221.5,49.6,165.7,126.7,Current,Rare,Active,Balanced,7.5,1
P100268,46,Male,0,0,0,0,1,0,0,24.7,123.0,74.0,94.1,191.8,38.6,141.2,145.1,Never,Rare,Moderate,Balanced,7.5,0
P100269,59,Female,1,0,0,1,0,0,0,37.7,121.0,82.0,185.5,150.6,59.4,72.2,186.2,Current,Rare,Moderate,Poor,7.7,0
P100270,58,Female,1,0,0,1,0,0,0,25.2,126.0,75.0,156.6,183.4,64.2,,191.6,Never,Rare,Active,Balanced,,0
P100271,50,Female,0,1,0,0,1,0,0,26.0,153.0,96.0,76.0,273.3,,177.0,147.2,Current,Rare,Moderate,Balanced,6.8,0
P100272,18,Female,0,0,0,0,0,0,0,29.5,118.0,63.0,110.8,175.4,53.1,106.3,192.5,Never,Moderate,Moderate,Poor,6.6,0
P100273,54,Female,0,0,0,0,0,0,0,26.9,114.0,,66.6,,53.6,97.2,109.0,Current,Rare,Sedentary,Healthy,6.5,0
P100274,53,Female,0,0,0,1,1,0,0,32.7,155.0,76.0,125.6,242.3,49.3,179.0,12.9,Never,Moderate,Moderate,Poor,7.5,0
P100275,48,Male,0,0,0,0,0,0,0,23.3,126.0,81.0,87.2,164.4,21.9,98.8,94.4,Current,Moderate,Sedentary,Balanced,6.8,0
P100276,33,Male,0,0,0,0,0,0,0,26.5,132.0,86.0,,81.7,57.0,53.5,144.3,Never,Rare,Moderate,Balanced,7.9,0
P100277,39,Male,0,0,0,0,0,0,0,27.6,103.0,68.0,93.7,133.4,59.2,109.3,66.3,Never,Moderate,Moderate,Balanced,7.2,0
P100278,49,Other,0,0,0,0,0,0,0,19.7,130.0,76.0,71.6,181.0,62.2,114.3,116.1,Current,Rare,Active,Balanced,5.9,0
P100279,45,Female,0,0,0,0,0,0,0,25.3,114.0,84.0,95.1,164.0,45.5,102.9,,Former,Rare,Moderate,Balanced,5.7,0
P100280,50,Male,0,0,0,0,0,0,0,,111.0,88.0,100.1,136.1,44.3,91.1,74.6,Never,Rare,Sedentary,Balanced,,0
P100281,47,Female,0,0,0,1,0,0,0,33.7,119.0,97.0,117.3,140.9,37.9,101.4,137.2,Never,Moderate,Moderate,Poor,5.4,0
P100282,53,Female,1,0,0,0,0,0,0,24.3,121.0,67.0,109.7,163.1,43.1,86.1,,Never,Rare,Moderate,Balanced,7.8,0
P100283,39,Male,0,0,0,0,1,0,0,27.4,107.0,80.0,92.3,202.3,42.1,95.9,142.2,Former,Moderate,Sedentary,Healthy,5.4,0
P100284,65,Male,1,0,0,0,0,0,0,22.2,117.0,71.0,109.1,129.7,77.5,72.5,225.5,Never,Moderate,Moderate,Balanced,6.1,0
P100285,35,Female,0,0,0,0,0,0,0,21.9,117.0,80.0,99.1,133.4,32.0,108.6,181.7,Former,Heavy,Moderate,Balanced,6.9,1
P100286,18,Female,0,0,0,0,0,0,0,26.3,101.0,82.0,90.6,126.1,51.4,66.6,203.3,Former,Moderate,Sedentary,Balanced,6.5,0
P100287,69,Male,0,0,0,1,1,0,0,29.1,123.0,83.0,73.6,236.1,47.8,127.5,245.7,Never,Rare,Active,Poor,6.3,0
P100288,39,Female,0,0,0,0,1,0,0,30.3,125.0,82.0,99.4,213.3,74.0,142.5,132.3,Never,Rare,Active,Poor,7.8,0
P100289,58,Male,1,0,0,0,0,0,0,,128.0,81.0,95.1,186.0,54.0,108.8,143.0,Never,Heavy,Sedentary,Balanced,7.1,0
P100290,45,Female,0,0,0,0,1,0,0,31.4,125.0,81.0,77.0,201.8,20.6,113.9,48.8,Former,Rare,Moderate,Balanced,5.9,0
P100291,57,Male,0,0,0,0,0,0,0,24.8,120.0,90.0,106.0,158.1,54.4,105.7,17.0,Current,Rare,Moderate,Balanced,7.6,0
P100292,34,Male,0,0,0,0,0,0,0,25.7,115.0,91.0,,187.7,41.7,97.5,-18.6,Never,Rare,Moderate,Poor,5.8,0
P100293,61,Male,0,0,0,0,1,0,0,27.7,120.0,86.0,87.2,181.0,29.8,136.7,123.6,Never,Rare,Active,Healthy,4.8,0
P100294,53,Female,0,0,0,0,1,0,0,24.7,121.0,80.0,104.7,209.4,35.2,143.5,218.7,Never,Moderate,Moderate,Balanced,5.8,0
P100295,49,Female,0,0,0,0,0,0,0,18.7,117.0,78.0,110.8,157.3,57.3,119.5,147.5,Never,Rare,Active,Poor,5.4,0
P100296,72,Male,0,1,0,1,1,0,1,34.2,147.0,93.0,142.9,209.2,62.4,124.2,216.5,Never,Heavy,Moderate,Healthy,5.4,0
P100297,72,Male,0,1,1,0,0,0,0,26.9,151.0,87.0,89.1,145.6,47.9,87.5,107.2,Former,Rare,Moderate,Poor,7.3,0
P100298,46,Male,1,0,0,0,0,0,0,31.6,133.0,86.0,94.5,199.5,40.4,124.1,112.0,Never,Rare,Active,Poor,4.7,0
P100299,65,Female,0,0,0,1,0,0,0,25.3,116.0,91.0,144.4,188.4,43.2,117.5,37.3,Never,Rare,Sedentary,Balanced,6.8,0
P100300,78,Female,0,0,0,0,0,0,0,26.8,139.0,80.0,82.6,185.9,49.7,116.0,136.2,Never,Moderate,Moderate,Healthy,7.4,0
P100301,31,Female,0,0,0,0,0,0,0,19.3,112.0,84.0,110.7,160.7,49.3,91.0,209.4,Former,Moderate,Moderate,Healthy,3.3,0
P100302,46,Male,1,0,0,0,0,0,0,31.7,,92.0,,164.9,58.4,81.8,152.3,Never,Rare,Moderate,Poor,8.6,0
P100303,47,Male,0,0,0,0,1,0,0,34.2,138.0,91.0,80.9,226.7,38.4,153.4,199.8,Never,Rare,Active,Poor,7.5,0
P100304,58,Female,0,0,0,0,1,0,0,,144.0,102.0,95.3,227.5,65.3,138.2,154.3,Former,Moderate,Moderate,Balanced,8.4,0
P100305,55,Male,0,0,1,0,1,0,0,21.3,134.0,83.0,97.7,213.5,38.8,146.3,109.4,Current,Heavy,Sedentary,Balanced,7.0,1
P100306,72,Female,1,0,1,0,0,0,0,28.1,130.0,95.0,105.3,142.0,55.2,95.6,161.1,Never,Rare,Moderate,Balanced,7.3,0
P100307,18,Male,0,0,0,0,0,0,0,31.4,113.0,66.0,95.3,169.9,38.7,108.6,143.9,Former,Heavy,Active,Healthy,7.4,0
P100308,38,Male,0,0,0,0,0,0,0,,111.0,84.0,80.1,150.2,28.6,91.7,109.8,Former,Rare,Sedentary,Poor,7.0,0
P100309,45,Male,0,0,0,0,1,0,0,26.7,127.0,81.0,82.3,200.8,43.9,135.1,97.3,Never,Rare,Moderate,Healthy,8.8,0
P100310,68,Male,0,0,0,0,1,0,0,,136.0,72.0,117.7,233.1,56.2,162.2,191.2,Never,Rare,Moderate,Poor,7.2,0
P100311,66,Female,0,1,1,0,1,0,0,25.2,143.0,96.0,105.8,206.2,61.6,136.6,143.4,Former,Rare,Active,Balanced,7.7,1
P100312,50,Male,0,1,0,0,0,0,0,23.0,134.0,99.0,106.6,181.6,48.7,96.6,129.6,Current,Moderate,Sedentary,Balanced,8.1,0
P100313,58,Male,1,0,0,0,0,0,0,23.8,115.0,72.0,99.6,106.0,29.3,68.3,105.3,Current,Rare,Moderate,Healthy,6.7,0
P100314,56,Female,0,0,0,0,0,0,0,23.1,132.0,88.0,89.9,174.8,27.5,110.8,170.1,Never,Rare,Moderate,Balanced,6.7,0
P100315,45,Female,0,0,0,0,1,0,0,24.4,132.0,80.0,70.7,223.4,49.8,149.4,195.9,Never,Moderate,Moderate,Poor,7.0,0
P100316,57,Male,0,0,0,0,1,0,0,20.7,126.0,77.0,,234.5,,170.2,207.7,Never,Moderate,Active,Balanced,4.4,0
P100317,46,Male,0,0,0,0,0,0,0,26.7,122.0,78.0,101.1,175.7,32.1,106.4,244.3,Never,Rare,Active,Healthy,6.1,0
P100318,84,Female,0,0,0,0,0,0,0,24.4,149.0,77.0,102.6,113.0,52.2,96.8,104.1,Never,Heavy,Moderate,Poor,7.8,0
P100319,73,Female,0,0,1,0,0,0,1,24.7,117.0,89.0,78.4,149.4,57.2,115.9,119.3,Former,Rare,Moderate,Healthy,7.6,0
P100320,50,Male,0,0,0,0,0,0,0,20.1,112.0,79.0,93.3,156.7,32.8,110.8,199.6,Never,Rare,Moderate,Balanced,8.5,0
P100321,63,Male,1,0,0,0,0,0,0,25.3,,84.0,115.3,100.1,56.1,82.5,,Never,Moderate,Moderate,Poor,7.7,0
P100322,83,Male,0,0,0,0,0,0,0,,118.0,76.0,,200.0,54.9,120.9,173.0,Former,Moderate,Active,Poor,,0
P100323,50,Male,0,0,0,0,0,0,0,34.2,126.0,72.0,79.3,169.2,45.7,114.6,220.3,Never,Moderate,Active,Poor,7.4,0
P100324,38,Male,0,0,0,0,0,0,0,30.0,121.0,89.0,81.0,166.3,44.8,105.8,115.4,Never,Moderate,Moderate,Healthy,6.0,0
P100325,57,Female,0,0,0,0,0,0,0,26.1,107.0,,96.6,181.0,50.2,117.2,113.5,Never,Rare,Sedentary,Balanced,6.2,0
P100326,72,Male,0,0,0,0,0,0,0,29.4,121.0,73.0,94.8,,53.8,93.1,72.0,Former,Moderate,Moderate,Healthy,7.8,0
P100327,31,Female,0,0,0,0,0,0,0,23.1,109.0,83.0,112.8,123.1,48.3,52.7,256.6,Never,Moderate,Moderate,Balanced,6.7,0
P100328,50,Female,0,0,0,1,0,0,0,,125.0,86.0,171.2,161.6,55.2,97.0,116.7,Never,Rare,Moderate,Healthy,6.3,0
P100329,41,Male,0,0,0,0,1,0,0,24.7,92.0,85.0,100.5,225.3,45.1,153.1,51.0,Never,Rare,Moderate,Balanced,7.2,0
P100330,54,Female,0,0,0,0,0,0,1,19.4,126.0,67.0,100.9,135.6,20.9,93.5,,Never,Rare,Moderate,Poor,7.2,0
P100331,30,Female,0,1,0,0,1,0,0,33.6,121.0,83.0,114.5,192.3,49.9,139.1,149.3,Never,Rare,Moderate,Poor,10.0,0
P100332,34,Male,0,0,0,0,0,0,0,15.6,107.0,74.0,105.2,,43.7,84.6,171.4,Current,Rare,Sedentary,Balanced,4.0,0
P100333,90,Male,0,0,0,0,0,0,0,18.8,140.0,81.0,101.9,184.5,45.3,114.3,171.1,Never,Rare,Active,Healthy,8.9,0
P100334,42,Male,0,0,0,0,0,0,0,24.8,127.0,74.0,88.8,139.9,,78.3,,Current,Rare,Sedentary,Healthy,6.4,0
P100335,41,Female,0,0,0,0,1,0,0,28.4,112.0,76.0,83.0,,51.0,130.9,170.7,Never,Rare,Moderate,Poor,5.7,0
P100336,62,Female,0,1,1,0,1,1,0,27.6,132.0,90.0,,220.9,61.6,170.3,127.4,Never,Rare,Sedentary,Poor,7.4,0
P100337,35,Female,0,0,0,0,1,0,0,26.7,95.0,71.0,100.8,218.5,64.3,148.6,239.4,Current,Moderate,Sedentary,Balanced,4.8,0
P100338,61,Female,0,0,0,0,0,0,0,25.1,113.0,69.0,104.0,176.4,54.2,94.5,90.8,Never,Moderate,Moderate,Poor,6.2,0
P100339,67,Female,0,0,0,0,1,1,0,19.4,119.0,97.0,90.0,217.3,48.7,130.4,152.5,Current,Rare,Sedentary,Healthy,8.3,0
P100340,62,Male,0,0,0,0,0,1,0,26.4,123.0,76.0,89.5,117.3,46.8,81.1,172.6,Never,Rare,Moderate,Poor,6.7,0
P100341,40,Male,0,0,0,0,0,0,0,27.4,122.0,77.0,69.0,179.8,46.3,114.2,172.8,Current,Heavy,Moderate,Balanced,6.0,0
P100342,38,Female,0,0,0,0,0,0,0,24.4,113.0,69.0,98.0,143.9,63.8,104.9,174.8,Former,Rare,Active,Healthy,8.5,0
P100343,75,Female,0,0,0,0,1,0,0,14.0,119.0,61.0,82.4,223.4,59.7,154.7,165.8,Current,Moderate,Moderate,Poor,8.6,0
P100344,53,Female,0,0,0,0,1,0,0,27.2,134.0,77.0,103.8,,47.1,119.8,99.6,Never,Rare,Sedentary,Balanced,7.7,0
P100345,70,Male,0,0,0,1,1,0,0,32.4,151.0,97.0,161.8,214.5,47.6,172.1,29.9,Never,Moderate,Sedentary,Balanced,6.8,0
P100346,62,Female,0,0,0,0,0,0,0,24.9,144.0,71.0,123.7,146.6,61.2,106.7,99.8,Former,Rare,Moderate,Balanced,7.7,0
P100347,44,Female,1,0,0,1,0,0,0,31.2,121.0,93.0,147.2,167.2,60.1,116.2,161.5,Current,Rare,Active,Healthy,6.4,0
P100348,51,Male,0,0,0,0,1,0,0,14.0,104.0,76.0,,228.6,29.7,167.5,,Current,Rare,Sedentary,Balanced,6.6,0
P100349,35,Male,0,0,0,0,1,0,0,24.3,123.0,75.0,110.1,168.2,29.1,152.7,,Current,Rare,Sedentary,Balanced,7.1,0
P100350,49,Male,0,1,0,0,1,0,0,33.2,157.0,88.0,73.8,172.3,46.7,134.7,174.2,Never,Moderate,Moderate,Healthy,8.4,0
P100351,35,Female,0,0,0,0,0,0,0,26.4,124.0,74.0,77.3,148.6,52.5,88.7,196.4,Never,Rare,Moderate,Healthy,6.1,0
P100352,69,Female,0,0,0,0,0,0,0,23.3,,76.0,99.0,157.8,40.7,91.0,117.7,Former,Rare,Active,Balanced,5.6,0
P100353,62,Male,1,0,0,0,0,0,0,28.0,134.0,80.0,118.8,163.3,31.1,87.5,205.7,Never,Moderate,Moderate,Balanced,7.0,0
P100354,71,Male,1,0,0,0,1,0,0,21.7,133.0,73.0,,205.9,,132.1,109.1,Never,Moderate,Active,Poor,8.2,0
P100355,66,Female,0,0,0,0,1,0,0,28.0,134.0,80.0,101.0,189.1,51.9,134.7,129.8,Never,Rare,Moderate,Balanced,8.0,0
P100356,45,Male,0,0,0,0,0,0,0,32.6,126.0,81.0,80.1,125.7,34.0,87.1,183.1,Never,Rare,Sedentary,Balanced,6.5,0
P100357,39,Male,0,0,0,0,0,0,0,25.3,134.0,83.0,66.4,167.6,31.7,108.9,118.1,Former,Moderate,Active,Balanced,5.0,0
P100358,42,Female,0,0,0,1,1,0,0,26.3,127.0,73.0,188.6,199.9,40.6,143.7,235.9,Never,Moderate,Sedentary,Balanced,8.2,0
P100359,70,Female,0,0,0,0,1,0,0,27.1,149.0,81.0,112.1,244.7,44.7,147.7,143.0,Never,Rare,Active,Poor,6.9,0
P100360,59,Female,0,0,0,0,0,0,0,,118.0,69.0,96.1,155.6,35.3,93.7,53.9,Never,Heavy,Moderate,Balanced,6.6,0
P100361,54,Male,0,0,0,0,0,0,0,21.0,137.0,77.0,77.5,146.5,48.5,119.9,124.2,Never,Moderate,Sedentary,Balanced,8.0,0
P100362,67,Other,0,1,0,0,0,0,0,33.1,157.0,84.0,134.3,150.4,44.3,120.5,176.0,Never,Moderate,Sedentary,Balanced,7.7,0
P100363,35,Female,0,0,0,0,0,0,0,19.9,116.0,65.0,94.2,168.1,39.5,105.0,163.1,Former,Moderate,Sedentary,Healthy,7.9,0
P100364,48,Female,0,0,0,0,0,0,0,23.9,137.0,74.0,100.7,152.7,37.7,109.0,59.5,Never,Moderate,Sedentary,Balanced,6.4,0
P100365,72,Male,0,0,0,0,1,0,0,21.0,136.0,87.0,105.5,183.3,56.8,132.0,101.6,Never,Rare,Sedentary,Balanced,8.3,0
P100366,28,Male,0,0,0,0,0,0,0,22.1,106.0,87.0,112.7,103.2,34.3,63.4,219.8,Never,Rare,Sedentary,Poor,7.6,0
P100367,37,Female,1,0,0,0,1,0,0,24.6,121.0,83.0,93.1,211.8,83.8,152.8,80.2,Never,Rare,Active,Balanced,8.4,0
P100368,71,Male,0,1,0,0,0,0,0,34.8,148.0,94.0,91.0,166.7,67.1,106.9,266.6,Never,Rare,Sedentary,Poor,5.7,0
P100369,50,Female,0,0,0,0,1,0,0,27.9,,75.0,100.4,218.8,63.8,119.2,121.2,Current,Rare,Moderate,Balanced,4.4,0
P100370,18,Female,0,0,0,0,0,0,0,31.3,112.0,86.0,96.1,128.9,31.8,96.3,122.2,Current,Rare,Sedentary,Balanced,7.8,0
P100371,36,Male,0,0,0,0,0,0,0,30.2,117.0,77.0,84.8,192.7,72.5,119.4,125.8,Never,Moderate,Moderate,Healthy,4.6,0
P100372,76,Male,0,0,0,1,0,0,0,,143.0,66.0,123.2,93.1,63.0,68.8,151.8,Never,Rare,Active,Poor,8.2,0
P100373,59,Female,0,0,0,0,1,0,0,20.2,136.0,70.0,109.9,201.5,56.3,171.1,245.2,Former,Rare,Moderate,Balanced,8.3,0
P100374,54,Male,0,0,0,0,0,0,0,30.0,111.0,78.0,90.6,169.4,59.0,118.6,24.0,Never,Rare,Moderate,Poor,6.0,0
P100375,44,Female,0,0,0,0,0,0,0,26.1,123.0,74.0,94.2,173.7,38.2,116.7,,Never,Rare,Moderate,Balanced,,0
P100376,45,Male,0,1,0,0,1,0,0,33.9,128.0,92.0,92.4,167.7,33.1,136.9,237.6,Never,Rare,Sedentary,Poor,7.4,0
P100377,54,Female,0,0,0,0,1,0,0,25.3,123.0,77.0,89.9,192.3,69.0,,202.6,Never,Moderate,Moderate,Healthy,5.6,0
P100378,32,Male,0,0,0,0,0,0,0,25.5,115.0,84.0,103.7,154.3,31.8,103.6,180.0,Never,Rare,Moderate,Balanced,6.8,0
P100379,85,Male,0,1,0,0,0,0,0,20.0,162.0,85.0,,197.4,33.6,105.0,109.5,Never,Moderate,Moderate,Balanced,6.1,0
P100380,60,Female,0,0,0,0,0,0,0,22.9,131.0,74.0,86.3,180.1,65.0,93.1,176.4,Never,Rare,Sedentary,Balanced,6.7,0
P100381,49,Female,0,0,0,0,1,0,0,,111.0,65.0,98.6,233.9,31.5,167.3,103.7,Never,Moderate,Moderate,Poor,6.9,0
P100382,38,Male,0,0,0,0,1,0,0,20.5,114.0,78.0,102.2,188.9,55.0,145.0,170.9,Current,Rare,Moderate,Balanced,6.9,0
P100383,37,Female,0,0,0,0,0,0,0,17.7,110.0,64.0,100.5,129.9,52.3,109.5,,Never,Rare,Moderate,Healthy,4.7,0
P100384,85,Female,0,0,0,0,0,1,0,25.1,148.0,77.0,110.2,169.2,37.8,86.5,189.5,Former,Rare,Moderate,Balanced,7.7,0
P100385,53,Male,0,0,0,0,0,0,0,23.7,119.0,76.0,74.2,157.9,42.5,103.5,115.9,Former,Rare,Moderate,Balanced,6.9,0
P100386,79,Male,0,0,0,0,0,0,0,21.7,144.0,78.0,82.9,130.0,26.0,76.7,82.1,Never,Rare,Moderate,Healthy,7.7,0
P100387,28,Male,0,0,0,0,0,0,0,18.6,99.0,80.0,103.4,165.5,45.8,119.4,-49.8,Never,Moderate,Active,Healthy,8.1,0
P100388,40,Male,0,0,0,0,1,0,0,26.7,127.0,82.0,113.6,194.4,49.7,137.1,121.0,Never,Heavy,Active,Balanced,8.1,0
P100389,60,Male,0,0,0,0,0,0,0,24.9,130.0,79.0,112.2,145.1,38.2,83.4,134.0,Never,Moderate,Active,Poor,7.1,0
P100390,54,Other,0,0,0,0,0,0,0,28.5,123.0,79.0,116.7,142.2,53.3,86.4,145.0,Former,Rare,Active,Balanced,7.8,0
P100391,90,Male,0,0,0,0,1,0,0,16.6,137.0,81.0,,190.2,62.0,143.7,178.0,Former,Rare,Sedentary,Healthy,5.2,0
P100392,48,Male,0,0,0,1,0,0,0,27.5,111.0,75.0,124.7,79.4,71.3,26.1,141.9,Current,Rare,Moderate,Poor,8.0,0
P100393,65,Female,0,0,0,0,0,0,0,18.4,119.0,72.0,86.4,159.1,26.4,95.1,122.1,Current,Rare,Moderate,Balanced,7.7,0
P100394,47,Female,0,0,0,0,1,0,0,28.7,126.0,90.0,119.8,187.7,70.0,145.7,154.2,Never,Rare,Sedentary,Healthy,6.7,0
P100395,54,Male,0,0,0,0,0,0,0,26.4,116.0,77.0,96.2,144.2,38.5,101.5,100.5,Never,Moderate,Sedentary,Healthy,5.8,0
P100396,42,Male,1,0,0,0,0,0,0,29.9,128.0,77.0,101.6,193.6,36.4,98.8,54.5,Never,Rare,Moderate,Balanced,6.2,0
P100397,72,Female,0,0,0,1,0,0,0,25.4,,67.0,144.7,164.6,58.2,93.3,125.6,Never,Moderate,Moderate,Healthy,,0
P100398,50,Male,0,0,0,0,1,0,0,23.5,134.0,75.0,99.2,219.7,60.9,128.5,208.7,Never,Moderate,Moderate,Healthy,6.0,0
P100399,59,Female,1,1,0,0,1,0,0,30.1,118.0,88.0,102.6,253.5,47.6,165.7,,Former,Moderate,Moderate,Poor,5.8,0
P100400,66,Male,0,0,0,0,0,0,0,36.2,,73.0,83.4,187.6,59.1,124.3,79.3,Former,Moderate,Active,Healthy,7.4,0
P100401,60,Male,0,1,0,0,1,0,0,26.0,140.0,94.0,78.1,193.1,51.4,130.8,,Never,Moderate,Sedentary,Poor,7.8,0
P100402,57,Male,0,0,0,0,1,0,0,33.4,129.0,69.0,99.7,175.9,,144.0,195.0,Never,Rare,Active,Balanced,8.9,0
P100403,52,Female,0,1,0,0,1,0,0,27.7,161.0,81.0,99.3,216.4,50.9,151.6,156.0,Never,Moderate,Sedentary,Healthy,7.2,0
P100404,73,Female,0,0,0,0,0,0,0,20.4,134.0,77.0,71.3,137.0,53.2,61.3,81.9,Never,Rare,Active,Poor,5.7,0
P100405,60,Male,0,1,0,0,1,0,0,32.2,147.0,75.0,109.3,,53.5,157.6,100.8,Former,Moderate,Moderate,Balanced,7.4,0
P100406,59,Female,0,0,0,0,1,0,0,19.9,138.0,69.0,104.9,164.0,57.1,136.1,114.9,Never,Rare,Moderate,Balanced,7.2,0
P100407,55,Female,0,0,0,0,0,0,0,26.2,136.0,70.0,90.7,147.3,46.8,91.6,190.0,Never,Rare,Moderate,Healthy,8.8,0
P100408,42,Female,0,0,0,0,1,0,0,29.0,128.0,77.0,105.1,169.5,76.4,138.3,133.4,Never,Rare,Moderate,Poor,7.0,0
P100409,44,Female,0,0,0,0,0,0,0,34.5,128.0,76.0,95.6,151.3,66.6,113.0,70.9,Never,Rare,Active,Poor,6.7,0
P100410,90,Female,1,0,0,0,1,0,0,24.9,156.0,93.0,81.0,194.2,51.4,153.9,244.7,Former,Rare,Sedentary,Balanced,7.2,0
P100411,66,Male,0,1,0,0,1,0,0,30.7,152.0,83.0,112.3,215.7,58.6,148.4,212.4,Never,Rare,Moderate,Poor,5.8,0
P100412,37,Male,1,0,0,0,0,0,0,32.2,102.0,88.0,92.5,190.8,55.5,119.8,189.1,Never,Rare,Sedentary,Balanced,7.3,0
P100413,35,Male,0,0,0,0,1,0,0,23.2,97.0,78.0,86.4,206.1,58.1,146.8,112.2,Current,Rare,Moderate,Balanced,8.7,0
P100414,35,Female,0,0,0,0,0,0,0,18.8,103.0,83.0,82.6,118.2,55.1,82.0,181.8,Former,Rare,Moderate,Healthy,7.2,1
P100415,39,Male,1,0,0,0,1,0,0,20.2,100.0,89.0,100.0,258.4,63.6,205.7,95.2,Never,Moderate,Moderate,Balanced,8.4,0
P100416,32,Female,0,0,0,0,1,0,0,21.4,94.0,83.0,62.2,198.6,55.6,163.3,114.3,Former,Rare,Moderate,Poor,7.8,0
P100417,59,Male,0,0,0,0,0,0,0,34.3,,79.0,103.5,160.8,61.1,121.7,76.0,Never,Rare,Sedentary,Poor,7.7,0
P100418,28,Male,0,0,0,0,0,0,0,25.5,93.0,77.0,97.2,88.5,46.9,84.9,212.7,Former,Rare,Active,Balanced,8.4,0
P100419,41,Female,0,0,0,0,0,0,0,31.4,114.0,82.0,106.9,149.7,50.7,83.4,96.0,Never,Heavy,Sedentary,Balanced,8.0,0
P100420,44,Male,1,0,0,0,0,0,0,27.5,102.0,75.0,99.2,159.8,42.3,115.3,128.6,Former,Moderate,Active,Healthy,9.0,0
P100421,43,Male,0,0,0,0,1,0,0,19.3,121.0,80.0,90.2,205.8,54.7,149.0,17.7,Never,Heavy,Sedentary,Balanced,5.9,0
P100422,52,Male,0,0,0,1,0,0,0,29.4,139.0,72.0,161.6,177.5,66.0,105.0,137.0,Never,Moderate,Sedentary,Balanced,9.3,0
P100423,56,Male,0,0,0,0,0,0,0,21.7,121.0,77.0,100.5,123.1,34.4,82.2,107.3,Current,Heavy,Active,Balanced,6.1,0
P100424,56,Female,0,0,0,0,0,0,0,,108.0,78.0,91.9,128.7,52.6,87.5,183.3,Never,Heavy,Moderate,Poor,9.0,0
P100425,70,Male,0,0,0,0,0,0,0,23.7,123.0,73.0,86.8,140.1,55.1,76.9,195.7,Former,Moderate,Active,Balanced,7.7,0
P100426,71,Female,0,0,0,0,1,0,0,20.1,138.0,76.0,93.1,198.2,66.9,139.3,,Never,Rare,Moderate,Balanced,6.0,0
P100427,65,Female,0,0,0,0,0,0,0,31.1,126.0,75.0,92.0,137.6,45.5,101.5,227.6,Never,Rare,Active,Balanced,6.1,0
P100428,29,Male,0,0,0,0,0,0,0,32.0,104.0,75.0,94.6,187.2,13.7,129.2,230.6,Current,Rare,Sedentary,Balanced,6.3,0
P100429,29,Female,0,0,0,0,1,0,0,29.8,115.0,66.0,75.8,201.5,65.3,171.8,317.8,Former,Rare,Sedentary,Poor,7.9,0
P100430,56,Female,0,0,0,0,0,0,0,28.5,,86.0,78.0,192.7,44.4,94.3,203.2,Never,Rare,Moderate,Balanced,7.8,0
P100431,57,Female,0,0,0,0,0,0,0,26.7,145.0,70.0,,157.5,49.4,117.7,,Never,Rare,Moderate,Healthy,7.0,1
P100432,46,Female,0,1,0,0,0,0,0,,155.0,93.0,94.5,144.5,52.8,98.1,180.1,Never,Moderate,Moderate,Balanced,6.8,0
P100433,58,Female,0,1,0,1,0,0,0,,137.0,83.0,108.0,143.4,44.9,102.7,105.8,Never,Moderate,Active,Balanced,4.8,0
P100434,48,Male,0,0,0,0,1,0,0,26.5,133.0,84.0,,190.7,54.4,134.5,109.1,Never,Rare,Moderate,Poor,,0
P100435,19,Male,0,0,0,0,1,0,0,18.7,88.0,81.0,110.4,162.8,33.6,130.4,159.5,Never,Rare,Active,Balanced,5.4,0
P100436,53,Male,0,0,0,0,1,0,0,31.4,132.0,89.0,90.3,234.2,46.3,134.6,222.5,Never,Rare,Sedentary,Healthy,7.7,0
P100437,59,Female,0,1,0,0,0,0,0,22.0,117.0,73.0,105.7,99.6,50.0,55.3,78.9,Never,Rare,Active,Poor,6.9,0
P100438,80,Male,0,0,0,0,0,1,1,18.6,,72.0,,132.2,50.4,50.7,203.7,Never,Moderate,Sedentary,Balanced,6.1,1
P100439,83,Male,0,1,0,0,0,0,0,33.8,164.0,89.0,95.0,152.3,51.5,104.7,91.2,Never,Moderate,Sedentary,Poor,7.4,0
P100440,48,Male,0,1,0,0,0,0,0,32.1,145.0,82.0,86.4,,48.2,91.7,73.9,Never,Moderate,Active,Healthy,7.6,0
P100441,63,Male,0,0,0,0,1,0,0,,128.0,71.0,96.0,,45.0,168.8,63.6,Current,Rare,Moderate,Poor,7.5,0
P100442,54,Female,0,0,0,0,1,0,0,31.8,145.0,90.0,95.0,218.7,48.6,137.2,204.4,Never,Rare,Moderate,Balanced,6.9,0
P100443,61,Female,0,0,0,1,0,0,0,25.6,138.0,84.0,116.6,183.9,57.0,99.2,87.6,Never,Moderate,Moderate,Poor,6.8,1
P100444,36,Female,0,0,0,0,0,0,0,25.0,114.0,82.0,103.7,186.0,68.2,118.4,153.2,Former,Moderate,Moderate,Balanced,8.3,0
P100445,30,Female,0,0,0,0,0,0,0,20.9,98.0,80.0,88.1,164.3,61.3,115.9,42.6,Never,Moderate,Moderate,Balanced,,0
P100446,60,Male,0,0,0,0,0,0,0,21.1,128.0,75.0,72.5,153.6,74.8,113.8,198.2,Never,Rare,Moderate,Balanced,8.2,0
P100447,58,Female,0,0,0,0,1,0,0,34.9,141.0,78.0,91.6,219.7,40.7,131.9,221.3,Never,Rare,Sedentary,Poor,,0
P100448,23,Male,0,0,0,0,0,0,0,32.3,116.0,80.0,96.2,176.4,68.5,79.5,-20.3,Never,Rare,Active,Balanced,6.4,0
P100449,60,Male,0,1,0,1,1,0,1,27.6,142.0,82.0,105.7,200.3,58.0,163.3,89.0,Current,Rare,Sedentary,Poor,6.6,0
P100450,38,Male,0,1,1,1,0,0,0,31.2,118.0,77.0,148.9,106.4,48.1,,43.3,Never,Rare,Moderate,Poor,6.5,0
P100451,49,Female,0,0,0,0,1,0,0,26.5,133.0,80.0,84.3,224.0,59.3,119.2,,Never,Moderate,Moderate,Balanced,9.0,0
P100452,58,Male,0,0,0,0,0,0,0,29.4,127.0,78.0,81.6,119.1,56.0,73.5,267.5,Current,Rare,Active,Healthy,8.0,0
P100453,43,Female,0,0,0,0,0,0,0,34.7,126.0,72.0,89.8,154.9,38.0,106.4,117.2,Never,Moderate,Active,Poor,7.5,0
P100454,47,Female,0,0,0,0,0,0,0,32.4,129.0,82.0,82.1,117.5,47.1,76.2,95.8,Never,Rare,Moderate,Poor,8.2,0
P100455,60,Female,0,0,0,0,0,0,0,23.8,130.0,80.0,98.2,186.0,39.9,105.4,92.8,Never,Heavy,Sedentary,Balanced,7.6,0
P100456,36,Female,1,0,0,0,0,0,0,22.5,116.0,81.0,91.1,,69.7,,102.9,Never,Rare,Active,Poor,5.8,0
P100457,73,Male,0,0,0,0,0,0,0,29.9,143.0,73.0,93.3,174.3,54.8,72.8,111.2,Current,Moderate,Active,Healthy,7.1,0
P100458,26,Female,0,0,0,0,1,0,0,28.7,104.0,78.0,88.7,240.8,48.9,167.0,119.8,Never,Rare,Moderate,Poor,8.6,0
P100459,38,Female,0,0,0,0,0,0,0,26.9,95.0,82.0,82.8,142.7,34.0,91.5,28.3,Former,Moderate,Sedentary,Balanced,7.1,0
P100460,62,Female,0,0,0,0,0,0,0,30.6,117.0,94.0,114.8,189.6,52.0,100.3,144.0,Never,Rare,Sedentary,Balanced,9.3,0
P100461,28,Female,0,0,0,0,0,0,0,24.6,104.0,71.0,88.8,150.1,54.1,110.8,161.8,Never,Rare,Moderate,Healthy,5.3,0
P100462,59,Male,0,0,0,0,0,0,0,24.6,127.0,75.0,103.2,183.8,,129.2,162.6,Former,Rare,Moderate,Poor,6.2,0
P100463,49,Female,0,0,0,0,0,0,0,32.0,130.0,91.0,95.0,160.0,48.9,117.3,124.7,Former,Rare,Sedentary,Balanced,7.0,0
P100464,42,Male,1,0,0,0,0,0,0,19.5,,84.0,83.0,160.3,52.7,88.6,71.2,Never,Rare,Active,Healthy,4.6,0
P100465,54,Male,0,0,0,0,0,0,0,19.8,120.0,75.0,107.3,192.2,56.2,,163.0,Current,Moderate,Moderate,Poor,,0
P100466,47,Female,1,0,0,0,0,0,0,25.6,126.0,58.0,93.8,80.6,73.3,43.2,115.8,Never,Rare,Sedentary,Balanced,6.9,0
P100467,59,Male,0,0,0,0,0,0,0,27.2,122.0,69.0,93.1,,48.2,108.7,,Never,Rare,Moderate,Balanced,6.0,0
P100468,61,Other,0,1,0,0,0,0,0,26.3,130.0,84.0,67.2,161.9,66.8,109.2,164.9,Never,Rare,Moderate,Poor,,0
P100469,61,Male,0,0,0,0,0,0,0,25.0,129.0,68.0,79.4,156.4,66.8,96.6,217.8,Never,Rare,Active,Healthy,7.4,0
P100470,53,Female,0,0,0,0,0,0,0,19.7,125.0,77.0,91.7,177.6,43.8,128.8,270.5,Never,Rare,Moderate,Healthy,6.2,0
P100471,47,Male,1,0,0,0,0,0,0,24.5,129.0,77.0,83.5,138.0,45.9,84.8,173.3,Never,Rare,Moderate,Balanced,5.5,0
P100472,41,Male,0,0,0,0,0,0,0,32.8,126.0,82.0,101.9,122.3,49.9,98.6,103.4,Never,Rare,Active,Balanced,7.3,0
P100473,55,Female,0,0,0,0,0,0,0,28.2,115.0,75.0,89.5,163.6,46.3,97.0,132.5,Former,Rare,Moderate,Poor,6.2,0
P100474,44,Male,0,0,0,0,0,0,0,25.6,116.0,74.0,88.5,,46.4,123.7,123.8,Never,Heavy,Active,Poor,6.7,0
P100475,58,Male,0,0,0,1,0,0,0,28.3,,80.0,160.8,125.6,72.8,81.9,171.0,Never,Moderate,Active,Balanced,7.0,0
P100476,38,Male,0,1,0,0,0,0,0,,122.0,73.0,103.8,100.2,35.4,56.7,138.6,Never,Moderate,Moderate,Healthy,7.5,0
P100477,51,Female,0,0,0,0,1,0,0,23.5,131.0,74.0,76.7,221.8,35.4,123.8,227.8,Never,Rare,Moderate,Healthy,8.7,0
P100478,23,Female,0,0,0,0,0,0,0,29.2,,94.0,107.5,70.0,32.5,22.3,143.6,Former,Rare,Moderate,Healthy,9.3,0
P100479,73,Male,0,0,0,0,0,0,0,25.5,136.0,75.0,87.3,194.2,,116.9,153.2,Never,Moderate,Sedentary,Poor,6.7,0
P100480,75,Female,1,0,0,0,1,0,1,,132.0,69.0,109.7,214.2,48.5,176.5,182.2,Never,Rare,Moderate,Healthy,6.2,0
P100481,60,Female,0,0,0,0,0,0,0,26.5,118.0,87.0,99.8,175.2,57.3,118.9,97.3,Never,Rare,Active,Balanced,7.2,0
P100482,48,Male,0,0,0,0,1,0,0,24.6,132.0,79.0,104.5,202.7,64.2,140.1,,Never,Rare,Moderate,Balanced,5.7,0
P100483,65,Female,0,0,0,0,0,0,0,18.5,119.0,78.0,91.2,194.0,61.3,128.3,-20.8,Never,Moderate,Moderate,Balanced,6.9,0
P100484,53,Female,0,0,0,1,0,0,0,35.6,121.0,79.0,191.7,133.3,63.0,96.8,132.2,Never,Heavy,Sedentary,Balanced,6.4,0
P100485,24,Female,0,0,0,0,0,0,0,23.4,101.0,81.0,93.2,94.9,49.8,85.6,208.5,Never,Rare,Moderate,Balanced,8.1,0
P100486,38,Female,0,0,0,0,0,0,0,26.5,129.0,81.0,96.3,174.1,39.0,97.4,197.6,Never,Rare,Moderate,Poor,8.2,0
P100487,53,Male,0,0,0,0,1,0,0,,133.0,85.0,79.0,221.6,38.0,150.6,119.9,Former,Rare,Moderate,Balanced,6.8,0
P100488,54,Male,0,0,0,0,1,0,0,25.5,112.0,77.0,80.5,197.2,46.5,135.3,164.1,Current,Moderate,Moderate,Balanced,6.5,0
P100489,45,Female,0,0,1,0,0,0,0,29.3,127.0,82.0,97.8,113.3,65.7,70.5,250.6,Never,Moderate,Moderate,Balanced,9.2,0
P100490,42,Female,0,0,0,0,0,0,0,24.6,123.0,85.0,75.1,137.2,72.4,86.0,91.2,Never,Moderate,Active,Poor,7.4,0
P100491,63,Female,0,0,0,0,0,0,0,27.9,130.0,82.0,96.0,185.2,40.1,109.0,106.2,Never,Moderate,Active,Healthy,7.3,0
P100492,43,Female,0,0,0,1,0,0,0,30.5,121.0,80.0,139.5,159.7,40.7,91.9,243.4,Never,Rare,Sedentary,Balanced,5.8,1
P100493,66,Female,0,1,0,0,1,0,0,28.5,156.0,95.0,84.3,195.3,28.5,140.0,126.5,Never,Rare,Moderate,Healthy,7.5,0
P100494,63,Male,0,1,0,0,0,0,0,25.0,133.0,65.0,71.4,189.8,52.7,124.1,142.6,Never,Rare,Sedentary,Healthy,8.0,0
P100495,51,Female,0,0,0,0,1,0,0,23.9,114.0,,91.4,201.5,51.3,135.3,115.1,Never,Rare,Sedentary,Healthy,5.0,0
P100496,87,Female,0,1,0,1,1,0,0,33.3,152.0,79.0,136.3,218.2,57.7,167.5,175.9,Never,Rare,Moderate,Balanced,5.1,0
P100497,61,Male,0,0,0,0,0,0,0,24.2,130.0,82.0,97.9,98.8,68.0,69.1,148.3,Never,Rare,Moderate,Balanced,6.9,0
P100498,74,Male,1,0,1,0,1,1,0,28.3,120.0,65.0,96.6,206.2,35.4,109.3,23.4,Never,Rare,Sedentary,Healthy,7.1,0
P100499,71,Female,0,0,0,0,0,0,0,26.4,139.0,89.0,84.8,162.1,60.8,98.8,149.0,Never,Moderate,Moderate,Poor,5.4,0
P100500,41,Male,0,0,0,0,0,0,0,28.1,106.0,75.0,91.9,171.7,43.0,123.2,189.0,Never,Rare,Sedentary,Balanced,7.5,0
P100501,47,Male,0,0,0,0,0,0,0,,120.0,80.0,100.7,175.5,62.4,85.0,,Never,Rare,Moderate,Balanced,4.0,0
P100502,26,Male,0,0,0,0,1,0,0,,99.0,86.0,91.6,187.1,47.3,149.8,202.8,Never,Rare,Moderate,Balanced,5.2,0
P100503,61,Female,0,0,0,0,1,0,0,29.5,126.0,84.0,95.5,173.1,43.3,154.5,62.5,Former,Rare,Moderate,Healthy,7.3,0
P100504,56,Male,1,0,0,0,0,0,0,23.7,133.0,,76.3,122.9,55.9,84.7,199.0,Never,Rare,Active,Healthy,6.0,0
P100505,32,Male,0,0,0,0,1,0,0,,110.0,81.0,101.9,216.0,50.3,141.8,196.0,Never,Heavy,Moderate,Poor,6.8,0
P100506,44,Male,1,0,0,0,1,0,0,17.9,110.0,81.0,92.6,199.6,42.3,133.7,66.6,Never,Rare,Active,Balanced,8.3,0
P100507,54,Male,0,0,0,0,0,0,0,29.9,125.0,79.0,90.5,186.8,53.3,118.6,197.3,Never,Moderate,Moderate,Balanced,5.9,0
P100508,78,Male,0,1,1,0,0,1,0,22.6,129.0,81.0,93.6,121.0,45.2,84.1,215.2,Former,Rare,Moderate,Balanced,7.8,0
P100509,37,Female,0,0,0,0,0,0,0,28.7,111.0,69.0,108.9,151.5,55.0,71.4,83.5,Former,Rare,Moderate,Balanced,6.8,0
P100510,43,Male,0,0,0,0,1,0,0,24.0,122.0,76.0,119.4,203.6,57.5,167.0,108.9,Former,Moderate,Moderate,Balanced,7.3,0
P100511,41,Other,0,0,0,0,0,0,0,24.3,113.0,72.0,91.8,170.2,41.7,114.4,154.1,Former,Rare,Moderate,Poor,7.1,0
P100512,70,Female,0,1,0,0,0,0,0,29.5,134.0,88.0,88.9,145.8,16.5,106.7,240.2,Never,Rare,Moderate,Balanced,4.9,0
P100513,60,Female,0,0,0,0,0,0,0,24.8,115.0,75.0,93.3,159.9,33.7,108.6,98.1,Current,Rare,Moderate,Balanced,9.8,0
P100514,31,Male,0,0,0,0,1,0,0,34.3,123.0,82.0,101.0,160.6,58.6,132.9,60.1,Never,Moderate,Moderate,Poor,8.4,0
P100515,55,Male,0,0,0,0,0,0,0,28.9,135.0,73.0,86.9,154.5,51.1,108.8,78.5,Never,Rare,Moderate,Balanced,5.7,0
P100516,61,Female,0,0,0,1,0,0,0,30.8,134.0,75.0,204.3,182.4,55.3,123.5,155.7,Never,Moderate,Active,Balanced,4.9,0
P100517,60,Female,0,1,1,1,0,0,0,28.4,135.0,98.0,164.6,174.9,33.6,107.6,,Former,Rare,Moderate,Balanced,7.4,0
P100518,56,Female,1,1,0,0,0,0,0,30.5,121.0,88.0,96.8,134.9,65.6,81.2,108.3,Never,Rare,Moderate,Balanced,7.4,1
P100519,54,Male,0,1,0,0,0,0,0,28.9,137.0,84.0,,142.2,52.4,101.6,110.2,Never,Moderate,Active,Poor,7.1,0
P100520,33,Female,1,0,0,1,1,0,0,33.1,133.0,83.0,136.6,202.5,51.8,108.7,13.1,Never,Rare,Moderate,Balanced,5.6,0
P100521,18,Female,0,0,0,0,0,0,0,22.8,108.0,79.0,85.2,167.4,53.2,114.2,97.9,Former,Rare,Active,Poor,7.5,0
P100522,62,Female,0,0,0,0,0,0,0,21.1,152.0,74.0,91.9,172.8,59.4,102.7,129.7,Never,Rare,Sedentary,Healthy,7.1,0
P100523,54,Female,0,0,0,0,0,0,0,29.2,148.0,82.0,114.9,143.4,44.5,77.1,156.4,Never,Rare,Moderate,Balanced,7.1,0
P100524,71,Female,0,1,1,1,0,0,0,30.7,165.0,93.0,133.9,179.2,42.7,110.8,174.6,Never,Rare,Sedentary,Balanced,8.0,1
P100525,27,Female,0,0,0,0,0,0,0,17.6,105.0,67.0,81.2,189.4,34.8,119.9,156.5,Former,Moderate,Moderate,Healthy,7.5,0
P100526,68,Male,1,0,0,1,0,0,0,32.5,119.0,75.0,143.0,148.5,,76.8,95.1,Never,Moderate,Active,Balanced,4.0,0
P100527,83,Female,1,0,0,0,0,0,0,22.1,120.0,83.0,84.8,163.8,41.4,106.8,24.7,Never,Moderate,Moderate,Healthy,8.6,0
P100528,48,Male,0,0,0,0,0,0,0,25.1,111.0,85.0,108.0,196.0,42.6,129.5,51.9,Never,Rare,Sedentary,Poor,8.8,0
P100529,38,Male,0,0,0,0,1,0,0,24.2,113.0,,123.2,220.8,49.3,145.1,179.9,Former,Moderate,Moderate,Healthy,6.5,0
P100530,62,Male,0,0,0,0,0,0,0,26.0,121.0,74.0,91.5,94.6,39.7,64.6,133.7,Current,Rare,Active,Balanced,6.4,0
P100531,42,Male,0,0,0,0,1,0,0,16.6,106.0,81.0,107.9,214.5,42.3,123.5,,Former,Rare,Sedentary,Healthy,8.1,0
P100532,42,Male,0,0,0,0,0,0,0,25.3,116.0,80.0,90.2,128.4,44.6,85.3,151.3,Never,Rare,Sedentary,Poor,7.7,0
P100533,60,Male,0,0,0,1,0,0,0,31.4,125.0,73.0,,171.8,86.1,120.3,152.1,Never,Rare,Active,Poor,8.2,0
P100534,57,Male,0,0,0,0,1,0,0,20.6,99.0,86.0,91.6,223.9,49.5,169.2,28.2,Former,Rare,Moderate,Healthy,,0
P100535,55,Female,0,0,0,0,0,0,0,22.7,102.0,66.0,116.7,181.0,45.6,126.7,235.6,Never,Rare,Moderate,Poor,9.2,0
P100536,65,Female,1,1,0,0,0,0,0,19.4,162.0,72.0,71.1,110.8,28.3,50.6,221.4,Former,Rare,Sedentary,Balanced,7.1,0
P100537,51,Male,0,0,0,0,0,0,0,36.2,142.0,98.0,102.4,180.6,59.9,121.5,146.5,Former,Moderate,Moderate,Healthy,7.8,0
P100538,41,Male,0,0,0,0,0,0,0,27.3,113.0,80.0,111.9,,,77.6,232.2,Former,Moderate,Moderate,Balanced,5.6,0
P100539,50,Male,0,0,0,0,1,0,0,26.4,119.0,72.0,94.7,250.5,37.9,,,Never,Moderate,Active,Healthy,4.9,0
P100540,35,Female,0,0,0,0,0,0,0,21.8,103.0,94.0,91.4,118.4,45.1,75.4,137.9,Never,Rare,Active,Balanced,7.7,0
P100541,44,Female,1,0,0,0,0,0,0,22.6,114.0,80.0,79.3,151.5,27.5,95.3,188.5,Never,Rare,Moderate,Healthy,8.2,0
P100542,46,Female,0,0,0,0,0,0,0,27.5,98.0,67.0,92.2,182.7,73.1,120.7,117.9,Never,Rare,Moderate,Balanced,7.4,0
P100543,45,Female,0,0,0,0,1,0,0,18.8,120.0,91.0,102.1,219.4,59.0,111.1,132.2,Never,Rare,Moderate,Balanced,6.1,0
P100544,54,Female,0,0,0,0,0,0,0,43.4,131.0,77.0,98.3,161.3,42.5,97.8,129.9,Former,Rare,Sedentary,Balanced,7.5,0
P100545,54,Female,0,0,0,0,1,0,0,23.0,129.0,72.0,109.0,202.2,33.9,142.8,47.8,Never,Moderate,Moderate,Poor,6.7,0
P100546,59,Male,0,0,0,0,1,0,0,25.9,116.0,68.0,111.0,236.2,54.1,169.6,137.6,Current,Rare,Moderate,Poor,6.6,0
P100547,54,Male,1,0,0,0,0,0,0,29.5,105.0,65.0,,173.8,62.6,108.2,96.1,Never,Moderate,Active,Balanced,6.1,0
P100548,56,Female,0,0,0,0,0,0,0,28.7,118.0,87.0,81.0,196.5,54.8,126.5,212.5,Never,Rare,Moderate,Balanced,7.6,0
P100549,38,Male,0,0,0,0,0,0,0,29.2,122.0,90.0,62.3,132.6,61.8,77.4,230.0,Never,Rare,Active,Healthy,5.3,0
P100550,67,Female,0,0,0,0,0,0,0,25.0,133.0,68.0,103.1,142.5,47.4,65.8,91.4,Never,Rare,Moderate,Balanced,6.5,0
P100551,44,Male,1,0,0,0,1,0,0,18.3,98.0,73.0,81.2,219.3,37.5,133.7,78.8,Never,Moderate,Moderate,Healthy,8.4,0
P100552,39,Female,0,0,0,1,0,0,0,31.2,136.0,74.0,143.4,176.5,40.7,116.1,297.2,Current,Rare,Moderate,Balanced,7.7,0
P100553,79,Female,0,1,0,1,1,0,0,24.2,147.0,77.0,147.8,,26.8,137.0,236.3,Former,Heavy,Active,Balanced,6.9,0
P100554,38,Male,0,0,0,0,1,0,0,16.9,127.0,85.0,67.7,206.3,68.4,116.6,192.0,Never,Moderate,Active,Healthy,5.8,0
P100555,63,Male,0,1,0,0,0,0,0,26.1,135.0,95.0,108.6,145.2,48.0,88.7,97.8,Never,Moderate,Sedentary,Healthy,7.4,0
P100556,39,Male,0,0,0,0,0,0,0,34.9,125.0,78.0,106.8,104.0,67.5,75.5,70.2,Former,Rare,Moderate,Poor,7.0,0
P100557,87,Male,0,1,0,0,0,0,0,31.1,154.0,83.0,83.2,190.3,48.0,116.0,39.0,Former,Heavy,Moderate,Balanced,7.2,0
P100558,40,Female,1,0,0,0,0,0,0,27.7,117.0,75.0,80.2,161.6,53.1,110.0,109.4,Never,Heavy,Moderate,Poor,8.1,0
P100559,60,Male,0,0,0,1,1,0,0,24.5,132.0,75.0,145.2,221.6,60.3,141.4,107.2,Never,Moderate,Moderate,Balanced,7.2,0
P100560,61,Female,0,0,0,0,0,0,0,23.3,132.0,65.0,97.2,159.3,66.6,104.2,152.8,Never,Rare,Active,Balanced,7.3,0
P100561,74,Female,0,0,0,0,0,0,0,24.7,125.0,77.0,84.6,165.3,31.8,88.9,78.0,Never,Moderate,Sedentary,Balanced,,0
P100562,81,Male,1,0,0,0,0,1,0,24.6,132.0,83.0,113.6,149.8,45.5,94.2,81.8,Former,Rare,Moderate,Balanced,8.0,0
P100563,60,Female,1,0,0,1,0,1,0,35.8,138.0,87.0,160.0,181.3,37.4,129.9,144.7,Never,Rare,Active,Balanced,6.8,0
P100564,60,Male,0,1,0,1,0,0,0,35.4,159.0,91.0,163.3,197.2,56.2,,162.7,Never,Rare,Sedentary,Poor,7.1,0
P100565,77,Female,0,1,0,0,0,0,0,26.7,144.0,81.0,119.1,181.6,42.8,113.5,166.2,Current,Rare,Active,Poor,5.8,0
P100566,34,Female,0,0,0,0,0,0,0,19.1,106.0,69.0,111.5,164.0,40.7,89.7,,Never,Rare,Moderate,Poor,7.0,0
P100567,53,Male,0,0,0,0,0,0,0,23.4,122.0,69.0,87.3,173.0,72.5,86.8,194.2,Never,Rare,Moderate,Healthy,8.3,0
P100568,44,Male,0,0,0,0,0,0,0,25.5,132.0,70.0,106.9,,66.7,122.4,137.9,Never,Rare,Moderate,Healthy,4.3,0
P100569,30,Female,0,0,0,0,0,0,0,20.5,113.0,85.0,82.7,185.8,,113.9,149.2,Never,Rare,Active,Poor,8.3,0
P100570,55,Female,0,0,0,0,0,0,0,21.3,110.0,80.0,71.8,155.5,63.4,91.4,142.6,Current,Moderate,Active,Poor,6.0,0
P100571,45,Other,0,0,0,0,1,0,0,36.8,124.0,84.0,105.6,185.7,58.0,135.5,126.9,Current,Rare,Moderate,Poor,7.5,0
P100572,44,Male,0,0,0,0,1,0,0,25.4,129.0,92.0,86.8,273.7,55.1,191.3,236.7,Never,Moderate,Moderate,Balanced,5.4,0
P100573,51,Male,0,1,0,0,1,0,0,27.2,,91.0,90.0,241.9,55.7,174.1,147.6,Never,Rare,Active,Poor,8.0,0
P100574,57,Male,0,0,0,0,0,0,0,27.9,129.0,,90.1,189.6,41.0,128.3,,Never,Moderate,Moderate,Balanced,6.9,0
P100575,61,Female,0,0,1,0,0,0,0,15.1,118.0,77.0,67.0,164.2,46.4,115.8,129.8,Never,Rare,Moderate,Balanced,7.5,0
P100576,30,Female,0,0,0,0,1,0,0,23.7,111.0,76.0,78.6,236.8,38.5,162.5,159.4,Never,Rare,Active,Poor,6.9,0
P100577,50,Male,0,0,0,0,0,0,0,20.1,115.0,65.0,89.9,121.5,,76.4,140.0,Current,Heavy,Moderate,Healthy,8.3,0
P100578,56,Female,0,0,0,0,1,0,0,24.4,102.0,74.0,86.7,220.4,49.0,141.5,15.8,Former,Rare,Active,Poor,6.4,0
P100579,43,Male,0,0,0,0,0,0,0,37.2,112.0,78.0,80.2,,,80.1,93.9,Former,Moderate,Moderate,Poor,6.2,0
P100580,48,Male,0,0,0,0,0,0,0,29.4,123.0,73.0,97.3,193.7,54.8,121.6,173.9,Never,Rare,Moderate,Healthy,8.5,0
P100581,56,Female,0,0,0,0,0,0,0,27.1,115.0,84.0,86.6,151.8,50.0,107.3,99.6,Never,Rare,Moderate,Balanced,9.0,0
P100582,54,Female,0,0,0,0,0,0,0,24.0,139.0,81.0,75.3,138.8,39.7,105.4,47.9,Never,Rare,Moderate,Healthy,7.4,0
P100583,68,Female,0,0,0,0,0,0,0,21.2,127.0,76.0,114.5,174.7,37.1,104.4,295.6,Never,Rare,Active,Balanced,6.0,0
P100584,48,Male,0,0,0,0,1,0,0,28.3,120.0,77.0,97.7,202.4,55.7,,103.6,Never,Rare,Sedentary,Poor,8.3,0
P100585,44,Female,0,0,0,0,0,0,0,14.5,125.0,74.0,90.2,,27.0,122.5,217.7,Current,Rare,Moderate,Balanced,8.6,0
P100586,47,Male,0,0,0,0,0,0,0,21.8,114.0,84.0,76.5,165.1,61.1,115.9,130.9,Never,Moderate,Active,Healthy,6.6,0
P100587,50,Female,0,0,0,0,0,0,0,22.0,108.0,74.0,82.0,158.1,39.0,95.8,85.6,Former,Rare,Active,Poor,7.0,0
P100588,36,Female,0,0,0,0,1,0,0,23.9,119.0,66.0,,255.2,85.6,139.0,98.2,Never,Moderate,Moderate,Balanced,6.6,0
P100589,63,Female,0,1,0,0,0,0,0,27.3,149.0,92.0,105.4,196.4,74.4,128.0,92.5,Never,Rare,Sedentary,Balanced,,0
P100590,75,Female,0,1,1,0,0,1,0,29.8,159.0,90.0,85.0,,50.5,95.0,195.8,Never,Rare,Active,Balanced,5.5,0
P100591,56,Female,0,0,0,0,1,0,0,14.0,94.0,63.0,99.1,151.8,34.0,134.2,105.3,Never,Rare,Moderate,Balanced,6.4,0
P100592,42,Female,0,0,0,1,0,0,0,30.0,126.0,80.0,106.8,124.6,69.9,88.9,162.6,Never,Rare,Sedentary,Healthy,5.5,0
P100593,38,Female,0,0,0,0,0,0,0,23.4,,67.0,69.1,156.8,43.4,120.1,143.9,Never,Rare,Moderate,Balanced,5.3,0
P100594,58,Female,0,0,0,0,1,0,0,14.0,124.0,74.0,108.3,219.1,49.1,138.4,317.0,Never,Rare,Active,Balanced,5.4,0
P100595,50,Female,0,0,0,1,1,0,0,26.3,137.0,68.0,162.3,225.7,56.6,161.9,94.4,Never,Rare,Moderate,Poor,7.3,0
P100596,58,Male,0,0,0,0,0,0,0,19.7,127.0,89.0,98.0,199.1,50.8,120.3,148.1,Never,Rare,Sedentary,Healthy,7.6,1
P100597,54,Female,0,1,0,0,0,0,0,32.5,132.0,92.0,83.1,128.6,38.3,92.2,161.6,Never,Moderate,Active,Balanced,7.7,0
P100598,48,Other,0,0,0,1,1,0,0,28.7,116.0,76.0,115.4,209.3,45.6,109.8,192.0,Never,Rare,Moderate,Healthy,6.7,0
P100599,45,Male,0,0,0,0,0,0,0,29.3,137.0,81.0,111.4,185.1,52.7,123.7,140.3,Never,Rare,Active,Balanced,10.3,0
P100600,63,Female,0,1,0,0,0,0,0,15.5,138.0,81.0,,174.9,41.2,106.6,138.6,Never,Rare,Moderate,Poor,6.6,0
P100601,44,Male,0,0,0,0,1,0,0,18.9,107.0,74.0,84.5,207.7,,126.6,78.1,Current,Rare,Moderate,Balanced,6.1,0
P100602,43,Male,0,0,0,0,1,0,0,20.9,100.0,76.0,90.7,224.1,53.3,,94.7,Never,Rare,Moderate,Healthy,8.5,0
P100603,65,Female,0,0,0,0,0,0,0,15.3,119.0,86.0,109.0,168.5,40.6,88.9,134.5,Never,Rare,Active,Healthy,7.0,0
P100604,37,Female,0,0,0,0,1,0,0,25.4,110.0,83.0,95.3,242.9,59.2,174.7,88.0,Current,Rare,Moderate,Poor,7.6,0
P100605,80,Female,0,0,0,1,0,0,0,29.6,135.0,87.0,224.6,146.7,41.3,93.7,126.8,Never,Moderate,Active,Balanced,7.7,0
P100606,54,Male,0,0,0,0,0,0,0,18.1,98.0,65.0,,,31.7,70.2,110.9,Never,Moderate,Sedentary,Poor,7.4,0
P100607,48,Female,0,0,0,1,0,0,0,29.1,130.0,77.0,140.6,139.0,71.0,85.6,264.4,Never,Moderate,Active,Poor,6.6,0
P100608,25,Female,0,0,0,0,0,0,0,29.5,125.0,80.0,83.9,123.9,51.2,97.3,180.0,Never,Rare,Active,Poor,8.4,0
P100609,67,Male,1,0,1,0,0,0,0,25.6,131.0,95.0,131.2,133.8,46.4,78.8,134.0,Never,Rare,Sedentary,Balanced,6.2,0
P100610,39,Female,0,0,0,0,0,0,0,24.1,,73.0,88.6,171.5,62.9,124.8,156.6,Never,Rare,Active,Balanced,6.1,0
P100611,37,Male,0,0,0,0,0,0,0,14.0,104.0,77.0,106.0,164.0,40.8,98.5,122.5,Never,Rare,Moderate,Healthy,7.2,0
P100612,46,Female,1,0,0,0,0,0,0,21.5,127.0,66.0,96.7,146.2,42.8,93.3,89.0,Never,Rare,Sedentary,Balanced,6.4,0
P100613,74,Male,0,1,0,0,0,0,0,30.2,153.0,87.0,110.0,191.4,51.3,94.5,118.4,Current,Rare,Moderate,Balanced,7.8,0
P100614,37,Male,0,0,0,0,0,0,0,27.8,121.0,78.0,99.9,171.3,35.7,123.2,184.7,Never,Rare,Active,Healthy,7.6,0
P100615,38,Female,0,0,0,0,1,0,0,29.6,133.0,89.0,100.2,178.1,60.9,135.4,93.7,Current,Moderate,Moderate,Balanced,8.1,0
P100616,63,Male,0,0,1,0,1,0,0,25.5,106.0,79.0,88.6,218.6,,158.0,165.2,Former,Moderate,Moderate,Poor,,1
P100617,45,Male,0,0,0,0,0,0,0,30.6,152.0,79.0,95.6,188.2,43.2,105.8,139.1,Never,Rare,Moderate,Poor,6.0,0
P100618,44,Female,1,0,0,0,0,0,0,24.9,132.0,78.0,105.8,121.8,43.8,69.4,160.2,Never,Rare,Moderate,Poor,8.1,0
P100619,42,Female,0,0,0,0,0,0,0,23.6,125.0,80.0,107.6,171.5,68.0,125.9,99.3,Never,Moderate,Active,Poor,8.6,0
P100620,57,Male,1,0,0,0,1,0,0,26.0,119.0,75.0,111.5,181.5,43.8,135.8,192.8,Never,Heavy,Moderate,Healthy,7.0,0
P100621,53,Male,0,0,0,0,1,0,0,27.8,110.0,72.0,107.5,215.2,51.7,153.7,172.7,Never,Rare,Moderate,Healthy,6.7,0
P100622,38,Female,0,0,0,0,1,0,0,30.4,131.0,88.0,91.4,272.3,65.6,182.5,143.4,Never,Rare,Moderate,Poor,6.2,0
P100623,65,Female,0,0,0,1,0,0,0,26.5,,67.0,164.9,170.1,,85.0,221.1,Never,Moderate,Sedentary,Balanced,7.4,0
P100624,52,Male,0,0,0,0,1,0,0,24.1,127.0,74.0,91.1,150.3,45.8,135.9,,Never,Rare,Active,Healthy,8.4,0
P100625,65,Female,1,0,0,0,0,0,0,20.5,120.0,78.0,89.0,,46.4,112.7,121.2,Never,Moderate,Moderate,Balanced,7.0,0
P100626,80,Female,1,0,0,0,0,0,0,14.0,113.0,69.0,96.0,145.5,51.5,65.4,147.9,Never,Rare,Moderate,Balanced,8.3,0
P100627,52,Male,0,0,0,0,1,0,0,24.2,117.0,79.0,78.7,207.4,51.6,136.7,90.4,Never,Rare,Sedentary,Balanced,6.4,0
P100628,31,Female,0,0,0,0,1,0,0,15.9,106.0,58.0,89.5,218.9,46.6,124.9,158.5,Never,Rare,Moderate,Balanced,7.5,0
P100629,65,Female,0,0,0,0,0,0,0,27.5,117.0,78.0,86.6,156.1,62.4,84.4,122.5,Never,Moderate,Sedentary,Poor,5.9,0
P100630,52,Female,0,0,0,0,0,0,0,24.1,117.0,101.0,87.1,156.8,,63.8,220.6,Former,Rare,Moderate,Balanced,6.3,0
P100631,51,Male,0,0,0,0,0,0,0,25.4,119.0,81.0,,159.4,47.1,79.4,205.7,Never,Moderate,Sedentary,Balanced,5.1,0
P100632,51,Male,0,0,0,1,1,0,0,25.0,130.0,79.0,158.1,157.6,,137.4,243.1,Never,Rare,Sedentary,Healthy,4.4,0
P100633,71,Female,0,0,0,0,1,0,0,20.2,147.0,74.0,103.6,200.2,,122.6,170.8,Never,Moderate,Active,Balanced,6.5,0
P100634,46,Female,0,0,0,0,0,0,0,24.4,101.0,76.0,99.1,178.7,39.6,111.9,63.4,Never,Rare,Active,Balanced,6.5,0
P100635,73,Female,1,1,0,0,1,0,0,30.1,141.0,79.0,110.1,210.8,42.3,123.4,127.6,Never,Rare,Active,Poor,6.2,0
P100636,64,Female,0,1,0,0,0,0,0,28.9,129.0,84.0,87.8,184.4,52.6,111.4,148.0,Never,Rare,Sedentary,Balanced,6.5,0
P100637,48,Female,0,0,0,0,1,0,0,16.7,102.0,81.0,90.6,221.3,71.5,144.4,310.6,Never,Rare,Moderate,Poor,6.2,0
P100638,57,Male,0,0,0,0,0,0,0,16.0,108.0,83.0,97.5,180.2,50.1,110.6,77.5,Current,Moderate,Moderate,Balanced,6.4,0
P100639,60,Male,0,0,0,0,1,0,0,26.7,139.0,71.0,101.3,201.4,39.1,140.8,73.6,Never,Moderate,Moderate,Balanced,7.8,0
P100640,38,Female,0,0,0,0,1,0,0,28.4,99.0,85.0,103.6,232.5,37.2,171.8,226.1,Current,Rare,Moderate,Balanced,6.7,0
P100641,33,Male,0,0,0,0,0,0,0,22.0,103.0,85.0,84.4,140.2,41.4,88.0,117.6,Former,Moderate,Moderate,Balanced,7.5,0
P100642,66,Male,1,0,0,1,0,0,0,,137.0,82.0,172.2,124.6,45.6,71.4,168.5,Never,Rare,Moderate,Balanced,4.0,0
P100643,41,Male,0,0,0,0,0,0,0,14.0,109.0,72.0,102.4,181.2,65.8,110.2,269.1,Never,Rare,Active,Healthy,8.4,0
P100644,28,Female,0,0,0,0,0,0,0,,99.0,69.0,94.2,100.2,52.6,73.6,178.8,Never,Rare,Moderate,Poor,6.5,0
P100645,46,Female,0,0,0,0,1,0,0,20.5,110.0,79.0,93.7,213.3,61.3,137.8,147.6,Never,Rare,Moderate,Balanced,5.8,0
P100646,38,Female,0,0,0,1,0,0,0,28.4,119.0,85.0,137.0,166.6,51.9,,-11.2,Never,Heavy,Moderate,Poor,9.2,0
P100647,64,Female,0,1,0,0,0,0,0,27.0,144.0,86.0,101.1,139.6,42.0,110.6,169.8,Former,Rare,Moderate,Balanced,6.1,0
P100648,28,Male,0,0,0,0,1,0,0,21.5,92.0,68.0,99.6,180.1,48.4,136.8,154.7,Never,Rare,Active,Poor,6.3,0
P100649,60,Male,0,0,0,0,1,0,0,29.1,136.0,76.0,,210.6,46.6,135.9,,Former,Moderate,Moderate,Healthy,6.0,0
P100650,66,Female,0,0,0,0,1,0,0,23.8,134.0,70.0,108.3,202.1,72.2,165.9,141.6,Never,Rare,Sedentary,Poor,5.4,0
P100651,30,Male,1,0,0,0,1,0,0,16.3,93.0,63.0,87.2,204.2,54.8,124.3,254.6,Never,Rare,Active,Balanced,8.0,0
P100652,46,Female,0,0,0,0,1,0,0,28.9,118.0,66.0,89.2,224.5,50.9,166.8,148.0,Never,Rare,Moderate,Balanced,6.2,1
P100653,73,Other,0,0,0,0,1,0,0,19.8,139.0,71.0,103.9,239.8,46.1,153.1,-7.8,Never,Rare,Moderate,Balanced,4.8,0
P100654,39,Male,0,0,0,0,1,0,0,27.1,102.0,85.0,102.8,230.7,56.0,137.2,201.7,Never,Rare,Sedentary,Healthy,6.3,0
P100655,80,Female,1,0,0,0,0,0,0,24.4,115.0,70.0,93.3,152.9,39.8,93.1,,Never,Rare,Moderate,Poor,5.5,0
P100656,71,Female,0,1,0,1,0,0,0,27.5,152.0,95.0,174.5,146.8,54.0,90.2,79.5,Never,Rare,Moderate,Poor,4.9,0
P100657,30,Female,0,0,0,0,0,0,0,27.0,121.0,63.0,100.2,125.5,46.5,95.8,92.0,Never,Rare,Active,Balanced,,0
P100658,52,Male,0,0,0,0,0,0,0,29.0,120.0,72.0,79.7,181.1,72.4,99.5,213.1,Current,Moderate,Sedentary,Balanced,8.0,0
P100659,73,Male,0,0,0,0,0,0,0,25.4,134.0,75.0,114.2,127.9,63.8,78.8,120.1,Never,Heavy,Moderate,Poor,7.5,0
P100660,52,Male,0,0,0,0,1,0,0,28.0,135.0,64.0,100.8,199.7,39.1,140.1,120.0,Never,Rare,Moderate,Balanced,6.6,0
P100661,42,Female,0,0,0,0,1,0,0,24.1,106.0,87.0,89.7,238.5,59.8,132.1,119.1,Never,Moderate,Moderate,Balanced,6.4,0
P100662,18,Male,0,0,0,0,1,0,0,31.3,90.0,81.0,,209.9,,157.8,172.7,Never,Rare,Moderate,Balanced,5.7,0
P100663,55,Female,0,0,0,0,0,0,0,22.9,121.0,76.0,100.1,136.3,43.8,78.2,207.6,Never,Moderate,Sedentary,Balanced,9.1,1
P100664,71,Male,0,0,0,0,1,0,0,27.4,136.0,84.0,97.6,200.1,32.4,117.1,221.9,Current,Rare,Sedentary,Healthy,7.6,0
P100665,43,Female,0,1,0,0,0,0,0,29.8,150.0,83.0,,183.7,62.2,126.1,,Never,Rare,Moderate,Balanced,7.2,0
P100666,59,Female,0,0,0,0,0,0,0,29.6,133.0,81.0,78.8,108.4,44.7,48.2,104.9,Current,Rare,Moderate,Poor,6.2,0
P100667,58,Female,1,0,0,0,1,0,0,26.3,128.0,,103.6,216.6,66.0,137.6,68.2,Never,Rare,Moderate,Balanced,7.1,0
P100668,61,Male,0,1,0,0,1,1,0,17.9,134.0,81.0,61.2,208.7,61.9,114.2,162.9,Never,Rare,Moderate,Balanced,6.3,0
P100669,33,Female,0,0,0,0,1,0,0,29.6,112.0,73.0,89.9,207.7,53.8,,74.5,Never,Moderate,Sedentary,Healthy,7.6,0
P100670,82,Male,1,0,0,0,1,1,0,26.9,153.0,72.0,95.3,178.8,66.8,146.6,149.6,Never,Rare,Active,Poor,7.0,0
P100671,44,Male,0,0,0,0,1,0,0,23.7,116.0,86.0,101.8,211.1,49.6,133.7,199.7,Former,Rare,Sedentary,Poor,6.6,0
P100672,50,Male,0,0,0,1,0,0,0,23.9,98.0,74.0,160.1,158.2,57.4,105.0,93.6,Never,Rare,Moderate,Poor,8.9,0
P100673,30,Female,0,0,0,0,0,0,0,26.7,109.0,84.0,93.6,168.4,37.4,123.0,130.3,Never,Rare,Moderate,Healthy,8.7,0
P100674,52,Male,0,0,0,0,1,0,0,31.5,136.0,80.0,68.6,215.2,26.7,155.7,86.1,Never,Rare,Moderate,Balanced,7.4,0
P100675,58,Male,0,0,0,1,0,0,0,29.1,114.0,76.0,145.9,188.8,37.6,112.3,190.4,Never,Rare,Active,Balanced,6.4,0
P100676,83,Male,0,1,0,0,0,1,0,23.6,141.0,74.0,91.5,197.2,,122.2,54.2,Never,Rare,Moderate,Poor,6.4,0
P100677,46,Female,0,0,0,0,1,0,0,40.7,121.0,86.0,105.1,216.5,71.5,118.4,148.9,Never,Rare,Sedentary,Poor,7.2,0
P100678,27,Female,0,0,0,0,0,0,0,22.7,110.0,81.0,111.2,134.3,37.9,92.4,195.6,Never,Rare,Sedentary,Balanced,7.0,0
P100679,54,Female,0,0,0,0,0,0,0,,106.0,69.0,113.9,126.3,32.9,77.6,94.7,Never,Rare,Moderate,Balanced,6.2,0
P100680,49,Female,0,0,0,0,1,0,0,29.4,122.0,,96.0,209.0,40.5,138.4,243.9,Never,Rare,Moderate,Poor,7.8,0
P100681,54,Female,1,0,0,0,1,0,0,23.8,128.0,78.0,77.3,204.4,51.5,125.0,171.4,Never,Rare,Active,Balanced,,0
P100682,46,Female,0,0,0,0,1,0,0,32.4,139.0,75.0,118.0,160.3,35.5,134.7,103.4,Never,Rare,Active,Poor,7.3,0
P100683,46,Female,0,0,0,0,0,0,0,24.6,111.0,82.0,87.8,131.5,50.7,74.0,137.7,Never,Rare,Moderate,Balanced,6.9,1
P100684,40,Male,0,0,0,0,0,0,0,35.4,121.0,82.0,101.8,167.2,54.1,92.6,46.1,Never,Rare,Moderate,Poor,8.8,0
P100685,48,Other,0,0,0,0,0,0,0,25.4,103.0,77.0,85.5,189.1,58.9,105.8,188.3,Never,Rare,Sedentary,Healthy,7.2,0
P100686,70,Male,0,0,0,0,0,0,0,19.4,125.0,83.0,96.1,143.5,57.0,79.2,144.5,Current,Moderate,Moderate,Poor,7.6,0
P100687,45,Male,1,0,0,0,0,0,0,24.5,120.0,68.0,101.4,193.0,54.2,100.6,76.2,Former,Moderate,Moderate,Healthy,7.2,0
P100688,65,Other,0,1,0,0,1,0,0,20.6,131.0,88.0,88.2,204.9,56.3,144.3,149.4,Current,Rare,Sedentary,Balanced,7.3,0
P100689,47,Female,0,0,0,0,0,0,0,,122.0,72.0,86.9,166.6,50.5,109.0,,Never,Rare,Active,Balanced,6.0,0
P100690,54,Female,0,0,0,0,0,0,0,23.4,118.0,74.0,120.8,150.9,65.9,108.0,237.1,Never,Moderate,Active,Balanced,5.3,0
P100691,37,Male,0,0,0,0,1,0,0,14.0,114.0,78.0,109.8,237.0,46.9,135.4,,Former,Rare,Moderate,Balanced,5.8,0
P100692,63,Female,0,0,0,0,1,0,0,30.3,126.0,84.0,84.0,205.2,44.2,,59.8,Never,Rare,Sedentary,Balanced,8.3,0
P100693,48,Male,0,0,0,0,0,0,0,24.0,126.0,75.0,89.6,149.3,,113.1,127.4,Never,Rare,Moderate,Balanced,5.9,0
P100694,57,Female,0,0,0,0,1,0,0,34.5,123.0,90.0,83.5,239.5,58.0,144.5,64.1,Former,Rare,Sedentary,Balanced,6.3,0
P100695,39,Female,0,0,0,0,0,0,0,30.6,109.0,78.0,125.1,161.0,63.7,113.6,125.8,Current,Moderate,Active,Balanced,5.5,0
P100696,33,Male,0,1,0,1,0,0,0,43.6,143.0,92.0,176.6,108.7,74.4,86.8,227.8,Never,Moderate,Moderate,Poor,6.9,0
P100697,55,Male,0,1,1,0,0,0,0,32.7,148.0,106.0,96.7,115.9,33.0,88.0,244.2,Never,Rare,Active,Poor,8.2,0
P100698,66,Female,0,1,0,0,1,0,0,33.2,144.0,96.0,105.7,195.5,46.9,158.6,120.2,Never,Rare,Sedentary,Healthy,6.7,0
P100699,40,Male,0,0,0,0,0,0,0,26.5,121.0,74.0,97.0,146.0,61.4,125.8,167.3,Never,Rare,Moderate,Healthy,5.0,0
P100700,52,Male,0,0,0,0,0,0,0,25.1,102.0,64.0,88.1,154.6,50.0,109.9,128.1,Never,Rare,Moderate,Poor,5.9,0
P100701,68,Female,0,0,0,0,1,0,0,30.3,,70.0,83.0,214.2,62.0,116.0,188.6,Never,Heavy,Moderate,Healthy,7.9,0
P100702,43,Female,0,0,0,0,0,0,0,24.3,90.0,69.0,87.0,144.4,40.1,91.9,,Never,Rare,Sedentary,Balanced,4.0,0
P100703,52,Female,0,0,0,0,0,0,0,30.2,114.0,73.0,72.0,159.4,32.7,88.2,93.8,Former,Rare,Active,Balanced,8.0,0
P100704,62,Other,0,0,0,0,0,1,0,22.4,120.0,86.0,83.1,135.7,,86.2,23.3,Never,Rare,Moderate,Balanced,7.3,0
P100705,60,Female,0,0,0,1,1,0,0,29.3,105.0,80.0,125.3,227.5,59.3,152.0,157.6,Current,Moderate,Moderate,Balanced,8.2,0
P100706,55,Other,0,1,0,1,0,0,0,32.2,138.0,91.0,163.1,149.5,,51.6,,Never,Rare,Moderate,Balanced,7.7,0
P100707,55,Female,1,0,0,0,0,0,0,28.3,118.0,81.0,113.0,164.2,34.4,100.4,220.0,Never,Moderate,Moderate,Poor,7.4,0
P100708,48,Female,0,0,0,0,1,0,0,24.5,119.0,80.0,71.1,220.5,77.9,146.5,202.5,Current,Rare,Active,Healthy,7.4,0
P100709,52,Female,0,0,0,0,0,0,0,18.0,115.0,75.0,94.2,151.6,60.2,95.7,146.5,Never,Rare,Moderate,Poor,7.8,0
P100710,71,Male,0,0,0,0,0,0,0,29.2,128.0,85.0,102.2,148.4,39.9,99.1,33.1,Former,Rare,Sedentary,Poor,5.1,0
P100711,40,Male,0,0,0,0,1,0,0,28.5,120.0,72.0,118.1,202.9,27.0,110.9,201.5,Never,Rare,Moderate,Healthy,7.7,0
P100712,48,Male,0,0,0,0,0,0,0,,123.0,79.0,92.0,127.5,43.7,47.7,53.5,Former,Rare,Sedentary,Balanced,8.3,0
P100713,60,Male,0,0,0,0,0,0,0,17.1,113.0,86.0,96.1,134.6,27.7,,112.6,Former,Rare,Active,Balanced,8.5,0
P100714,54,Female,0,1,0,0,0,0,0,28.5,132.0,85.0,77.5,120.2,55.9,87.4,125.9,Current,Moderate,Sedentary,Poor,6.5,0
P100715,50,Male,0,0,0,0,1,0,0,30.4,104.0,82.0,97.6,197.9,50.0,163.8,99.1,Never,Rare,Moderate,Poor,5.7,0
P100716,74,Male,1,0,0,0,1,0,0,26.2,140.0,75.0,119.7,206.2,50.1,142.6,140.7,Former,Rare,Active,Poor,7.3,0
P100717,30,Male,0,0,0,0,0,0,0,33.8,114.0,77.0,77.8,184.8,60.6,106.4,118.9,Never,Rare,Active,Healthy,5.1,0
P100718,27,Female,0,0,0,0,1,0,0,26.7,,77.0,106.0,252.8,62.2,,110.5,Former,Heavy,Moderate,Balanced,8.0,0
P100719,66,Female,0,0,0,0,1,0,0,28.1,139.0,88.0,,231.7,67.1,201.5,124.0,Never,Rare,Active,Healthy,6.7,0
P100720,41,Male,0,0,0,0,0,0,0,29.2,119.0,82.0,103.9,,66.9,111.6,102.0,Never,Rare,Moderate,Balanced,7.8,0
P100721,83,Male,0,0,1,0,0,0,1,20.9,138.0,78.0,,180.2,56.9,115.0,142.0,Never,Moderate,Active,Balanced,6.6,0
P100722,39,Female,0,0,0,0,0,0,0,25.7,101.0,76.0,78.8,180.6,44.8,126.5,212.9,Current,Heavy,Moderate,Healthy,8.2,0
P100723,59,Female,0,1,0,1,1,0,0,31.1,161.0,79.0,147.9,217.8,53.1,159.8,149.1,Never,Heavy,Sedentary,Balanced,7.3,0
P100724,51,Female,0,0,0,1,0,0,0,26.8,113.0,84.0,138.2,165.0,56.0,127.8,170.1,Never,Rare,Moderate,Poor,6.3,0
P100725,31,Other,0,1,0,0,0,0,0,32.1,142.0,96.0,96.5,54.2,54.8,6.4,59.3,Never,Moderate,Moderate,Healthy,7.4,0
P100726,76,Male,0,0,0,0,0,0,0,26.5,139.0,81.0,92.8,142.4,55.7,102.8,138.3,Never,Rare,Moderate,Balanced,6.0,0
P100727,52,Male,0,0,0,0,0,0,0,30.9,127.0,84.0,76.6,184.5,33.8,116.2,239.8,Never,Heavy,Moderate,Balanced,6.6,0
P100728,66,Male,0,0,0,0,0,0,0,16.5,123.0,77.0,102.0,161.6,52.0,120.6,32.5,Current,Rare,Sedentary,Healthy,7.4,0
P100729,45,Male,0,1,0,0,0,0,0,29.9,151.0,73.0,102.3,91.5,62.0,54.9,226.3,Former,Rare,Moderate,Balanced,8.2,0
P100730,39,Female,0,0,0,0,0,0,0,26.8,136.0,87.0,83.7,,42.5,107.3,8.6,Current,Rare,Moderate,Healthy,5.4,0
P100731,69,Female,0,0,0,0,1,1,0,23.3,122.0,87.0,103.3,179.7,62.4,138.6,85.4,Former,Moderate,Sedentary,Balanced,7.4,0
P100732,53,Male,1,0,0,0,1,0,0,,127.0,79.0,95.7,227.5,19.1,154.8,202.8,Current,Rare,Moderate,Poor,7.3,0
P100733,45,Other,0,0,0,1,1,0,0,37.2,123.0,79.0,141.4,212.9,35.8,159.2,69.7,Never,Rare,Active,Balanced,7.9,0
P100734,53,Male,0,0,0,0,0,0,0,22.8,100.0,67.0,103.4,148.6,35.1,,,Never,Moderate,Moderate,Balanced,7.7,0
P100735,31,Male,0,1,0,0,0,0,0,29.0,132.0,87.0,104.5,106.9,40.8,68.9,118.6,Former,Rare,Active,Balanced,6.6,0
P100736,74,Male,0,0,0,0,0,1,1,24.6,137.0,67.0,91.2,175.0,49.9,121.6,123.9,Former,Moderate,Active,Balanced,6.8,0
P100737,49,Male,0,0,0,0,0,0,0,25.9,120.0,76.0,101.8,133.0,57.6,55.4,199.5,Current,Rare,Active,Balanced,7.9,0
P100738,48,Female,0,0,0,0,0,0,0,26.4,125.0,76.0,96.0,151.5,50.9,107.6,233.6,Never,Rare,Active,Healthy,5.6,0
P100739,33,Male,0,0,0,0,0,0,0,27.5,116.0,75.0,86.9,190.3,47.1,113.5,47.6,Never,Rare,Sedentary,Balanced,8.0,0
P100740,59,Female,0,0,0,0,0,0,0,,126.0,68.0,102.2,174.3,46.7,109.0,187.0,Never,Rare,Sedentary,Balanced,7.5,0
P100741,39,Male,0,0,0,0,0,0,0,33.0,130.0,85.0,101.1,88.9,56.2,41.1,151.2,Never,Moderate,Active,Balanced,7.7,0
P100742,44,Male,0,0,0,0,1,0,0,22.6,119.0,81.0,84.7,222.5,23.3,159.5,114.5,Never,Moderate,Moderate,Balanced,6.6,0
P100743,60,Female,0,0,0,0,0,0,0,24.1,123.0,69.0,86.0,146.7,23.0,97.6,168.7,Current,Rare,Moderate,Poor,6.3,0
P100744,77,Female,0,0,0,0,1,0,1,22.9,132.0,78.0,96.0,200.7,45.6,129.5,203.6,Never,Rare,Sedentary,Healthy,5.9,0
P100745,61,Male,0,1,0,1,0,0,0,32.0,146.0,83.0,142.3,180.6,78.6,106.7,105.0,Never,Rare,Moderate,Poor,5.5,0
P100746,26,Male,0,0,0,0,0,0,0,34.1,104.0,83.0,81.0,145.2,,94.9,93.8,Current,Rare,Moderate,Poor,6.3,0
P100747,49,Male,0,0,0,0,0,0,0,36.2,116.0,85.0,99.0,107.4,43.3,72.5,108.5,Never,Rare,Active,Healthy,8.8,0
P100748,40,Male,0,0,0,0,0,0,0,27.1,121.0,78.0,99.7,146.3,57.3,117.9,172.4,Never,Moderate,Moderate,Poor,5.8,0
P100749,71,Male,0,0,1,0,0,0,0,20.0,108.0,90.0,88.1,160.6,49.4,83.3,72.3,Never,Rare,Moderate,Healthy,7.1,0
P100750,46,Other,0,0,0,0,0,0,0,29.1,114.0,,105.6,131.7,52.0,105.1,122.8,Former,Rare,Moderate,Poor,8.2,0
P100751,54,Female,0,0,0,0,0,0,0,32.7,143.0,74.0,96.6,148.1,,93.7,130.0,Never,Rare,Moderate,Poor,5.1,0
P100752,53,Female,0,1,1,0,0,0,0,27.9,132.0,96.0,81.9,169.4,68.3,109.3,123.8,Never,Moderate,Moderate,Poor,6.9,0
P100753,66,Female,0,0,0,0,0,1,0,21.5,111.0,80.0,91.3,169.7,50.8,130.0,,Never,Heavy,Sedentary,Balanced,7.9,0
P100754,63,Female,0,0,0,0,0,0,0,28.3,120.0,69.0,83.4,189.4,45.2,119.5,126.0,Never,Moderate,Moderate,Poor,4.3,0
P100755,45,Male,0,0,0,1,1,0,0,31.0,110.0,85.0,194.6,226.9,42.9,148.3,137.7,Never,Moderate,Sedentary,Poor,5.7,0
P100756,81,Male,1,0,0,0,1,0,0,27.7,149.0,75.0,102.6,165.9,61.0,,140.2,Never,Rare,Active,Poor,8.1,0
P100757,42,Female,0,0,0,1,0,0,0,29.4,125.0,77.0,162.8,146.4,42.0,117.3,154.1,Never,Rare,Sedentary,Poor,7.0,0
P100758,49,Male,0,0,0,0,1,0,0,18.7,118.0,77.0,110.0,187.8,60.3,137.5,89.0,Never,Moderate,Moderate,Balanced,6.7,0
P100759,47,Male,0,0,0,0,1,0,0,23.4,,74.0,91.7,204.4,48.2,115.0,,Never,Rare,Moderate,Healthy,6.6,0
P100760,46,Female,0,0,0,0,0,0,0,24.8,124.0,68.0,100.6,125.8,49.0,85.5,191.1,Never,Rare,Moderate,Balanced,5.7,0
P100761,33,Male,0,0,0,0,0,0,0,28.3,115.0,80.0,72.1,174.5,55.8,105.8,125.4,Never,Rare,Moderate,Balanced,5.8,0
P100762,60,Female,0,0,0,0,0,0,0,26.4,133.0,71.0,98.7,177.6,55.7,103.3,114.2,Former,Rare,Moderate,Poor,7.5,0
P100763,51,Female,0,1,0,0,1,0,0,33.7,149.0,86.0,93.7,221.9,48.5,137.9,160.4,Never,Rare,Moderate,Balanced,6.9,0
P100764,58,Male,0,0,0,0,1,0,0,24.7,119.0,83.0,92.3,185.2,,138.1,167.5,Never,Moderate,Moderate,Balanced,7.5,0
P100765,50,Male,0,1,0,0,1,0,0,25.2,127.0,89.0,86.0,215.7,32.5,146.5,85.4,Never,Heavy,Active,Balanced,6.2,0
P100766,52,Male,0,0,0,1,0,0,0,33.6,139.0,77.0,,151.0,47.3,81.5,176.5,Former,Rare,Active,Balanced,6.0,0
P100767,90,Male,0,0,0,1,1,1,1,28.1,159.0,83.0,161.2,233.0,60.9,166.5,150.4,Never,Moderate,Active,Balanced,7.7,1
P100768,40,Male,0,0,1,0,0,0,0,34.8,121.0,93.0,111.2,167.2,45.6,116.8,99.8,Never,Moderate,Sedentary,Balanced,,1
P100769,44,Female,0,0,0,0,0,0,0,17.4,110.0,69.0,101.3,167.6,60.8,118.8,117.4,Never,Moderate,Moderate,Healthy,3.9,0
P100770,22,Female,0,0,0,0,0,0,0,30.7,124.0,91.0,94.8,170.1,49.2,101.6,97.5,Former,Rare,Active,Balanced,8.1,0
P100771,42,Female,0,0,0,0,0,0,0,23.3,90.0,67.0,100.3,193.4,46.8,122.1,50.5,Never,Rare,Sedentary,Healthy,6.8,0
P100772,90,Male,0,0,0,0,0,0,0,28.2,148.0,71.0,106.0,159.0,42.3,115.9,237.6,Current,Moderate,Sedentary,Balanced,6.3,0
P100773,74,Male,0,1,0,0,0,0,0,30.7,149.0,89.0,109.1,140.1,45.4,106.9,228.1,Never,Rare,Active,Poor,6.6,0
P100774,62,Female,0,0,0,0,0,0,0,26.0,137.0,68.0,87.2,103.6,41.5,,188.0,Former,Moderate,Active,Balanced,6.5,0
P100775,44,Female,0,0,0,1,1,0,0,36.9,117.0,79.0,126.4,222.1,49.5,161.2,148.4,Never,Moderate,Moderate,Balanced,7.3,0
P100776,60,Female,0,0,0,0,0,0,0,23.7,120.0,72.0,102.3,156.3,73.5,101.2,204.9,Never,Moderate,Moderate,Balanced,7.6,0
P100777,78,Female,0,1,0,1,0,1,0,37.3,161.0,92.0,152.4,140.8,40.0,57.1,100.1,Current,Rare,Active,Poor,4.6,1
P100778,37,Male,0,0,0,0,0,0,0,22.3,107.0,81.0,77.6,116.9,48.3,,229.2,Current,Rare,Moderate,Healthy,9.0,0
P100779,62,Male,0,0,0,1,0,0,1,26.3,100.0,84.0,218.0,175.8,47.8,126.7,65.8,Never,Rare,Sedentary,Balanced,6.9,1
P100780,66,Female,1,1,0,0,0,0,0,23.9,145.0,99.0,59.4,153.4,67.8,100.4,174.6,Never,Rare,Moderate,Balanced,7.9,0
P100781,75,Female,1,1,0,0,0,0,0,,147.0,82.0,96.6,179.7,44.8,116.7,121.6,Never,Rare,Sedentary,Balanced,7.1,0
P100782,41,Female,1,0,0,0,1,0,0,19.1,112.0,74.0,93.2,201.0,56.3,134.6,262.1,Never,Rare,Active,Balanced,6.7,0
P100783,59,Male,0,1,0,0,0,0,0,,140.0,93.0,111.8,159.8,58.9,120.0,90.9,Current,Rare,Sedentary,Healthy,6.3,0
P100784,78,Male,0,0,0,1,1,1,0,29.9,147.0,72.0,117.0,229.8,34.8,141.7,102.3,Never,Rare,Sedentary,Healthy,6.7,0
P100785,35,Male,0,0,0,0,1,0,0,19.5,,71.0,91.7,201.3,57.7,146.4,144.0,Never,Moderate,Sedentary,Poor,8.5,0
P100786,52,Male,1,0,0,0,0,0,0,23.6,,65.0,95.1,165.6,68.5,104.9,281.4,Never,Rare,Sedentary,Poor,6.5,0
P100787,35,Female,0,0,0,0,1,0,0,33.3,127.0,72.0,89.9,,59.9,135.4,105.3,Never,Rare,Sedentary,Balanced,6.4,0
P100788,48,Male,0,0,0,0,1,0,0,23.1,119.0,70.0,101.1,225.1,43.8,137.2,104.2,Former,Rare,Sedentary,Healthy,7.9,0
P100789,60,Female,0,0,0,0,1,0,0,29.2,125.0,71.0,101.4,216.2,52.8,128.3,218.6,Former,Moderate,Moderate,Poor,9.5,0
P100790,52,Female,0,0,0,0,0,0,0,35.5,147.0,82.0,76.5,187.4,47.6,123.8,,Never,Rare,Active,Balanced,7.7,0
P100791,42,Female,0,0,0,0,0,0,0,20.1,100.0,93.0,87.8,145.4,66.3,88.1,43.5,Former,Rare,Active,Balanced,6.0,0
P100792,56,Male,0,0,0,0,1,0,0,22.3,120.0,71.0,93.0,285.5,71.0,,180.3,Current,Moderate,Sedentary,Healthy,5.9,0
P100793,74,Female,0,0,0,0,1,0,0,25.7,122.0,75.0,,203.8,49.3,142.0,85.8,Current,Rare,Active,Balanced,7.9,0
P100794,47,Male,0,0,0,0,1,0,0,30.8,128.0,76.0,87.8,223.3,36.4,151.6,113.2,Never,Rare,Moderate,Balanced,5.3,0
P100795,37,Female,0,0,0,0,0,0,0,22.2,105.0,76.0,,188.9,39.6,123.8,231.6,Never,Rare,Moderate,Healthy,7.6,0
P100796,55,Female,0,0,0,0,0,0,0,24.2,119.0,81.0,96.9,150.9,57.7,73.2,94.6,Never,Rare,Sedentary,Balanced,9.2,0
P100797,27,Female,0,0,0,0,1,0,0,30.2,105.0,86.0,87.3,278.8,49.1,162.9,153.2,Former,Rare,Moderate,Balanced,7.2,0
P100798,45,Male,0,1,0,1,1,0,0,29.3,148.0,84.0,117.6,183.5,55.2,,212.5,Never,Rare,Moderate,Balanced,6.5,0
P100799,60,Male,0,0,0,0,0,0,0,14.1,136.0,76.0,83.6,174.7,47.2,83.9,158.6,Current,Rare,Active,Balanced,7.6,0
P100800,34,Female,0,0,0,0,1,0,0,20.9,116.0,65.0,94.4,232.1,67.2,130.9,87.9,Former,Rare,Moderate,Balanced,7.9,0
P100801,46,Female,0,0,0,0,1,0,0,28.7,123.0,84.0,91.2,247.5,51.0,210.6,74.5,Former,Moderate,Active,Poor,8.2,0
P100802,70,Male,0,0,0,1,0,0,1,29.1,126.0,77.0,161.7,182.3,64.3,99.4,223.9,Never,Rare,Sedentary,Poor,,0
P100803,47,Male,0,0,0,0,0,0,0,26.1,126.0,79.0,93.5,142.9,33.3,100.7,,Never,Rare,Moderate,Poor,6.8,0
P100804,76,Other,1,0,0,0,1,0,0,26.7,119.0,92.0,80.8,202.1,54.0,132.4,150.8,Never,Rare,Active,Balanced,6.9,0
P100805,58,Female,0,0,0,0,0,0,0,16.4,120.0,83.0,81.9,95.5,24.0,85.2,73.5,Never,Rare,Moderate,Poor,7.6,0
P100806,28,Female,0,0,0,0,0,0,0,30.0,120.0,85.0,,175.6,31.8,104.6,155.3,Former,Rare,Sedentary,Healthy,7.3,0
P100807,38,Male,0,0,0,0,1,0,0,14.0,99.0,70.0,89.9,237.0,42.8,168.8,,Never,Rare,Moderate,Healthy,6.8,0
P100808,62,Male,0,0,0,0,0,0,0,27.1,114.0,86.0,111.9,115.4,55.9,71.7,62.1,Never,Moderate,Moderate,Balanced,4.3,0
P100809,65,Female,0,0,0,0,1,0,0,27.6,137.0,77.0,100.9,262.9,51.7,196.3,128.4,Never,Heavy,Sedentary,Poor,6.8,0
P100810,56,Female,0,1,0,1,1,0,0,38.4,138.0,96.0,179.4,184.6,58.7,130.8,105.4,Never,Rare,Active,Balanced,6.3,0
P100811,66,Male,0,0,1,0,0,0,0,18.4,122.0,76.0,95.8,181.5,69.8,102.9,84.8,Never,Rare,Moderate,Healthy,6.4,0
P100812,54,Male,0,0,0,0,0,0,0,22.3,118.0,,104.4,89.4,28.9,42.0,97.8,Former,Rare,Moderate,Poor,7.8,0
P100813,25,Male,0,0,0,0,0,0,0,20.9,110.0,72.0,107.1,155.1,47.1,103.9,260.3,Never,Moderate,Sedentary,Healthy,10.6,0
P100814,61,Female,0,0,0,0,1,0,0,23.8,130.0,75.0,88.2,223.3,48.4,,229.2,Current,Rare,Sedentary,Poor,,0
P100815,53,Other,0,1,0,1,1,0,0,23.7,144.0,87.0,137.9,202.3,63.3,112.4,270.7,Current,Moderate,Sedentary,Balanced,8.2,0
P100816,62,Male,0,0,0,0,1,0,0,25.4,128.0,89.0,90.0,197.8,71.9,165.6,226.8,Current,Rare,Active,Poor,8.4,0
P100817,51,Male,0,0,0,0,0,0,0,27.7,133.0,68.0,80.8,151.8,,97.1,116.7,Never,Rare,Active,Balanced,5.7,0
P100818,64,Female,0,0,0,1,0,0,0,33.5,136.0,79.0,101.0,153.4,58.8,90.9,160.3,Never,Rare,Sedentary,Poor,,0
P100819,54,Female,0,0,0,0,0,0,0,21.0,138.0,83.0,93.2,151.5,69.9,,157.1,Former,Rare,Moderate,Balanced,9.3,1
P100820,44,Female,0,0,0,0,0,0,0,29.9,118.0,71.0,98.4,194.6,72.2,124.3,140.7,Current,Rare,Moderate,Poor,6.6,0
P100821,50,Female,0,0,0,0,0,0,0,20.5,101.0,72.0,112.0,175.0,57.3,118.6,206.0,Former,Rare,Moderate,Balanced,8.5,0
P100822,58,Male,0,0,0,0,1,0,0,20.5,114.0,91.0,91.8,204.7,63.5,130.7,80.2,Never,Rare,Moderate,Balanced,5.9,0
P100823,61,Male,1,0,0,0,0,0,0,23.3,117.0,70.0,98.3,138.6,52.4,62.8,201.1,Never,Heavy,Moderate,Balanced,8.8,0
P100824,84,Female,0,0,0,0,0,0,0,21.1,123.0,79.0,94.8,175.9,61.6,107.2,186.6,Former,Rare,Sedentary,Healthy,7.2,0
P100825,66,Other,0,1,0,1,0,0,1,33.2,156.0,94.0,144.9,148.5,39.6,79.1,155.5,Never,Rare,Moderate,Balanced,6.8,0
P100826,38,Male,0,0,0,0,0,0,0,27.9,119.0,82.0,108.4,147.2,59.8,86.7,119.1,Never,Rare,Active,Balanced,5.6,0
P100827,50,Female,0,0,0,0,1,0,0,26.2,112.0,74.0,,191.0,49.2,133.4,137.5,Former,Rare,Moderate,Balanced,5.7,0
P100828,55,Female,0,0,0,0,0,0,0,27.9,129.0,67.0,71.9,126.0,56.8,112.4,193.9,Never,Rare,Moderate,Balanced,8.4,0
P100829,55,Male,1,0,0,0,0,0,0,23.7,110.0,80.0,110.7,112.0,36.5,,57.3,Former,Moderate,Moderate,Healthy,6.7,0
P100830,47,Male,0,0,0,0,1,0,0,31.1,115.0,63.0,95.7,214.1,45.6,157.5,136.5,Never,Rare,Moderate,Healthy,7.3,0
P100831,28,Female,0,0,0,0,0,0,0,23.4,113.0,77.0,89.7,141.4,52.3,98.2,68.7,Current,Moderate,Sedentary,Balanced,7.6,0
P100832,33,Female,0,0,0,0,0,0,0,28.7,119.0,81.0,98.4,173.0,55.1,129.1,10.1,Former,Heavy,Moderate,Balanced,7.5,0
P100833,75,Male,0,0,0,1,0,0,0,29.5,153.0,86.0,129.4,165.9,,113.6,166.3,Former,Rare,Sedentary,Balanced,7.1,0
P100834,62,Male,0,0,1,0,0,0,0,27.0,135.0,,97.0,163.0,53.0,115.8,24.8,Never,Rare,Active,Poor,6.4,0
P100835,47,Female,0,0,0,0,1,0,0,22.6,108.0,73.0,71.7,179.9,67.7,142.1,157.9,Former,Rare,Moderate,Poor,8.7,0
P100836,66,Male,1,0,0,0,0,0,0,28.5,140.0,80.0,89.7,185.7,46.7,107.1,91.7,Former,Moderate,Active,Balanced,7.3,0
P100837,56,Male,0,1,0,0,0,0,0,26.9,158.0,76.0,83.6,184.1,53.9,122.2,212.9,Never,Rare,Active,Balanced,7.9,0
P100838,54,Female,0,0,0,0,1,0,0,28.3,121.0,96.0,97.9,204.6,14.4,134.5,94.7,Former,Rare,Active,Healthy,5.6,1
P100839,43,Male,0,0,0,1,1,0,0,24.5,121.0,76.0,197.3,243.4,45.0,161.7,183.1,Never,Moderate,Moderate,Balanced,7.3,0
P100840,57,Female,0,0,0,0,1,0,0,25.7,136.0,81.0,92.0,191.1,50.6,133.9,96.0,Never,Heavy,Moderate,Poor,7.8,0
P100841,69,Female,0,0,0,1,1,0,1,27.7,130.0,85.0,148.3,263.7,53.3,148.6,256.9,Never,Heavy,Sedentary,Balanced,7.1,0
P100842,70,Male,0,0,0,1,0,0,0,24.0,121.0,78.0,107.3,167.5,35.1,120.9,46.4,Never,Rare,Moderate,Balanced,7.0,0
P100843,68,Female,0,0,1,0,1,0,0,15.2,130.0,82.0,104.2,240.9,24.1,122.6,144.0,Never,Moderate,Moderate,Balanced,6.7,0
P100844,60,Male,0,0,0,0,0,0,0,27.4,125.0,72.0,,,68.9,110.4,159.9,Former,Rare,Moderate,Healthy,5.9,0
P100845,38,Male,0,0,0,0,0,0,0,30.8,127.0,89.0,112.2,109.6,65.2,54.9,216.3,Former,Moderate,Sedentary,Balanced,7.4,0
P100846,44,Male,0,0,0,0,0,0,0,22.1,121.0,,111.3,113.6,72.6,98.6,182.0,Never,Rare,Sedentary,Balanced,4.6,0
P100847,61,Female,0,0,1,0,0,0,0,24.9,120.0,84.0,72.9,161.2,52.9,94.6,87.9,Current,Rare,Moderate,Balanced,5.7,0
P100848,74,Male,0,0,0,0,0,0,1,26.0,126.0,83.0,76.2,145.9,34.5,108.9,125.8,Current,Rare,Active,Balanced,6.4,0
P100849,54,Male,0,0,0,0,1,0,0,28.5,129.0,72.0,87.9,227.6,72.1,179.2,161.0,Never,Rare,Sedentary,Poor,6.7,0
P100850,56,Male,0,0,0,0,1,0,0,31.8,137.0,79.0,79.6,198.4,,139.3,35.1,Never,Rare,Sedentary,Poor,6.0,0
P100851,52,Female,0,0,0,0,0,0,0,27.2,148.0,76.0,,188.3,38.1,113.4,,Former,Moderate,Sedentary,Balanced,7.8,0
P100852,18,Male,0,0,0,0,1,0,0,18.9,100.0,70.0,96.1,225.8,39.1,139.2,,Never,Heavy,Active,Poor,7.1,0
P100853,29,Female,0,0,0,0,1,0,0,19.5,117.0,69.0,101.8,181.0,63.9,136.1,100.4,Former,Rare,Moderate,Healthy,7.7,0
P100854,69,Female,1,0,0,0,0,0,0,23.8,112.0,80.0,85.3,166.9,,79.5,159.9,Never,Rare,Active,Poor,6.1,0
P100855,60,Female,1,0,0,0,1,0,0,21.3,122.0,74.0,92.7,168.3,49.7,131.5,153.4,Never,Rare,Active,Balanced,5.9,0
P100856,33,Male,0,0,0,0,0,0,0,17.3,117.0,79.0,108.3,,43.2,83.0,131.0,Never,Heavy,Moderate,Balanced,7.9,0
P100857,58,Female,0,0,0,0,0,0,0,19.6,110.0,71.0,71.9,168.2,48.1,101.9,142.3,Never,Rare,Sedentary,Balanced,6.0,0
P100858,26,Female,1,0,0,0,0,0,0,27.7,117.0,90.0,97.8,,,46.8,93.4,Never,Moderate,Moderate,Healthy,7.7,0
P100859,37,Female,0,0,0,0,1,0,0,29.4,,82.0,,221.7,51.0,144.0,136.6,Current,Heavy,Sedentary,Poor,8.8,0
P100860,53,Male,0,1,0,0,0,0,0,37.7,135.0,73.0,105.5,157.2,41.5,90.8,124.8,Never,Moderate,Moderate,Healthy,,1
P100861,60,Female,0,0,0,0,0,0,0,23.4,135.0,67.0,105.1,,27.5,108.9,,Never,Heavy,Sedentary,Balanced,6.7,0
P100862,44,Female,0,0,0,0,0,0,0,22.7,135.0,72.0,,183.7,54.1,124.8,108.9,Never,Rare,Active,Healthy,8.4,0
P100863,44,Female,0,0,0,0,0,0,0,31.0,150.0,92.0,77.7,188.1,50.9,114.8,,Never,Rare,Moderate,Healthy,6.7,0
P100864,63,Female,0,1,0,0,0,0,0,24.9,137.0,74.0,91.7,139.8,49.9,96.9,118.1,Never,Rare,Moderate,Healthy,5.8,0
P100865,59,Female,0,0,0,0,1,0,0,28.8,121.0,73.0,105.5,230.4,63.9,150.1,106.0,Former,Rare,Active,Balanced,7.5,0
P100866,35,Female,0,0,0,0,1,0,0,28.5,105.0,88.0,97.9,185.9,53.2,134.3,162.3,Current,Rare,Moderate,Balanced,6.3,0
P100867,73,Female,1,0,0,1,1,0,0,29.5,135.0,79.0,143.3,221.7,38.6,159.3,150.1,Never,Moderate,Active,Balanced,5.2,0
P100868,56,Female,0,0,0,0,1,0,0,26.3,134.0,83.0,90.2,219.8,48.0,145.2,147.8,Never,Heavy,Active,Balanced,7.4,0
P100869,39,Male,0,0,0,0,0,0,0,26.0,132.0,67.0,,145.0,,84.0,141.4,Current,Rare,Moderate,Balanced,9.4,0
P100870,44,Male,0,0,0,0,0,0,0,23.4,114.0,92.0,101.7,160.4,43.6,119.1,-5.6,Former,Heavy,Sedentary,Balanced,5.7,0
P100871,43,Female,0,0,0,0,1,0,0,24.2,124.0,89.0,118.6,190.7,56.9,146.1,141.4,Current,Moderate,Moderate,Healthy,,0
P100872,68,Male,0,0,1,0,0,0,0,24.2,124.0,89.0,103.1,159.5,43.8,123.9,181.6,Current,Rare,Active,Poor,5.9,0
P100873,38,Male,0,0,0,0,1,0,0,25.9,110.0,72.0,77.1,221.6,,136.4,183.6,Never,Rare,Active,Balanced,7.0,0
P100874,60,Male,0,0,0,1,1,0,0,29.0,125.0,79.0,179.4,230.7,48.5,135.2,101.1,Never,Rare,Sedentary,Balanced,7.6,0
P100875,52,Female,1,0,0,1,0,0,0,30.2,134.0,77.0,138.0,170.7,,107.8,166.5,Former,Rare,Active,Balanced,8.2,0
P100876,35,Female,0,0,0,0,0,0,0,25.2,107.0,72.0,101.5,127.0,55.5,65.2,117.3,Never,Rare,Active,Balanced,7.2,0
P100877,61,Male,0,0,0,1,0,0,0,26.9,111.0,72.0,108.7,171.9,42.7,122.1,125.7,Never,Moderate,Sedentary,Balanced,,0
P100878,39,Male,0,0,0,0,0,0,0,34.8,117.0,83.0,87.0,143.0,39.3,122.4,63.0,Current,Moderate,Active,Poor,5.1,0
P100879,32,Female,0,0,0,0,0,0,0,19.0,113.0,81.0,85.2,116.0,32.6,74.5,102.2,Never,Rare,Sedentary,Poor,8.0,0
P100880,51,Male,0,0,0,0,0,0,0,29.4,139.0,82.0,96.7,185.3,53.6,94.8,,Never,Rare,Moderate,Balanced,7.3,0
P100881,50,Female,0,0,0,0,0,0,0,20.9,103.0,71.0,88.3,130.0,46.4,76.0,125.1,Never,Rare,Moderate,Balanced,9.9,0
P100882,77,Male,1,0,1,0,0,0,0,28.8,115.0,85.0,102.7,169.7,62.0,113.5,139.5,Never,Rare,Sedentary,Balanced,6.7,0
P100883,32,Female,0,0,0,0,0,0,0,23.9,116.0,88.0,83.2,135.0,65.2,82.0,72.5,Former,Heavy,Sedentary,Balanced,5.7,0
P100884,44,Male,1,0,0,0,0,0,0,23.5,112.0,77.0,108.5,196.7,40.1,123.3,145.9,Never,Moderate,Sedentary,Healthy,8.2,0
P100885,67,Male,0,1,1,0,0,0,0,25.2,,79.0,94.1,122.7,39.2,72.8,200.2,Current,Rare,Sedentary,Balanced,6.2,0
P100886,85,Male,0,0,0,0,1,0,0,22.8,133.0,77.0,84.1,271.8,36.0,178.1,137.5,Never,Rare,Moderate,Healthy,7.8,0
P100887,58,Female,1,1,0,0,0,0,0,29.1,135.0,90.0,113.1,194.1,51.1,128.5,104.9,Never,Rare,Moderate,Healthy,6.6,0
P100888,56,Female,0,0,0,0,0,0,0,23.2,126.0,67.0,119.8,132.1,56.4,74.8,124.0,Never,Moderate,Moderate,Balanced,,0
P100889,61,Female,0,0,0,0,0,0,0,20.0,119.0,85.0,100.9,168.3,24.4,107.2,232.3,Former,Rare,Active,Healthy,5.6,0
P100890,44,Other,0,0,0,0,0,0,0,22.0,118.0,83.0,87.3,162.9,37.4,94.5,174.7,Former,Rare,Sedentary,Healthy,6.9,0
P100891,41,Other,0,0,0,0,0,0,0,24.4,112.0,78.0,78.6,97.6,,73.0,146.6,Former,Moderate,Moderate,Balanced,8.2,0
P100892,77,Female,0,0,0,0,0,0,0,28.1,151.0,79.0,89.2,139.3,48.9,116.0,3.1,Never,Rare,Sedentary,Poor,9.1,0
P100893,48,Male,0,0,0,0,0,0,0,23.3,124.0,69.0,81.5,127.6,43.8,91.7,124.5,Never,Moderate,Moderate,Healthy,5.8,0
P100894,76,Male,0,0,0,1,0,0,0,24.8,137.0,82.0,93.1,121.3,37.8,44.2,90.4,Former,Rare,Moderate,Balanced,7.8,0
P100895,59,Female,0,0,0,0,1,0,0,22.2,126.0,76.0,77.9,243.4,44.0,146.3,98.6,Never,Moderate,Moderate,Balanced,,0
P100896,42,Female,0,0,0,0,0,0,0,27.0,121.0,78.0,92.5,183.2,51.2,99.2,130.4,Never,Rare,Sedentary,Balanced,6.5,0
P100897,35,Male,0,0,0,0,0,0,0,22.8,112.0,71.0,77.7,112.2,,57.1,146.1,Never,Moderate,Moderate,Healthy,,0
P100898,34,Male,0,0,0,0,0,0,0,22.8,126.0,69.0,,117.5,62.6,99.3,112.5,Never,Rare,Active,Healthy,7.9,0
P100899,35,Female,0,0,0,0,0,0,0,29.5,112.0,87.0,84.5,141.2,31.1,96.1,102.9,Never,Moderate,Sedentary,Poor,7.3,0
P100900,47,Female,1,0,0,0,0,0,0,28.1,101.0,81.0,109.5,172.0,62.5,110.7,170.0,Former,Rare,Moderate,Balanced,7.2,0
P100901,68,Male,0,0,0,1,1,0,0,30.8,155.0,81.0,148.9,192.7,,134.0,153.8,Former,Rare,Moderate,Poor,7.5,0
P100902,38,Female,0,0,0,0,0,0,0,23.8,107.0,75.0,86.2,159.3,55.5,89.7,120.2,Never,Rare,Moderate,Balanced,5.7,0
P100903,45,Male,0,0,0,0,0,0,0,19.2,135.0,68.0,105.6,164.4,52.0,125.8,,Former,Rare,Moderate,Healthy,7.0,0
P100904,44,Male,0,0,0,0,1,0,0,23.7,118.0,73.0,92.6,217.6,65.8,166.7,218.1,Never,Rare,Active,Poor,4.4,0
P100905,76,Female,0,0,0,0,1,0,0,19.1,138.0,64.0,108.5,213.0,40.6,,224.6,Never,Moderate,Active,Balanced,7.6,0
P100906,40,Male,0,0,0,1,0,0,0,29.6,123.0,84.0,166.6,175.1,,81.7,169.5,Never,Rare,Sedentary,Balanced,6.0,0
P100907,56,Male,0,0,0,0,1,0,0,32.7,134.0,74.0,76.6,235.2,41.5,168.0,65.2,Never,Rare,Sedentary,Healthy,5.4,0
P100908,32,Female,0,0,0,0,1,0,0,18.6,111.0,79.0,95.2,,70.9,131.4,67.5,Former,Rare,Moderate,Healthy,8.5,0
P100909,58,Male,0,0,0,0,1,0,0,15.8,109.0,76.0,99.4,258.9,62.5,159.4,82.8,Former,Rare,Active,Balanced,6.6,0
P100910,76,Female,0,0,1,0,1,0,0,21.8,137.0,74.0,89.2,208.6,,128.7,254.4,Never,Rare,Moderate,Healthy,8.1,0
P100911,65,Female,0,1,1,0,0,1,0,15.8,162.0,90.0,92.3,137.6,36.5,78.3,123.4,Former,Rare,Moderate,Healthy,5.4,0
P100912,57,Male,0,0,0,0,1,0,0,17.9,123.0,62.0,105.7,193.1,57.2,155.5,138.6,Never,Moderate,Moderate,Balanced,6.7,0
P100913,62,Male,0,0,0,0,0,1,0,17.2,126.0,,101.2,174.8,40.2,118.5,88.3,Current,Rare,Moderate,Healthy,8.5,0
P100914,49,Male,0,0,0,0,0,0,0,18.2,111.0,69.0,98.5,147.2,38.0,108.1,141.0,Never,Rare,Moderate,Balanced,6.0,0
P100915,60,Male,0,0,0,0,1,0,0,30.6,115.0,83.0,80.6,216.7,54.2,138.1,144.0,Current,Rare,Moderate,Healthy,6.3,0
P100916,73,Male,0,0,0,0,0,1,0,24.1,135.0,78.0,107.1,156.2,54.0,106.2,120.6,Never,Rare,Active,Balanced,7.2,0
P100917,65,Female,0,0,0,0,0,0,0,,128.0,76.0,91.7,176.4,50.0,84.9,255.2,Former,Rare,Moderate,Poor,6.9,0
P100918,62,Female,0,0,0,0,0,0,0,23.8,134.0,71.0,93.5,139.4,41.9,53.4,115.9,Current,Rare,Moderate,Balanced,8.7,0
P100919,43,Female,1,0,0,0,0,0,0,15.4,124.0,86.0,,181.2,55.0,109.3,260.9,Never,Moderate,Moderate,Healthy,7.4,0
P100920,43,Female,0,0,0,1,0,0,0,30.9,102.0,74.0,168.7,177.2,66.3,115.2,88.1,Never,Moderate,Moderate,Poor,6.7,0
P100921,41,Female,0,0,0,1,1,0,0,34.7,115.0,74.0,135.3,209.6,49.5,129.0,,Never,Rare,Moderate,Balanced,8.0,0
P100922,68,Male,0,0,0,0,1,0,0,30.3,140.0,76.0,83.5,181.6,55.6,143.4,30.4,Never,Moderate,Sedentary,Balanced,5.6,0
P100923,43,Male,0,0,0,0,1,0,0,22.9,122.0,71.0,105.3,262.6,52.9,180.1,182.0,Never,Rare,Moderate,Healthy,5.1,0
P100924,80,Female,0,0,0,0,0,0,0,29.9,,73.0,91.1,,48.3,122.5,179.8,Never,Moderate,Moderate,Balanced,7.7,0
P100925,71,Female,0,0,1,0,0,0,0,29.7,121.0,82.0,97.8,161.7,51.7,110.6,107.4,Never,Heavy,Moderate,Healthy,6.6,0
P100926,57,Male,0,0,0,0,0,0,0,27.2,109.0,72.0,109.0,180.6,46.6,116.7,254.1,Former,Moderate,Sedentary,Balanced,6.6,0
P100927,54,Female,0,0,0,0,1,0,0,16.0,113.0,77.0,89.8,258.7,45.5,179.6,135.4,Never,Rare,Active,Balanced,8.6,0
P100928,56,Male,0,0,0,0,0,0,0,21.6,117.0,79.0,76.3,172.1,61.9,103.4,116.8,Former,Moderate,Active,Poor,10.5,0
P100929,31,Female,0,0,0,0,0,0,0,23.7,113.0,82.0,97.0,171.5,55.1,110.4,175.5,Never,Rare,Moderate,Healthy,7.8,0
P100930,42,Male,0,0,0,0,1,0,0,38.7,145.0,80.0,91.3,202.4,27.8,141.4,219.8,Current,Moderate,Sedentary,Healthy,7.3,0
P100931,43,Female,0,0,0,1,0,0,0,27.0,115.0,73.0,190.5,167.7,31.4,106.2,210.8,Never,Heavy,Active,Healthy,6.6,0
P100932,46,Male,0,0,0,0,0,0,0,22.9,,76.0,83.1,145.6,61.4,88.1,195.5,Never,Rare,Moderate,Balanced,6.7,0
P100933,38,Female,0,0,0,0,1,0,0,30.8,118.0,85.0,96.7,203.5,28.0,132.2,212.5,Former,Rare,Moderate,Balanced,6.3,0
P100934,36,Male,0,0,0,0,1,0,0,30.4,120.0,72.0,91.0,217.5,53.2,115.7,56.2,Never,Rare,Moderate,Healthy,8.7,0
P100935,32,Male,0,0,0,0,0,0,0,22.3,108.0,58.0,,180.3,37.4,119.5,182.0,Never,Rare,Moderate,Healthy,7.6,0
P100936,37,Female,0,0,0,0,0,0,0,23.4,105.0,71.0,97.5,121.7,58.3,66.9,179.2,Current,Heavy,Sedentary,Healthy,5.8,0
P100937,46,Female,1,0,0,0,0,0,0,27.2,126.0,69.0,105.7,136.6,66.7,80.4,272.3,Current,Rare,Active,Balanced,5.9,0
P100938,63,Male,0,0,0,0,0,0,1,21.7,131.0,65.0,102.5,118.9,49.0,80.7,110.4,Never,Moderate,Active,Balanced,7.9,0
P100939,53,Female,0,0,0,0,0,0,0,26.3,122.0,89.0,76.7,149.5,55.2,112.2,82.0,Never,Rare,Active,Balanced,,0
P100940,61,Female,0,0,0,0,0,0,0,23.8,144.0,77.0,104.7,137.5,59.6,,183.9,Never,Rare,Active,Poor,9.5,0
P100941,45,Male,0,0,0,0,0,0,0,32.4,113.0,77.0,121.0,153.8,38.3,101.7,,Never,Moderate,Sedentary,Healthy,6.4,0
P100942,48,Male,0,0,0,1,1,0,0,35.1,143.0,80.0,141.4,186.9,53.2,130.5,155.4,Never,Rare,Sedentary,Balanced,7.4,0
P100943,58,Female,0,0,0,0,1,0,0,,119.0,64.0,92.9,203.0,57.6,172.6,176.3,Never,Rare,Moderate,Balanced,6.2,0
P100944,67,Male,0,0,0,0,0,0,0,32.4,120.0,78.0,91.2,146.0,46.4,84.2,94.5,Never,Heavy,Moderate,Poor,7.0,0
P100945,56,Male,0,0,0,0,0,0,0,36.7,137.0,76.0,100.8,186.9,40.3,118.6,204.5,Former,Rare,Active,Balanced,7.6,0
P100946,53,Female,0,0,0,1,0,0,0,31.1,108.0,87.0,98.2,,56.6,83.3,88.0,Never,Rare,Active,Balanced,7.4,0
P100947,53,Female,0,0,0,0,1,0,0,26.5,138.0,76.0,97.0,215.9,57.3,138.2,189.1,Former,Moderate,Moderate,Balanced,6.8,0
P100948,43,Female,0,0,0,0,1,0,0,21.7,123.0,83.0,94.1,231.2,49.9,140.3,134.6,Never,Rare,Active,Healthy,7.1,0
P100949,70,Female,0,0,0,0,1,0,1,19.0,122.0,65.0,91.2,220.6,63.3,206.9,192.7,Never,Rare,Active,Balanced,8.3,0
P100950,38,Female,0,0,0,0,0,0,0,24.5,111.0,70.0,93.3,199.2,65.6,,195.5,Former,Rare,Moderate,Balanced,6.9,0
P100951,75,Female,0,0,0,0,0,1,0,22.1,135.0,77.0,118.5,130.7,43.6,101.7,123.7,Never,Rare,Moderate,Balanced,6.0,0
P100952,64,Female,1,1,0,1,0,0,0,33.9,143.0,89.0,118.3,134.6,,60.1,212.7,Never,Rare,Sedentary,Poor,6.4,0
P100953,66,Female,0,0,0,0,1,0,0,35.2,142.0,94.0,,157.1,62.7,142.4,110.7,Never,Rare,Active,Healthy,4.9,0
P100954,50,Female,0,0,0,0,1,0,0,30.9,,75.0,74.7,203.0,55.1,140.0,137.7,Former,Rare,Sedentary,Balanced,6.4,0
P100955,62,Male,0,0,0,1,1,0,0,,134.0,86.0,118.6,206.5,42.3,158.3,122.1,Never,Moderate,Active,Balanced,6.8,0
P100956,29,Male,0,0,0,0,0,0,0,32.0,113.0,75.0,108.9,184.3,,104.3,127.2,Never,Moderate,Active,Poor,6.6,0
P100957,33,Male,0,0,0,0,1,0,0,28.6,123.0,71.0,117.7,222.2,62.6,132.3,96.9,Current,Moderate,Active,Healthy,7.3,0
P100958,44,Male,0,0,0,0,1,0,0,22.4,111.0,73.0,89.5,209.7,61.2,140.0,149.0,Never,Rare,Moderate,Healthy,8.4,0
P100959,35,Female,1,0,0,0,0,0,0,26.7,126.0,81.0,98.7,136.8,67.6,76.3,153.0,Former,Rare,Moderate,Balanced,6.7,0
P100960,45,Male,0,0,0,0,0,0,0,23.6,141.0,73.0,,141.7,68.9,91.2,131.9,Former,Rare,Moderate,Balanced,7.3,0
P100961,41,Female,0,0,0,0,0,0,0,25.3,96.0,76.0,107.4,157.2,45.3,97.1,194.5,Never,Rare,Moderate,Healthy,5.6,0
P100962,43,Female,0,1,0,0,0,0,0,27.9,137.0,86.0,97.6,171.4,35.1,130.0,109.0,Never,Rare,Moderate,Balanced,6.7,0
P100963,57,Male,0,0,0,0,0,0,0,19.6,127.0,70.0,96.7,159.6,42.9,105.0,104.0,Former,Rare,Active,Healthy,6.7,0
P100964,40,Female,0,0,0,0,0,0,0,20.2,113.0,,93.6,191.2,19.0,128.6,148.0,Never,Rare,Sedentary,Healthy,8.1,0
P100965,44,Female,0,0,0,0,0,0,0,24.7,127.0,84.0,107.7,132.9,26.2,71.0,136.1,Former,Rare,Moderate,Balanced,5.2,0
P100966,44,Female,0,0,0,0,0,0,0,26.4,135.0,73.0,76.1,176.9,38.1,110.7,147.4,Former,Rare,Active,Healthy,8.2,0
P100967,66,Male,0,1,0,0,0,1,0,21.5,151.0,80.0,93.9,184.6,56.3,120.0,94.0,Never,Rare,Moderate,Balanced,7.0,0
P100968,51,Female,0,0,0,0,0,0,0,,132.0,78.0,93.5,98.6,50.9,61.2,133.0,Never,Heavy,Active,Poor,4.7,0
P100969,48,Male,0,0,0,0,0,0,0,25.0,123.0,86.0,108.1,126.6,66.5,66.6,200.5,Former,Moderate,Moderate,Balanced,7.5,0
P100970,50,Male,0,0,0,0,0,0,0,27.4,116.0,79.0,89.3,158.2,54.4,87.2,185.6,Never,Rare,Moderate,Balanced,5.1,0
P100971,31,Other,0,0,0,0,0,0,0,22.5,102.0,67.0,96.5,180.6,51.3,,103.8,Never,Rare,Sedentary,Poor,5.7,0
P100972,48,Male,0,0,0,0,0,0,0,30.8,134.0,77.0,75.5,168.0,52.8,100.7,153.5,Never,Rare,Moderate,Balanced,7.5,0
P100973,64,Male,0,0,1,1,0,0,0,19.7,108.0,74.0,191.5,141.8,66.2,87.6,247.2,Never,Rare,Moderate,Healthy,7.7,0
P100974,56,Male,0,0,0,0,0,0,0,30.2,134.0,76.0,86.4,151.7,34.5,86.2,189.1,Never,Rare,Active,Balanced,8.6,0
P100975,38,Male,0,0,1,0,0,0,0,23.7,118.0,76.0,86.2,153.1,75.2,74.9,69.3,Never,Rare,Moderate,Balanced,6.8,0
P100976,19,Male,0,0,0,0,0,0,0,25.7,104.0,75.0,112.0,145.9,56.4,83.4,123.6,Current,Moderate,Moderate,Healthy,6.4,0
P100977,42,Female,1,0,0,0,1,0,0,24.9,107.0,87.0,84.6,247.0,51.7,174.2,198.4,Current,Rare,Sedentary,Balanced,6.1,0
P100978,47,Female,0,0,0,0,0,0,0,26.1,106.0,86.0,,154.7,55.8,68.8,99.0,Never,Moderate,Moderate,Balanced,7.2,0
P100979,59,Female,0,0,0,0,0,0,0,,117.0,84.0,,142.8,50.8,93.5,75.0,Never,Rare,Active,Poor,6.7,0
P100980,58,Male,0,0,0,0,0,0,0,27.5,144.0,82.0,91.4,172.8,57.9,114.5,147.6,Former,Rare,Sedentary,Healthy,8.2,0
P100981,36,Male,0,0,0,0,0,0,0,24.3,120.0,84.0,99.7,158.1,27.3,85.6,131.6,Never,Rare,Moderate,Balanced,6.5,0
P100982,56,Female,0,0,0,0,0,0,0,28.0,137.0,65.0,104.5,155.3,,121.8,180.8,Current,Rare,Sedentary,Balanced,5.4,0
P100983,84,Male,1,0,0,0,1,0,1,26.9,125.0,73.0,,230.6,42.4,137.6,,Never,Rare,Moderate,Balanced,7.5,0
P100984,42,Female,0,0,0,0,0,0,0,19.8,114.0,90.0,75.0,167.9,59.1,95.8,118.4,Current,Rare,Moderate,Balanced,6.5,0
P100985,73,Female,1,0,0,0,0,1,0,25.1,126.0,73.0,106.4,150.2,48.9,115.3,29.5,Never,Rare,Sedentary,Poor,7.8,0
P100986,37,Female,0,0,0,0,0,0,0,30.2,129.0,86.0,105.2,153.7,40.2,119.7,204.1,Current,Moderate,Moderate,Balanced,6.8,0
P100987,62,Male,0,0,0,1,0,0,0,32.5,130.0,80.0,158.2,172.5,71.5,109.6,152.1,Never,Rare,Moderate,Poor,6.6,0
P100988,34,Male,0,0,0,0,0,0,0,31.8,97.0,91.0,121.7,170.5,43.8,119.7,237.9,Never,Heavy,Moderate,Balanced,9.0,0
P100989,52,Female,0,0,0,0,0,0,0,16.6,110.0,78.0,95.9,191.8,46.2,121.1,166.3,Former,Rare,Active,Balanced,6.2,0
P100990,41,Male,0,0,0,0,0,0,0,21.3,112.0,82.0,94.3,194.6,39.8,125.4,137.9,Never,Moderate,Active,Poor,7.7,0
P100991,76,Female,0,1,1,0,0,0,0,31.2,154.0,78.0,103.5,124.9,45.5,87.5,27.2,Never,Rare,Sedentary,Balanced,6.2,0
P100992,38,Female,0,0,0,0,1,0,0,31.4,120.0,88.0,88.4,213.6,31.9,128.7,92.1,Former,Rare,Moderate,Balanced,7.1,0
P100993,88,Male,0,0,0,0,1,1,0,29.1,134.0,78.0,84.7,207.3,39.4,98.9,151.7,Never,Rare,Active,Balanced,5.8,1
P100994,43,Female,0,0,0,0,0,0,0,26.9,102.0,77.0,99.7,156.3,52.1,84.9,93.5,Never,Heavy,Sedentary,Balanced,8.5,0
P100995,54,Female,0,0,0,0,0,0,0,24.2,130.0,73.0,82.5,171.5,55.0,114.4,124.8,Never,Moderate,Moderate,Balanced,8.0,0
P100996,50,Male,0,0,0,0,0,0,0,22.9,113.0,74.0,88.8,131.1,50.4,62.5,101.3,Never,Rare,Moderate,Healthy,7.0,0
P100997,35,Female,0,0,0,0,0,0,0,22.0,106.0,81.0,84.4,160.7,59.2,76.5,21.5,Current,Heavy,Moderate,Balanced,3.5,0
P100998,61,Male,1,1,0,0,1,0,0,19.0,136.0,68.0,97.1,219.5,68.8,119.3,196.3,Never,Heavy,Active,Poor,5.9,0
P100999,73,Male,0,0,0,0,0,0,0,22.2,127.0,65.0,100.3,135.0,32.7,116.9,162.7,Never,Moderate,Moderate,Balanced,5.7,0
P101000,37,Male,1,0,0,0,1,0,0,33.1,137.0,88.0,,174.8,72.5,133.2,80.1,Former,Rare,Sedentary,Poor,6.7,0
P101001,66,Male,0,0,0,0,1,1,0,31.0,132.0,85.0,83.5,225.0,38.0,160.5,196.4,Never,Rare,Sedentary,Balanced,,0
P101002,40,Female,0,0,0,0,1,0,0,23.5,102.0,76.0,96.4,170.1,43.5,165.9,94.0,Never,Moderate,Sedentary,Balanced,9.4,0
P101003,25,Female,0,0,0,0,0,0,0,25.6,120.0,82.0,85.3,148.9,43.2,95.5,,Former,Rare,Moderate,Balanced,7.7,0
P101004,50,Male,0,0,0,0,0,0,0,30.2,128.0,78.0,85.9,140.1,68.6,97.5,140.9,Never,Rare,Sedentary,Healthy,6.9,0
P101005,57,Female,0,0,0,1,1,0,0,33.9,130.0,72.0,181.4,202.0,60.7,,82.8,Current,Moderate,Moderate,Poor,5.1,0
P101006,59,Female,0,0,0,0,0,0,0,24.1,118.0,71.0,87.9,140.0,31.3,88.8,,Former,Rare,Moderate,Poor,7.2,0
P101007,49,Female,0,0,0,0,0,0,0,21.6,115.0,86.0,94.9,157.8,52.7,110.7,179.6,Never,Rare,Moderate,Poor,8.2,0
P101008,84,Female,0,0,1,1,0,1,1,29.3,137.0,84.0,,190.1,50.2,100.6,139.2,Never,Moderate,Moderate,Balanced,8.6,0
P101009,53,Male,1,0,0,0,0,0,0,21.7,102.0,69.0,77.2,131.2,38.5,88.2,216.4,Never,Rare,Active,Balanced,6.4,0
P101010,65,Female,0,0,0,1,0,0,0,,129.0,71.0,164.1,186.3,40.2,120.8,171.4,Former,Moderate,Sedentary,Healthy,7.7,0
P101011,43,Female,0,0,0,0,1,0,0,20.2,113.0,82.0,109.4,153.5,45.5,133.9,174.2,Former,Heavy,Active,Healthy,8.8,0
P101012,51,Female,0,0,0,0,1,0,0,20.5,104.0,61.0,83.6,186.8,43.7,144.4,102.7,Current,Rare,Moderate,Healthy,6.0,0
P101013,60,Male,1,1,1,0,0,0,0,29.1,144.0,87.0,103.0,121.8,42.9,59.5,94.9,Current,Moderate,Active,Poor,7.0,0
P101014,57,Other,0,0,0,1,1,0,0,26.5,128.0,76.0,101.1,180.1,36.2,144.7,149.0,Former,Rare,Moderate,Healthy,4.6,0
P101015,27,Male,0,0,0,0,0,0,0,18.6,94.0,75.0,61.8,164.2,49.6,105.0,163.2,Never,Rare,Sedentary,Balanced,8.2,0
P101016,60,Female,0,1,0,0,0,0,0,23.2,138.0,84.0,103.7,127.3,39.9,82.8,104.9,Never,Heavy,Sedentary,Balanced,6.5,0
P101017,80,Male,0,0,0,0,0,0,0,22.1,161.0,84.0,111.4,171.9,50.8,119.0,196.5,Never,Heavy,Sedentary,Balanced,7.6,0
P101018,44,Male,0,0,0,0,0,0,0,17.0,116.0,66.0,102.7,181.8,43.9,88.6,196.8,Current,Rare,Moderate,Balanced,6.2,0
P101019,48,Male,0,0,0,0,1,0,0,31.5,127.0,88.0,90.6,190.1,36.7,158.7,189.8,Current,Moderate,Sedentary,Balanced,6.5,0
P101020,52,Male,0,1,0,0,1,0,0,27.8,153.0,75.0,86.0,247.9,38.6,167.5,119.1,Former,Moderate,Moderate,Healthy,6.2,0
P101021,48,Male,0,0,0,0,0,0,0,27.2,122.0,68.0,91.7,153.2,52.9,92.9,126.6,Former,Rare,Moderate,Balanced,6.1,0
P101022,53,Male,0,0,0,0,0,0,0,,111.0,76.0,92.0,149.1,50.2,76.0,,Never,Rare,Moderate,Balanced,5.6,0
P101023,60,Female,1,0,1,0,0,0,0,23.9,136.0,73.0,78.5,105.3,67.8,88.9,166.8,Current,Rare,Moderate,Poor,6.9,0
P101024,61,Female,0,0,0,0,0,0,0,28.9,138.0,,107.2,131.2,48.2,77.6,,Never,Rare,Moderate,Balanced,6.1,0
P101025,26,Female,0,0,0,0,1,0,0,27.3,104.0,75.0,71.7,238.5,54.3,163.7,180.3,Current,Rare,Moderate,Balanced,5.1,0
P101026,69,Male,0,0,0,0,1,0,0,25.4,121.0,73.0,91.0,205.6,50.5,125.5,,Never,Moderate,Sedentary,Balanced,7.0,0
P101027,76,Female,0,0,0,0,0,1,0,,123.0,77.0,101.9,117.3,36.6,98.8,168.9,Former,Rare,Sedentary,Balanced,6.0,0
P101028,47,Female,0,0,0,0,1,0,0,28.4,144.0,77.0,82.2,187.9,36.4,139.3,160.4,Never,Moderate,Active,Balanced,7.7,0
P101029,52,Female,0,0,0,0,1,0,0,23.4,113.0,89.0,85.3,170.9,48.8,133.7,140.2,Never,Rare,Moderate,Healthy,7.8,0
P101030,53,Male,0,0,0,0,0,0,0,26.7,114.0,81.0,93.7,156.3,49.2,95.3,203.6,Former,Rare,Sedentary,Healthy,6.2,0
P101031,51,Female,0,0,0,0,0,0,0,24.3,118.0,68.0,119.2,171.8,49.1,93.3,124.1,Never,Rare,Moderate,Balanced,8.2,0
P101032,27,Male,0,0,0,0,0,0,0,31.7,121.0,79.0,103.2,164.2,41.6,100.0,187.8,Never,Rare,Moderate,Balanced,5.4,0
P101033,47,Male,1,0,0,0,0,0,0,23.9,124.0,72.0,108.5,,56.0,125.2,74.5,Never,Rare,Active,Balanced,7.1,0
P101034,69,Female,0,0,0,0,0,0,0,27.0,129.0,77.0,105.6,186.6,53.0,120.0,61.0,Never,Moderate,Moderate,Balanced,6.1,0
P101035,85,Female,0,0,0,0,0,1,0,25.6,133.0,74.0,,171.5,48.5,107.5,95.2,Never,Rare,Active,Healthy,4.0,0
P101036,34,Female,0,0,0,0,1,0,0,26.0,93.0,87.0,96.3,214.8,63.3,118.0,213.9,Never,Heavy,Moderate,Healthy,7.3,0
P101037,57,Female,0,0,0,0,0,0,0,21.7,123.0,78.0,114.9,147.1,55.3,89.4,151.7,Never,Heavy,Moderate,Balanced,6.2,1
P101038,37,Male,0,0,0,0,1,0,0,21.2,131.0,82.0,89.2,204.4,51.5,,138.0,Never,Moderate,Sedentary,Balanced,6.4,0
P101039,49,Female,0,0,0,1,0,0,0,34.1,158.0,83.0,168.3,158.1,43.9,99.8,83.1,Never,Rare,Moderate,Healthy,6.4,0
P101040,37,Female,0,0,0,0,0,0,0,29.5,120.0,86.0,106.6,135.3,42.9,91.5,90.4,Current,Rare,Sedentary,Poor,7.8,0
P101041,29,Male,0,0,0,0,0,0,0,27.5,123.0,84.0,107.4,162.2,42.5,,131.4,Never,Rare,Moderate,Poor,8.5,0
P101042,36,Male,0,0,0,0,1,0,0,24.1,103.0,72.0,79.0,204.1,28.7,142.9,230.4,Never,Rare,Active,Balanced,7.4,0
P101043,36,Male,0,0,0,0,0,0,0,26.6,130.0,83.0,97.6,187.3,53.5,94.7,93.6,Never,Rare,Moderate,Balanced,6.2,0
P101044,58,Female,0,1,0,0,0,0,0,34.2,159.0,98.0,103.3,127.2,54.7,73.1,164.3,Current,Moderate,Sedentary,Poor,8.4,0
P101045,49,Male,0,0,0,1,0,0,0,37.1,120.0,74.0,107.1,114.1,27.5,105.5,247.3,Never,Rare,Active,Poor,6.2,0
P101046,30,Female,0,0,0,0,0,0,0,18.8,122.0,85.0,85.7,142.1,66.5,95.7,115.9,Current,Heavy,Moderate,Balanced,7.6,0
P101047,31,Male,0,0,1,0,0,0,0,25.2,95.0,70.0,109.7,180.4,54.6,115.8,205.9,Never,Rare,Sedentary,Healthy,4.8,0
P101048,35,Female,0,0,0,0,0,0,0,27.7,142.0,74.0,97.1,108.5,66.3,88.8,162.2,Never,Rare,Active,Healthy,6.4,0
P101049,55,Female,0,0,0,0,1,0,0,32.7,121.0,75.0,86.7,224.0,30.6,149.3,211.4,Never,Rare,Moderate,Poor,6.7,0
P101050,45,Male,0,0,0,0,1,0,0,16.2,106.0,85.0,93.9,216.7,32.2,146.4,55.1,Current,Rare,Active,Healthy,5.6,0
P101051,57,Male,0,1,0,0,0,0,0,29.4,142.0,81.0,101.3,177.2,52.4,124.4,87.5,Never,Rare,Sedentary,Healthy,6.5,0
P101052,48,Female,0,0,0,1,0,0,0,,131.0,82.0,160.6,177.3,60.4,110.6,141.2,Never,Rare,Sedentary,Balanced,7.9,0
P101053,45,Female,0,0,0,0,1,0,0,31.2,119.0,82.0,74.2,185.8,56.6,137.6,192.5,Never,Heavy,Sedentary,Balanced,7.1,0
P101054,33,Female,0,0,0,0,0,0,0,30.6,115.0,72.0,,163.7,65.7,118.0,191.2,Current,Rare,Sedentary,Healthy,5.0,0
P101055,69,Female,0,0,0,0,0,0,0,20.6,107.0,83.0,79.1,122.2,44.8,82.3,79.9,Current,Rare,Active,Balanced,7.0,0
P101056,43,Male,0,0,0,0,0,0,0,26.8,133.0,77.0,96.7,179.2,70.0,105.0,138.6,Current,Moderate,Sedentary,Balanced,4.9,0
P101057,40,Female,1,0,0,0,0,0,0,24.5,125.0,77.0,94.4,,57.7,71.9,64.5,Never,Rare,Active,Balanced,7.2,0
P101058,64,Male,0,0,1,0,0,0,0,,128.0,68.0,99.6,178.9,45.4,118.6,185.8,Never,Moderate,Active,Balanced,8.1,0
P101059,43,Other,0,0,0,0,0,0,0,24.3,113.0,88.0,94.4,138.5,,67.0,137.1,Never,Rare,Sedentary,Healthy,7.2,0
P101060,57,Male,0,0,0,0,0,0,0,29.6,125.0,73.0,76.3,160.7,36.4,,249.2,Never,Rare,Moderate,Healthy,5.4,0
P101061,65,Male,0,0,0,0,0,0,0,31.1,151.0,76.0,67.9,156.3,52.9,106.6,225.9,Never,Rare,Sedentary,Balanced,9.2,0
P101062,36,Male,0,0,0,0,0,0,0,35.0,119.0,73.0,101.1,133.4,55.6,60.3,,Never,Moderate,Moderate,Balanced,5.3,0
P101063,59,Male,0,0,0,0,0,0,0,25.1,108.0,81.0,103.5,170.0,52.3,87.2,136.5,Never,Rare,Moderate,Poor,6.0,0
P101064,19,Female,0,0,0,0,0,0,0,25.2,121.0,71.0,112.2,156.3,44.7,69.6,159.7,Current,Moderate,Moderate,Healthy,7.3,0
P101065,63,Male,0,0,0,0,0,0,0,26.5,129.0,87.0,99.9,85.2,45.9,43.7,89.2,Never,Moderate,Moderate,Balanced,7.7,0
P101066,60,Male,0,0,0,0,0,0,0,25.8,129.0,88.0,99.8,170.9,44.6,103.8,171.5,Never,Rare,Active,Poor,5.4,0
P101067,57,Female,0,0,0,0,0,0,0,33.8,112.0,91.0,,185.5,65.2,124.3,6.1,Never,Rare,Moderate,Poor,7.8,0
P101068,42,Male,0,0,0,1,0,0,0,26.1,118.0,74.0,189.2,153.7,64.1,96.3,171.6,Never,Rare,Moderate,Balanced,7.9,0
P101069,40,Female,1,0,0,1,1,0,0,27.4,123.0,74.0,116.8,177.1,68.0,131.8,133.1,Current,Moderate,Active,Balanced,7.6,0
P101070,47,Female,0,0,0,0,0,0,0,19.5,108.0,55.0,106.4,166.6,78.6,98.4,113.3,Current,Moderate,Moderate,Healthy,5.4,0
P101071,88,Male,0,1,0,0,0,0,0,31.5,153.0,85.0,73.1,151.6,67.7,85.1,145.1,Current,Moderate,Active,Balanced,7.5,0
P101072,32,Female,0,0,0,0,0,0,0,28.4,123.0,89.0,91.3,162.4,46.9,122.9,103.6,Never,Rare,Moderate,Healthy,6.3,0
P101073,42,Male,0,1,0,0,1,0,0,26.8,139.0,88.0,94.8,207.5,53.4,136.7,195.5,Never,Moderate,Sedentary,Poor,6.0,0
P101074,64,Male,0,0,0,0,0,0,0,,118.0,79.0,80.2,181.2,49.6,95.7,174.2,Former,Rare,Sedentary,Balanced,8.2,0
P101075,46,Female,0,0,0,0,1,0,0,22.5,120.0,,,209.0,61.8,160.2,224.5,Never,Rare,Moderate,Balanced,7.8,0
P101076,49,Female,0,0,0,0,0,0,0,21.0,109.0,78.0,96.1,171.0,36.2,92.8,208.5,Never,Moderate,Active,Poor,6.8,0
P101077,72,Female,0,0,0,1,1,0,0,34.7,133.0,68.0,160.2,209.9,47.7,117.7,149.1,Never,Rare,Active,Balanced,8.2,0
P101078,46,Female,0,1,0,0,0,0,0,35.2,140.0,86.0,95.6,180.2,,,74.5,Never,Rare,Sedentary,Balanced,7.0,0
P101079,57,Male,0,0,0,0,0,0,0,23.6,122.0,90.0,103.1,142.6,31.6,90.2,117.0,Never,Rare,Sedentary,Balanced,7.0,0
P101080,41,Female,0,0,0,1,0,0,0,30.6,138.0,73.0,,156.9,42.2,89.4,206.0,Former,Rare,Active,Poor,6.9,0
P101081,54,Female,0,0,0,0,0,0,0,17.0,123.0,76.0,95.5,125.4,50.8,80.4,136.2,Never,Rare,Moderate,Healthy,7.3,0
P101082,41,Female,0,0,0,0,1,0,0,25.9,145.0,84.0,98.0,249.1,21.9,175.3,192.4,Never,Rare,Moderate,Healthy,8.0,0
P101083,81,Male,0,1,0,1,0,0,0,36.0,160.0,88.0,133.3,144.7,57.2,102.4,262.0,Never,Rare,Moderate,Poor,7.0,0
P101084,47,Female,0,0,0,0,1,0,0,29.2,116.0,78.0,97.3,198.5,,132.5,182.9,Former,Moderate,Active,Balanced,6.9,0
P101085,24,Male,0,0,0,0,0,0,0,34.2,98.0,75.0,95.2,123.9,57.1,84.9,186.1,Former,Rare,Moderate,Balanced,7.6,0
P101086,46,Female,0,0,0,0,1,0,0,25.3,120.0,78.0,79.1,208.5,35.5,118.2,215.7,Never,Rare,Active,Balanced,6.1,0
P101087,52,Female,0,0,0,0,1,0,0,22.4,141.0,61.0,95.0,230.0,50.5,178.6,149.3,Never,Rare,Active,Healthy,7.1,0
P101088,26,Male,0,0,0,0,0,0,0,34.2,109.0,76.0,94.6,198.3,,126.9,104.6,Never,Rare,Moderate,Balanced,6.6,0
P101089,52,Female,0,0,0,0,1,0,0,16.3,108.0,81.0,100.7,211.6,43.4,120.0,78.3,Never,Rare,Moderate,Poor,7.1,0
P101090,64,Female,0,0,0,0,1,0,0,24.6,124.0,68.0,116.6,208.6,30.4,142.0,184.8,Never,Rare,Moderate,Healthy,7.2,0
P101091,45,Male,0,0,0,0,1,0,0,28.6,111.0,68.0,100.7,191.6,55.4,138.4,47.6,Never,Moderate,Sedentary,Healthy,7.6,0
P101092,79,Male,0,1,0,0,1,0,0,22.6,140.0,90.0,123.0,201.3,58.4,119.7,109.9,Former,Rare,Sedentary,Balanced,8.3,0
P101093,77,Male,0,0,0,0,0,1,0,28.8,132.0,79.0,81.1,150.9,75.5,95.1,120.0,Never,Moderate,Active,Balanced,6.4,0
P101094,59,Female,0,0,0,0,0,0,0,24.7,127.0,80.0,81.0,145.2,43.7,91.0,195.6,Never,Rare,Moderate,Poor,8.6,0
P101095,49,Female,0,0,0,0,1,0,0,22.4,109.0,76.0,76.1,209.3,38.9,130.3,206.7,Never,Rare,Moderate,Healthy,6.3,0
P101096,37,Male,0,0,0,0,1,0,0,26.5,107.0,80.0,84.3,144.5,58.5,131.7,67.5,Never,Rare,Sedentary,Healthy,5.9,0
P101097,48,Other,0,1,0,0,1,0,0,,,87.0,,222.5,47.7,149.8,87.0,Never,Moderate,Moderate,Healthy,6.4,0
P101098,43,Male,0,0,0,0,1,0,0,28.4,111.0,92.0,87.2,208.8,44.9,124.8,250.1,Never,Rare,Active,Balanced,8.4,0
P101099,52,Female,1,0,0,0,0,0,0,24.9,119.0,81.0,77.1,176.2,51.4,128.0,158.4,Former,Rare,Moderate,Poor,,0
P101100,51,Male,0,0,0,0,1,0,0,29.2,132.0,79.0,116.2,246.9,52.7,162.4,109.0,Current,Rare,Active,Healthy,7.1,0
P101101,70,Male,0,0,0,0,0,0,0,25.5,135.0,66.0,108.4,157.9,53.8,92.0,146.4,Never,Rare,Moderate,Healthy,6.3,0
P101102,36,Male,0,0,0,0,0,0,0,29.7,109.0,76.0,83.2,191.3,48.6,129.7,,Never,Rare,Moderate,Healthy,7.8,0
P101103,43,Male,0,0,0,0,0,0,0,30.2,119.0,74.0,76.1,159.9,57.9,102.1,37.6,Never,Rare,Active,Poor,4.1,0
P101104,64,Male,0,1,0,0,0,0,0,31.7,136.0,94.0,88.3,,48.5,110.9,78.6,Never,Rare,Sedentary,Balanced,6.3,0
P101105,51,Male,0,0,0,0,0,0,0,18.3,134.0,74.0,,193.3,37.9,129.9,168.5,Never,Heavy,Active,Balanced,6.8,0
P101106,50,Female,1,0,0,0,0,0,0,26.7,120.0,85.0,106.7,177.4,59.5,119.2,181.9,Never,Moderate,Active,Balanced,4.8,0
P101107,66,Male,0,0,0,0,0,0,0,35.1,143.0,75.0,91.7,181.5,37.0,110.8,104.2,Never,Rare,Active,Poor,6.8,0
P101108,81,Male,0,0,0,0,0,0,0,31.4,138.0,68.0,75.6,,,50.2,246.3,Never,Rare,Moderate,Poor,5.2,0
P101109,58,Female,0,0,0,0,0,0,0,22.0,111.0,81.0,98.1,171.6,54.8,99.8,198.1,Never,Rare,Moderate,Poor,5.9,0
P101110,56,Male,0,1,0,0,0,0,0,30.9,144.0,78.0,74.4,170.6,32.6,118.5,125.6,Former,Heavy,Moderate,Balanced,7.7,0
P101111,35,Other,0,0,0,0,0,0,0,,124.0,84.0,96.3,131.3,29.4,96.7,225.6,Never,Rare,Sedentary,Balanced,7.5,0
P101112,60,Female,0,0,0,0,0,0,0,26.6,121.0,79.0,98.1,177.9,44.6,128.7,,Former,Rare,Active,Balanced,6.9,0
P101113,61,Female,0,0,0,0,0,0,0,22.9,121.0,66.0,89.2,155.5,30.9,111.3,60.7,Former,Rare,Active,Healthy,6.6,0
P101114,69,Male,0,0,0,0,0,0,0,28.6,141.0,81.0,106.3,105.1,49.7,66.1,146.6,Never,Rare,Active,Healthy,8.0,0
P101115,53,Male,0,0,0,0,0,0,0,30.2,125.0,,75.9,199.6,56.7,120.0,76.5,Never,Rare,Moderate,Healthy,8.2,0
P101116,60,Male,0,0,0,0,0,0,0,28.8,127.0,84.0,99.5,176.3,49.7,103.7,147.3,Never,Rare,Sedentary,Poor,6.6,0
P101117,54,Male,0,0,0,0,0,0,0,25.5,129.0,75.0,108.1,188.5,47.2,110.7,99.3,Current,Moderate,Moderate,Balanced,3.8,0
P101118,54,Male,0,0,0,0,0,0,0,19.5,134.0,82.0,77.4,140.2,48.9,113.9,199.2,Never,Rare,Sedentary,Balanced,7.1,0
P101119,41,Male,0,0,0,0,0,0,0,22.3,104.0,71.0,74.0,103.1,23.0,41.8,92.0,Former,Rare,Active,Balanced,5.5,0
P101120,47,Male,0,0,0,1,0,0,0,25.6,115.0,74.0,145.9,148.4,56.6,85.8,,Current,Rare,Sedentary,Balanced,7.2,0
P101121,57,Male,0,0,0,0,0,0,0,18.0,121.0,74.0,117.1,166.3,63.1,111.6,16.6,Never,Rare,Active,Poor,5.4,0
P101122,89,Male,0,0,0,0,0,0,0,33.9,143.0,87.0,,164.2,60.1,86.2,125.3,Current,Rare,Moderate,Balanced,6.2,0
P101123,39,Female,0,0,0,0,1,0,0,21.2,117.0,77.0,104.8,206.0,33.8,133.8,205.3,Never,Rare,Active,Balanced,5.8,0
P101124,65,Male,0,0,0,0,1,0,0,27.0,126.0,68.0,71.2,176.0,48.7,142.0,148.4,Current,Rare,Moderate,Healthy,7.1,0
P101125,55,Female,1,0,0,0,0,0,0,19.3,130.0,78.0,88.7,150.0,59.9,71.6,96.7,Never,Moderate,Moderate,Balanced,7.4,0
P101126,57,Male,0,0,0,0,0,0,0,29.7,117.0,85.0,86.2,150.8,36.5,97.2,223.4,Former,Rare,Active,Balanced,6.8,0
P101127,49,Female,0,0,0,1,0,0,0,28.1,109.0,79.0,148.0,158.7,38.7,81.5,84.9,Former,Rare,Moderate,Healthy,8.7,0
P101128,81,Other,0,0,0,0,1,1,0,25.5,140.0,81.0,101.0,192.1,,133.0,113.0,Former,Rare,Moderate,Healthy,6.8,0
P101129,74,Male,0,0,0,0,0,1,0,28.9,122.0,100.0,65.5,195.6,66.7,,182.4,Former,Moderate,Moderate,Healthy,5.8,0
P101130,54,Male,0,0,0,0,1,0,0,22.3,121.0,72.0,101.3,203.9,68.7,139.5,135.1,Current,Moderate,Moderate,Poor,6.2,0
P101131,44,Male,0,0,0,0,1,0,0,24.1,126.0,77.0,86.4,151.0,44.5,130.9,157.5,Never,Rare,Active,Balanced,5.5,0
P101132,43,Male,0,0,0,0,0,0,0,25.0,109.0,87.0,99.2,154.4,35.5,103.7,135.6,Former,Rare,Moderate,Healthy,7.7,0
P101133,53,Female,0,0,0,0,0,0,0,23.9,97.0,77.0,94.1,175.9,49.4,123.6,244.1,Never,Rare,Sedentary,Healthy,5.1,0
P101134,67,Male,0,0,0,0,0,0,0,27.1,135.0,76.0,75.2,183.7,,114.9,125.2,Current,Rare,Sedentary,Poor,8.6,0
P101135,66,Male,0,0,0,0,0,0,0,26.4,127.0,81.0,88.5,132.9,54.1,57.8,196.5,Never,Rare,Active,Healthy,10.4,0
P101136,49,Other,0,0,0,0,1,0,0,21.9,123.0,71.0,91.9,250.9,46.2,161.9,128.2,Never,Rare,Moderate,Balanced,8.8,0
P101137,43,Male,0,0,0,0,1,0,0,36.7,125.0,82.0,103.2,,54.7,137.1,59.8,Former,Moderate,Moderate,Healthy,7.2,0
P101138,45,Male,0,0,0,0,0,0,0,21.5,,84.0,118.9,174.1,51.4,121.3,154.3,Never,Rare,Active,Balanced,5.5,0
P101139,33,Male,0,0,0,0,0,0,0,20.8,102.0,73.0,89.1,189.7,22.2,107.1,149.9,Current,Rare,Active,Balanced,6.7,0
P101140,36,Other,0,0,0,0,0,0,0,26.0,107.0,76.0,86.9,168.2,51.6,119.9,110.2,Never,Rare,Moderate,Balanced,7.6,0
P101141,43,Female,0,0,0,0,1,0,0,,98.0,80.0,102.4,193.6,60.3,136.1,228.2,Never,Moderate,Moderate,Balanced,7.5,0
P101142,54,Male,0,0,0,0,0,0,0,24.0,109.0,88.0,,181.7,34.7,121.1,86.2,Former,Rare,Moderate,Poor,8.5,0
P101143,51,Female,0,0,0,0,1,0,0,23.3,123.0,69.0,111.8,218.6,62.4,125.5,128.9,Former,Heavy,Moderate,Balanced,,0
P101144,45,Male,0,0,0,0,0,0,0,29.9,117.0,80.0,92.7,123.7,55.7,84.3,73.5,Never,Rare,Sedentary,Healthy,8.6,0
P101145,56,Female,1,0,0,0,0,0,0,26.7,126.0,70.0,84.8,138.6,47.6,85.0,188.9,Never,Rare,Moderate,Balanced,8.1,0
P101146,24,Male,0,0,0,0,1,0,0,22.3,114.0,77.0,94.4,209.7,48.2,158.4,286.0,Never,Rare,Active,Balanced,8.1,0
P101147,36,Female,0,0,0,0,0,0,0,24.7,111.0,80.0,83.1,158.8,62.9,118.9,136.4,Current,Rare,Sedentary,Healthy,7.0,0
P101148,52,Male,1,0,0,0,0,0,0,23.3,108.0,72.0,101.2,170.7,45.0,107.0,155.8,Never,Moderate,Moderate,Balanced,7.2,0
P101149,43,Male,0,0,0,0,0,0,0,26.1,110.0,79.0,85.6,146.8,60.1,93.8,135.2,Never,Rare,Sedentary,Balanced,6.4,0
P101150,36,Female,0,0,0,0,0,0,0,20.6,107.0,81.0,103.4,159.8,29.2,91.0,172.6,Never,Heavy,Sedentary,Balanced,6.6,0
P101151,61,Female,1,0,0,0,0,0,0,20.5,120.0,80.0,71.0,182.4,64.6,111.2,194.1,Never,Rare,Active,Balanced,8.0,0
P101152,57,Male,0,0,0,0,1,0,0,23.3,127.0,85.0,103.6,208.3,55.1,136.7,176.6,Never,Rare,Sedentary,Healthy,6.8,0
P101153,33,Male,0,0,0,0,1,0,0,19.2,108.0,82.0,112.7,192.4,42.9,132.1,,Never,Rare,Moderate,Balanced,8.3,0
P101154,42,Female,0,0,0,0,1,0,0,25.1,136.0,84.0,113.8,188.5,52.1,130.7,54.1,Current,Rare,Moderate,Balanced,3.7,0
P101155,44,Female,0,0,0,0,0,0,0,26.6,118.0,84.0,112.4,149.3,36.2,109.2,133.1,Current,Heavy,Moderate,Balanced,,0
P101156,30,Female,0,0,0,0,1,0,0,20.5,111.0,83.0,101.8,204.0,50.7,120.3,144.8,Never,Rare,Moderate,Balanced,7.5,0
P101157,62,Male,0,0,0,0,1,0,0,19.6,120.0,74.0,96.5,203.0,45.9,161.7,105.7,Former,Moderate,Sedentary,Balanced,8.4,0
P101158,25,Female,0,0,0,0,0,0,0,25.0,111.0,74.0,106.8,190.0,46.3,109.9,176.8,Never,Moderate,Active,Balanced,5.7,0
P101159,65,Female,0,0,0,0,1,0,1,21.6,125.0,64.0,114.6,207.5,54.1,145.2,138.2,Never,Rare,Active,Balanced,8.3,0
P101160,58,Female,0,0,0,0,0,0,0,26.8,105.0,77.0,113.6,176.9,56.8,96.8,135.0,Former,Rare,Moderate,Balanced,7.8,0
P101161,37,Male,0,0,0,0,0,0,0,25.8,116.0,66.0,101.8,99.0,,57.5,194.2,Never,Rare,Sedentary,Balanced,5.7,0
P101162,65,Female,0,0,0,0,0,0,0,14.0,121.0,65.0,101.7,140.9,68.2,83.3,,Former,Heavy,Moderate,Balanced,6.5,0
P101163,44,Female,0,0,0,0,1,0,0,34.7,123.0,89.0,84.6,205.6,49.7,125.9,237.3,Never,Moderate,Sedentary,Balanced,6.3,0
P101164,57,Female,0,0,0,0,1,0,0,25.9,136.0,91.0,71.9,200.9,30.3,125.6,162.0,Never,Rare,Sedentary,Healthy,9.3,0
P101165,37,Male,0,0,0,0,0,0,0,25.9,111.0,80.0,113.0,155.0,65.3,90.4,166.5,Former,Moderate,Moderate,Balanced,8.9,0
P101166,47,Female,0,0,0,0,0,0,0,26.7,114.0,74.0,97.8,183.9,29.0,105.8,262.9,Never,Rare,Active,Balanced,9.4,0
P101167,47,Male,0,0,0,0,1,0,0,29.9,109.0,81.0,94.8,212.8,55.2,180.9,105.4,Never,Rare,Moderate,Balanced,5.7,0
P101168,46,Male,0,0,0,0,1,0,0,26.2,124.0,71.0,95.1,172.8,42.4,134.9,64.9,Never,Moderate,Active,Balanced,8.2,0
P101169,18,Female,0,0,0,0,0,0,0,28.9,117.0,90.0,,140.5,37.3,84.5,52.8,Former,Rare,Sedentary,Balanced,8.5,0
P101170,60,Female,1,0,0,0,1,0,0,25.4,136.0,77.0,106.7,181.2,51.3,139.2,178.6,Current,Rare,Moderate,Healthy,7.3,0
P101171,44,Female,0,0,0,0,1,0,0,31.6,101.0,75.0,104.2,184.2,30.7,131.1,122.6,Former,Rare,Sedentary,Balanced,9.0,0
P101172,45,Male,0,0,0,0,0,0,0,22.3,112.0,76.0,78.7,,43.0,100.8,194.8,Never,Moderate,Moderate,Healthy,7.1,0
P101173,40,Male,0,1,0,0,0,0,0,26.5,121.0,94.0,89.3,177.7,33.0,98.7,128.2,Never,Rare,Moderate,Healthy,6.4,0
P101174,28,Female,0,0,0,0,0,0,0,34.4,137.0,88.0,87.9,164.1,59.7,122.5,89.9,Never,Rare,Moderate,Healthy,7.1,0
P101175,50,Male,0,0,0,0,0,0,0,25.1,126.0,89.0,101.2,164.9,,96.8,65.0,Never,Rare,Moderate,Balanced,6.3,0
P101176,44,Male,1,0,0,0,0,0,0,33.3,109.0,73.0,98.4,159.3,48.5,85.5,189.8,Never,Moderate,Moderate,Poor,8.1,0
P101177,82,Female,1,1,1,0,0,0,0,24.0,150.0,84.0,76.9,160.0,41.7,114.9,,Never,Rare,Moderate,Healthy,5.3,1
P101178,44,Female,0,0,0,1,0,0,0,31.7,128.0,83.0,137.8,,30.4,125.8,176.2,Never,Moderate,Active,Balanced,6.9,0
P101179,42,Male,0,0,0,0,1,0,0,23.9,125.0,90.0,91.0,,41.7,152.5,87.3,Never,Rare,Moderate,Healthy,7.6,0
P101180,45,Female,0,1,1,0,0,0,0,32.2,124.0,101.0,82.8,169.9,68.9,110.7,84.8,Never,Rare,Sedentary,Healthy,7.0,1
P101181,51,Female,0,0,0,0,0,0,0,23.0,133.0,79.0,70.4,162.3,69.3,98.3,49.6,Never,Rare,Moderate,Balanced,6.4,0
P101182,70,Male,0,0,0,0,0,0,1,22.3,141.0,76.0,94.2,143.2,48.3,79.0,106.8,Former,Heavy,Sedentary,Healthy,6.8,0
P101183,68,Male,0,0,0,0,0,0,0,26.3,118.0,89.0,88.5,116.3,52.0,68.0,207.6,Never,Rare,Moderate,Poor,6.5,0
P101184,21,Other,0,0,0,0,0,0,0,19.9,116.0,90.0,85.3,141.6,46.4,111.3,230.5,Never,Moderate,Active,Balanced,6.5,0
P101185,55,Male,0,0,0,0,0,0,0,30.3,149.0,79.0,71.1,185.1,62.7,126.2,116.4,Former,Moderate,Moderate,Balanced,5.6,0
P101186,27,Male,0,0,0,0,1,0,0,31.8,104.0,90.0,94.1,208.5,49.9,148.7,39.2,Current,Heavy,Moderate,Poor,7.3,0
P101187,59,Male,0,0,0,0,0,0,0,19.2,114.0,75.0,,197.8,50.9,107.2,188.9,Current,Rare,Active,Healthy,7.2,0
P101188,31,Female,0,0,0,0,1,0,0,23.1,108.0,70.0,81.4,180.9,62.9,138.1,121.0,Never,Moderate,Active,Poor,5.8,0
P101189,54,Female,0,0,1,0,0,0,0,26.3,102.0,81.0,110.9,,25.6,97.3,,Never,Rare,Active,Healthy,,0
P101190,33,Female,0,0,0,0,1,0,0,20.2,107.0,81.0,80.5,178.8,43.4,149.5,155.7,Former,Rare,Sedentary,Healthy,8.4,0
P101191,48,Male,0,0,0,1,0,0,0,23.8,121.0,84.0,151.4,138.8,65.1,28.8,242.7,Never,Moderate,Moderate,Healthy,6.2,0
P101192,46,Male,0,0,0,0,0,0,0,26.2,124.0,89.0,102.8,162.1,47.4,123.2,,Current,Rare,Moderate,Poor,7.9,0
P101193,71,Female,0,0,1,0,1,0,0,37.2,151.0,93.0,97.6,225.4,38.2,189.4,30.4,Never,Moderate,Sedentary,Balanced,8.8,0
P101194,18,Male,0,0,0,0,0,0,0,31.8,106.0,83.0,101.0,147.5,35.1,108.4,190.8,Former,Moderate,Sedentary,Balanced,6.7,0
P101195,43,Male,0,0,0,0,0,0,0,26.9,130.0,91.0,94.5,163.3,63.8,68.1,168.1,Never,Moderate,Sedentary,Poor,6.8,0
P101196,73,Female,0,1,1,0,1,0,0,26.0,147.0,,104.2,190.1,52.6,142.6,99.1,Current,Rare,Active,Healthy,7.2,0
P101197,69,Female,0,0,0,0,1,0,0,27.6,118.0,70.0,83.0,199.2,47.0,159.8,94.6,Current,Rare,Sedentary,Healthy,6.4,0
P101198,61,Male,0,0,0,0,0,0,0,19.6,98.0,83.0,93.3,183.7,61.3,97.1,175.8,Never,Rare,Moderate,Healthy,7.4,0
P101199,56,Female,0,0,0,0,0,0,0,23.7,110.0,74.0,91.8,127.9,16.6,85.2,35.7,Never,Heavy,Moderate,Poor,5.8,0
P101200,57,Male,0,0,0,0,0,0,0,35.5,145.0,82.0,96.1,165.0,54.8,97.5,133.3,Former,Rare,Active,Balanced,7.5,0
P101201,59,Female,0,0,0,0,0,0,0,17.5,118.0,72.0,81.5,188.7,32.4,125.7,12.4,Never,Rare,Moderate,Balanced,9.1,0
P101202,51,Male,0,1,0,0,0,0,0,28.3,125.0,101.0,103.9,132.6,39.5,63.7,123.1,Current,Moderate,Moderate,Poor,8.0,0
P101203,45,Male,0,0,0,1,1,0,0,34.8,105.0,77.0,194.2,235.5,67.2,162.6,141.5,Current,Rare,Moderate,Balanced,6.4,0
P101204,41,Male,0,0,0,0,0,0,0,22.6,,74.0,74.7,118.8,62.9,,168.0,Never,Rare,Moderate,Balanced,6.0,0
P101205,50,Male,0,0,0,1,0,0,0,29.2,112.0,89.0,,179.0,62.0,100.5,88.8,Never,Rare,Moderate,Healthy,7.4,0
P101206,46,Female,1,0,0,0,0,0,0,36.2,116.0,78.0,95.4,188.6,61.1,127.5,71.1,Never,Rare,Moderate,Balanced,7.8,0
P101207,41,Male,0,0,0,0,0,0,0,19.4,,74.0,80.6,189.4,60.0,125.4,87.8,Current,Moderate,Active,Balanced,8.2,0
P101208,54,Male,0,0,0,0,1,0,0,25.6,110.0,79.0,,233.2,37.6,170.6,129.1,Never,Rare,Moderate,Balanced,6.2,0
P101209,50,Female,0,0,0,0,1,0,0,20.1,94.0,81.0,105.6,189.4,56.2,,167.6,Never,Rare,Moderate,Healthy,5.8,0
P101210,32,Male,1,0,0,0,0,0,0,24.9,129.0,78.0,81.2,182.9,45.2,117.8,56.9,Never,Rare,Active,Healthy,4.8,0
P101211,40,Female,0,0,0,0,0,0,0,29.5,,73.0,78.7,102.5,44.6,51.7,118.7,Never,Heavy,Moderate,Balanced,7.8,0
P101212,57,Male,0,0,0,0,0,0,0,31.8,112.0,75.0,53.0,,64.6,85.4,88.7,Former,Moderate,Sedentary,Balanced,5.2,0
P101213,44,Female,0,0,0,0,0,0,0,26.1,102.0,64.0,82.2,136.7,71.6,88.3,175.2,Current,Heavy,Moderate,Poor,6.3,0
P101214,67,Female,0,0,0,0,0,0,0,17.7,,63.0,68.8,166.2,,116.0,148.1,Never,Moderate,Active,Balanced,5.1,0
P101215,48,Male,0,0,0,0,1,0,0,24.2,136.0,77.0,98.4,135.3,48.6,132.4,269.6,Former,Rare,Active,Balanced,8.3,0
P101216,60,Male,0,0,0,0,0,0,0,26.1,124.0,54.0,92.0,174.8,37.5,110.1,221.6,Never,Moderate,Moderate,Balanced,7.2,0
P101217,63,Male,1,0,0,0,0,0,0,23.7,140.0,67.0,90.3,181.7,56.9,125.2,256.9,Never,Rare,Moderate,Healthy,6.9,0
P101218,58,Male,0,1,0,0,0,0,0,27.7,124.0,87.0,96.6,172.2,52.8,107.3,,Former,Rare,Moderate,Poor,7.5,0
P101219,67,Male,0,0,0,1,0,0,0,24.1,122.0,67.0,104.1,195.3,61.3,128.4,325.5,Never,Moderate,Sedentary,Poor,7.6,0
P101220,18,Female,0,0,0,0,1,0,0,21.7,,81.0,,217.0,39.5,156.5,172.9,Never,Rare,Sedentary,Poor,5.4,0
P101221,59,Female,0,0,0,0,0,0,0,23.6,122.0,70.0,103.6,196.8,38.9,,85.0,Former,Rare,Moderate,Balanced,7.2,0
P101222,52,Male,0,1,0,0,0,0,0,33.7,111.0,88.0,88.5,141.3,48.1,98.2,138.6,Never,Rare,Sedentary,Balanced,6.0,0
P101223,18,Female,0,0,0,0,1,0,0,27.6,98.0,76.0,83.0,,35.5,131.2,123.5,Never,Rare,Sedentary,Poor,6.3,0
P101224,37,Female,0,0,0,0,0,0,0,31.8,111.0,90.0,111.7,155.6,35.6,77.8,89.8,Current,Rare,Moderate,Balanced,6.4,0
P101225,42,Male,1,0,0,0,0,0,0,31.5,120.0,77.0,85.0,146.6,52.5,115.2,144.1,Current,Rare,Sedentary,Balanced,6.3,0
P101226,42,Male,0,0,0,0,0,0,0,26.2,120.0,77.0,101.2,182.5,47.6,96.9,51.8,Never,Moderate,Active,Balanced,7.4,0
P101227,52,Female,1,0,0,0,1,0,0,28.2,126.0,88.0,127.1,245.6,58.0,165.4,139.3,Former,Heavy,Moderate,Balanced,5.1,0
P101228,37,Male,0,0,0,0,0,0,0,34.5,124.0,76.0,87.8,132.1,,104.8,92.5,Former,Rare,Moderate,Poor,6.6,0
P101229,50,Male,0,1,0,0,1,0,0,33.9,161.0,,79.0,247.0,47.9,170.0,149.8,Never,Moderate,Sedentary,Healthy,6.6,0
P101230,45,Male,0,0,0,0,1,0,0,28.8,124.0,73.0,99.4,178.4,52.0,136.9,229.6,Never,Rare,Active,Balanced,6.1,0
P101231,70,Female,0,0,0,1,0,0,0,31.7,142.0,85.0,161.1,177.9,58.6,121.9,79.4,Never,Rare,Sedentary,Poor,6.5,0
P101232,42,Female,0,0,0,0,1,0,0,34.4,116.0,76.0,109.5,206.1,24.8,139.0,84.1,Never,Moderate,Active,Healthy,7.4,0
P101233,46,Male,0,1,0,0,0,0,0,29.6,128.0,85.0,126.3,168.3,70.2,101.0,174.5,Never,Rare,Moderate,Balanced,6.8,0
P101234,51,Male,0,1,0,0,1,0,0,28.5,149.0,97.0,89.1,211.8,51.9,,240.3,Former,Rare,Moderate,Poor,7.3,0
P101235,50,Male,0,0,0,0,0,0,0,19.7,133.0,82.0,,120.4,55.2,,21.2,Current,Moderate,Active,Healthy,5.2,0
P101236,58,Female,0,0,0,0,0,0,0,24.1,105.0,73.0,105.5,138.7,35.4,118.3,176.0,Current,Moderate,Moderate,Balanced,7.6,0
P101237,50,Female,0,0,0,0,1,0,0,25.0,120.0,86.0,91.7,238.6,,173.0,103.8,Former,Rare,Sedentary,Healthy,7.1,0
P101238,44,Male,0,0,0,0,1,0,0,22.5,124.0,79.0,96.9,235.3,52.1,134.9,265.3,Current,Rare,Sedentary,Balanced,6.3,0
P101239,57,Male,0,0,0,0,1,0,0,31.3,116.0,74.0,114.0,219.5,65.0,,324.2,Never,Rare,Moderate,Balanced,6.0,0
P101240,39,Male,1,0,0,0,0,0,0,26.8,102.0,80.0,85.7,150.5,,97.7,161.0,Current,Rare,Active,Healthy,5.9,0
P101241,49,Female,0,0,0,0,0,0,0,20.0,111.0,78.0,103.5,169.3,58.2,118.2,179.8,Never,Rare,Moderate,Healthy,7.8,0
P101242,62,Female,0,0,1,0,0,0,0,36.3,119.0,86.0,111.5,192.3,43.0,125.9,73.9,Never,Rare,Moderate,Poor,7.3,0
P101243,33,Male,0,0,0,0,0,0,0,16.4,132.0,73.0,105.4,142.2,55.0,104.1,54.3,Never,Rare,Moderate,Healthy,,0
P101244,54,Female,0,1,0,0,0,0,0,20.9,130.0,71.0,85.9,167.7,,89.4,126.9,Never,Rare,Moderate,Poor,7.1,0
P101245,65,Female,0,0,0,0,1,0,0,25.8,104.0,75.0,80.6,,45.4,124.9,162.6,Former,Moderate,Moderate,Balanced,7.5,0
P101246,68,Female,1,0,0,0,0,0,0,24.9,123.0,82.0,110.0,159.0,55.6,102.2,103.6,Never,Rare,Moderate,Balanced,6.4,0
P101247,46,Female,0,0,0,0,0,0,0,27.3,123.0,85.0,81.7,,66.5,117.4,69.8,Never,Rare,Sedentary,Poor,6.4,0
P101248,74,Male,0,0,0,0,1,0,0,30.6,125.0,81.0,111.3,205.2,50.3,154.6,148.5,Current,Moderate,Active,Poor,6.8,0
P101249,60,Female,0,0,0,1,0,0,0,21.4,125.0,69.0,160.4,179.2,45.6,120.7,159.0,Never,Moderate,Sedentary,Balanced,7.9,0
P101250,61,Male,0,0,0,0,0,0,0,29.7,135.0,83.0,77.9,179.4,44.5,88.0,277.1,Current,Rare,Active,Balanced,7.6,0
P101251,58,Female,0,0,0,0,0,0,0,21.0,134.0,,88.8,198.0,39.5,127.8,224.6,Never,Rare,Moderate,Poor,6.4,0
P101252,48,Male,0,0,0,0,1,0,0,26.7,106.0,84.0,106.3,,56.8,132.6,174.9,Never,Moderate,Moderate,Poor,7.2,0
P101253,63,Male,0,0,0,0,1,0,0,38.0,139.0,82.0,79.1,213.2,51.8,103.9,168.5,Former,Moderate,Moderate,Poor,,0
P101254,44,Female,0,0,0,0,1,0,0,16.9,120.0,87.0,91.4,190.5,50.8,137.5,157.8,Never,Rare,Moderate,Poor,6.5,0
P101255,72,Male,0,1,0,0,0,0,0,26.9,141.0,82.0,94.4,155.6,47.6,94.3,120.1,Never,Rare,Active,Balanced,6.1,0
P101256,59,Female,0,1,1,0,0,0,0,23.1,140.0,90.0,94.8,162.7,38.5,95.7,105.2,Never,Rare,Moderate,Healthy,8.1,0
P101257,61,Female,0,0,0,0,0,0,0,14.0,111.0,71.0,90.8,115.0,60.7,54.5,122.7,Never,Moderate,Active,Healthy,6.6,0
P101258,55,Female,0,1,0,0,1,0,0,22.5,127.0,84.0,107.4,213.0,37.0,147.8,75.0,Never,Rare,Active,Balanced,8.7,0
P101259,59,Other,0,0,0,0,1,0,0,27.7,129.0,84.0,79.1,201.0,47.1,132.9,256.1,Former,Moderate,Moderate,Poor,7.8,0
P101260,71,Male,0,0,0,0,0,0,0,27.3,148.0,78.0,91.4,180.2,42.4,111.0,,Never,Rare,Sedentary,Poor,7.6,0
P101261,61,Female,0,1,0,0,1,0,0,25.3,139.0,77.0,88.1,181.7,61.5,133.4,152.2,Never,Moderate,Sedentary,Healthy,7.1,0
P101262,59,Female,0,1,0,0,0,0,0,,,84.0,92.3,131.6,71.1,107.3,88.8,Never,Rare,Active,Balanced,6.3,0
P101263,41,Female,0,0,0,0,1,0,0,,124.0,90.0,95.8,147.2,56.1,141.4,72.8,Never,Rare,Moderate,Balanced,6.7,0
P101264,33,Male,1,0,0,0,0,0,0,27.5,114.0,72.0,88.2,141.9,47.0,105.2,,Never,Rare,Active,Balanced,6.8,0
P101265,44,Female,0,0,0,0,0,0,0,27.0,102.0,72.0,85.3,131.3,,74.5,86.9,Never,Moderate,Moderate,Healthy,7.0,0
P101266,80,Male,0,0,0,1,0,0,1,20.0,118.0,68.0,108.1,192.7,68.3,108.9,211.1,Never,Rare,Moderate,Healthy,6.2,1
P101267,38,Male,0,0,0,0,0,0,0,19.1,101.0,67.0,91.2,168.7,68.3,103.6,162.3,Former,Moderate,Moderate,Balanced,7.9,0
P101268,50,Female,0,0,0,0,1,0,0,19.4,134.0,62.0,106.5,230.7,45.4,129.6,90.2,Never,Rare,Moderate,Balanced,7.5,0
P101269,54,Female,0,0,0,0,1,0,0,24.4,129.0,85.0,101.8,,48.3,115.3,89.0,Former,Moderate,Moderate,Healthy,7.0,0
P101270,66,Male,0,0,0,0,0,0,0,24.7,118.0,82.0,97.1,176.5,48.9,125.6,,Former,Moderate,Sedentary,Balanced,5.5,1
P101271,36,Male,0,0,0,0,1,0,0,33.0,115.0,88.0,112.2,231.4,64.3,139.9,99.7,Current,Heavy,Moderate,Balanced,7.7,0
P101272,50,Female,0,0,0,0,0,0,0,26.9,126.0,86.0,102.6,171.5,58.8,105.5,105.6,Former,Heavy,Moderate,Poor,7.5,0
P101273,81,Male,0,0,0,0,1,0,0,22.9,125.0,82.0,72.7,184.5,47.6,145.5,207.8,Never,Rare,Active,Poor,5.6,0
P101274,48,Male,0,0,0,0,0,0,0,22.7,121.0,85.0,,106.9,60.8,75.1,139.3,Current,Moderate,Sedentary,Balanced,8.2,0
P101275,54,Male,0,0,0,0,0,0,0,18.2,98.0,81.0,98.0,165.8,56.8,108.7,105.9,Current,Rare,Moderate,Balanced,5.5,0
P101276,54,Female,0,0,0,0,0,0,0,20.1,117.0,82.0,96.7,160.6,70.2,104.2,84.4,Former,Rare,Moderate,Poor,7.9,0
P101277,48,Female,0,1,0,0,1,0,0,32.1,144.0,85.0,96.0,174.0,37.7,137.1,174.8,Former,Rare,Active,Balanced,5.7,0
P101278,41,Female,0,0,0,0,0,0,0,25.3,129.0,59.0,95.6,164.2,61.7,96.7,217.0,Former,Moderate,Sedentary,Balanced,6.8,0
P101279,89,Male,0,0,0,0,1,0,0,32.4,159.0,96.0,80.7,209.9,75.0,127.2,109.2,Former,Rare,Sedentary,Healthy,9.2,0
P101280,55,Male,0,0,0,1,0,0,0,29.3,121.0,81.0,177.1,137.1,34.1,77.7,116.8,Current,Rare,Active,Balanced,7.7,0
P101281,52,Female,0,0,0,0,0,0,0,25.3,127.0,85.0,94.5,147.9,48.4,,106.5,Never,Moderate,Moderate,Balanced,6.6,0
P101282,52,Male,0,0,0,0,1,0,0,,135.0,75.0,104.4,198.1,69.5,134.5,154.5,Former,Heavy,Sedentary,Balanced,6.4,0
P101283,59,Male,0,0,0,0,0,0,0,24.3,115.0,75.0,95.0,,44.1,89.9,120.1,Never,Rare,Moderate,Healthy,,0
P101284,48,Male,0,0,0,0,1,0,0,15.3,98.0,68.0,117.3,194.9,47.0,157.5,55.4,Former,Rare,Moderate,Balanced,6.7,0
P101285,41,Female,0,0,0,0,0,0,0,28.2,124.0,89.0,83.3,166.2,,93.0,153.7,Never,Rare,Active,Balanced,7.8,0
P101286,44,Male,0,0,0,0,0,0,0,30.8,128.0,73.0,112.5,130.2,45.0,83.9,3.8,Never,Moderate,Sedentary,Balanced,8.2,0
P101287,90,Male,1,0,0,0,1,0,0,27.1,146.0,72.0,92.6,180.2,44.4,131.3,142.7,Former,Rare,Active,Healthy,7.7,0
P101288,66,Male,0,0,0,0,0,0,0,27.1,143.0,84.0,118.9,149.5,46.7,96.1,183.1,Never,Rare,Moderate,Healthy,4.9,0
P101289,75,Male,0,0,0,0,0,0,0,29.1,141.0,86.0,78.1,168.0,42.1,101.9,103.4,Never,Rare,Active,Healthy,7.9,0
P101290,60,Male,0,0,0,0,0,0,0,30.7,133.0,69.0,,168.8,56.0,105.3,147.7,Former,Rare,Sedentary,Balanced,6.2,0
P101291,71,Female,1,1,0,0,1,0,0,26.8,158.0,86.0,103.2,203.0,60.1,115.3,205.1,Never,Moderate,Sedentary,Balanced,6.0,0
P101292,62,Female,0,0,0,0,1,0,0,25.2,118.0,84.0,131.2,229.7,51.1,165.9,125.3,Never,Rare,Sedentary,Balanced,5.4,0
P101293,37,Male,0,0,0,0,1,0,0,37.1,124.0,77.0,75.5,218.3,56.1,136.6,198.8,Former,Rare,Sedentary,Healthy,7.9,0
P101294,77,Female,0,0,0,0,0,0,0,31.4,139.0,85.0,89.9,97.3,59.3,49.6,199.7,Never,Rare,Moderate,Balanced,8.0,0
P101295,40,Male,0,0,0,0,1,0,0,19.3,110.0,83.0,73.2,223.7,29.2,153.4,178.9,Former,Rare,Moderate,Balanced,7.9,0
P101296,53,Female,0,0,0,0,0,0,0,23.4,113.0,81.0,105.8,159.4,50.8,,122.8,Never,Rare,Moderate,Healthy,8.1,0
P101297,81,Male,0,0,0,0,0,0,1,20.4,132.0,75.0,109.0,138.5,51.0,78.7,81.8,Never,Rare,Moderate,Balanced,4.1,0
P101298,90,Female,0,0,0,0,1,0,0,23.8,119.0,76.0,87.7,207.8,29.3,136.9,65.8,Never,Rare,Sedentary,Balanced,5.6,0
P101299,66,Female,0,0,0,0,0,0,0,20.6,115.0,56.0,107.7,195.5,59.1,122.8,103.5,Never,Rare,Moderate,Balanced,6.9,0
P101300,70,Female,1,0,0,0,0,0,1,26.0,,88.0,94.6,194.8,55.0,128.6,164.6,Never,Rare,Moderate,Poor,9.3,0
P101301,24,Female,0,0,0,0,0,0,0,24.5,102.0,91.0,98.2,175.5,40.7,121.1,105.6,Never,Rare,Moderate,Poor,7.8,0
P101302,88,Male,1,1,0,0,1,1,0,27.8,152.0,77.0,81.7,200.3,53.2,144.6,108.1,Never,Rare,Active,Healthy,7.4,0
P101303,65,Male,0,0,0,0,0,0,0,14.4,125.0,67.0,100.2,169.3,53.9,103.9,112.4,Former,Rare,Sedentary,Balanced,6.9,0
P101304,41,Female,1,0,0,0,0,0,0,35.0,133.0,70.0,110.1,173.9,51.2,125.3,212.7,Former,Heavy,Moderate,Poor,8.6,0
P101305,18,Female,0,0,0,0,1,0,0,26.8,127.0,91.0,73.6,255.1,44.5,,1.7,Never,Rare,Moderate,Poor,6.7,0
P101306,33,Male,0,0,0,0,0,0,0,21.1,119.0,71.0,105.3,99.3,,58.3,43.3,Former,Rare,Moderate,Balanced,8.8,0
P101307,27,Female,0,0,0,0,0,0,0,22.0,104.0,83.0,92.2,191.0,35.5,125.6,198.6,Current,Rare,Active,Balanced,8.1,0
P101308,90,Male,1,0,0,0,0,1,0,29.2,141.0,79.0,91.4,80.4,54.7,31.8,145.4,Never,Rare,Sedentary,Balanced,8.6,0
P101309,46,Male,0,1,0,1,0,0,0,36.7,128.0,85.0,103.5,181.9,51.1,101.8,198.7,Never,Rare,Active,Poor,7.9,0
P101310,32,Male,0,0,0,0,0,0,0,20.3,112.0,69.0,95.6,188.1,59.5,110.4,118.6,Never,Rare,Moderate,Poor,8.1,0
P101311,52,Male,0,1,0,0,1,0,0,28.4,145.0,92.0,80.0,252.4,68.8,179.0,147.5,Never,Moderate,Active,Balanced,7.3,0
P101312,45,Female,0,1,0,0,1,0,0,33.0,136.0,95.0,,199.9,34.7,147.6,75.0,Never,Rare,Moderate,Balanced,7.2,0
P101313,66,Female,0,0,0,0,0,0,0,31.3,,94.0,70.7,173.0,40.2,110.8,144.0,Former,Rare,Moderate,Healthy,7.5,0
P101314,41,Female,1,0,0,0,0,0,0,27.2,129.0,75.0,103.8,181.6,51.0,120.0,222.1,Former,Moderate,Sedentary,Healthy,7.6,0
P101315,77,Female,0,0,0,0,0,0,0,31.9,147.0,84.0,87.1,151.6,47.0,113.5,15.0,Never,Rare,Moderate,Poor,7.1,0
P101316,38,Male,0,0,0,0,0,0,0,24.9,88.0,67.0,108.1,146.8,38.6,78.6,53.0,Current,Rare,Moderate,Balanced,7.5,0
P101317,46,Female,0,0,0,0,0,0,0,20.7,131.0,76.0,112.0,117.6,70.2,75.8,115.5,Never,Rare,Active,Poor,7.0,0
P101318,50,Male,0,0,0,1,0,0,0,30.2,122.0,82.0,196.6,169.7,52.5,106.6,237.3,Never,Heavy,Moderate,Balanced,5.3,0
P101319,46,Female,0,0,0,0,0,0,0,31.1,125.0,,109.4,172.3,,126.3,166.7,Current,Heavy,Sedentary,Poor,8.1,0
P101320,21,Male,0,0,0,0,0,0,0,29.3,105.0,83.0,114.5,97.6,42.9,82.0,,Former,Moderate,Sedentary,Poor,5.6,0
P101321,47,Female,0,0,0,0,1,0,0,27.1,118.0,87.0,117.6,208.6,43.7,124.5,229.0,Never,Rare,Active,Poor,6.9,0
P101322,59,Male,0,0,0,0,1,0,0,16.6,136.0,72.0,76.9,201.6,68.0,124.2,143.3,Never,Moderate,Active,Balanced,7.3,0
P101323,37,Male,0,0,0,0,0,0,0,20.7,120.0,75.0,97.6,194.5,64.6,118.2,107.1,Never,Moderate,Sedentary,Healthy,9.3,0
P101324,60,Male,1,0,0,1,0,0,0,29.3,132.0,85.0,163.5,144.8,59.4,80.4,136.4,Never,Rare,Moderate,Healthy,7.3,0
P101325,51,Female,0,0,0,0,1,0,0,30.0,132.0,77.0,77.8,257.0,48.9,162.8,167.9,Former,Rare,Sedentary,Poor,7.2,1
P101326,74,Female,0,1,0,1,1,0,0,24.8,137.0,90.0,151.7,172.5,57.6,132.6,211.0,Never,Rare,Sedentary,Poor,8.0,0
P101327,65,Male,0,0,0,1,1,0,0,35.2,139.0,91.0,83.4,226.8,45.6,173.8,206.3,Current,Rare,Sedentary,Poor,7.5,0
P101328,45,Male,0,0,0,0,1,0,0,36.3,108.0,88.0,101.9,238.9,52.0,156.9,,Current,Rare,Active,Healthy,6.7,0
P101329,60,Female,0,0,0,0,0,0,0,28.2,138.0,76.0,74.5,165.0,59.6,,219.1,Never,Heavy,Active,Healthy,5.4,0
P101330,35,Female,0,0,0,0,0,0,0,21.8,97.0,71.0,,138.3,58.0,92.9,32.1,Never,Rare,Moderate,Poor,7.3,0
P101331,44,Male,0,0,0,0,0,0,0,31.0,125.0,82.0,117.7,136.6,61.1,91.7,30.2,Never,Rare,Active,Healthy,7.4,0
P101332,63,Male,0,1,0,0,0,0,0,30.4,141.0,90.0,106.3,175.2,48.4,104.7,220.1,Never,Moderate,Sedentary,Healthy,5.7,0
P101333,23,Female,0,0,0,0,0,0,0,19.0,99.0,63.0,110.9,141.9,48.6,108.7,-66.3,Never,Moderate,Moderate,Balanced,8.3,0
P101334,90,Female,0,1,0,1,0,0,0,24.5,169.0,76.0,158.6,157.8,51.1,118.9,192.1,Never,Rare,Moderate,Balanced,7.2,0
P101335,63,Male,0,1,0,0,1,0,0,29.7,153.0,91.0,90.4,207.6,64.3,131.9,168.5,Never,Moderate,Moderate,Healthy,6.7,0
P101336,63,Female,0,1,0,0,0,1,0,29.9,148.0,88.0,75.8,164.7,58.3,55.5,120.8,Former,Rare,Active,Poor,8.3,0
P101337,25,Male,0,0,0,0,0,0,0,25.0,130.0,74.0,90.4,,62.4,82.9,120.9,Never,Rare,Active,Poor,6.7,0
P101338,58,Male,0,0,0,0,0,0,0,28.7,145.0,73.0,78.9,110.0,86.7,84.7,158.5,Current,Moderate,Moderate,Healthy,7.1,0
P101339,46,Male,1,0,0,0,0,0,0,22.3,114.0,82.0,70.5,123.0,60.0,82.7,180.8,Former,Rare,Sedentary,Balanced,7.5,0
P101340,25,Female,0,0,0,0,1,0,0,28.0,104.0,75.0,102.2,208.7,38.1,157.7,129.1,Former,Rare,Sedentary,Poor,5.8,0
P101341,48,Male,1,0,0,1,1,0,0,30.0,120.0,80.0,187.1,200.8,33.3,143.0,23.0,Never,Rare,Moderate,Balanced,5.8,0
P101342,37,Male,0,0,0,0,0,0,0,28.2,119.0,80.0,88.2,146.4,40.4,84.5,91.6,Never,Moderate,Sedentary,Balanced,6.9,0
P101343,58,Male,0,0,0,1,1,0,0,32.0,130.0,82.0,126.6,231.4,53.6,137.6,231.1,Never,Rare,Active,Healthy,5.9,0
P101344,75,Male,0,1,0,0,0,0,0,25.3,148.0,95.0,,159.6,46.1,108.5,262.3,Never,Rare,Sedentary,Balanced,8.8,0
P101345,63,Male,0,0,0,0,1,0,0,17.2,104.0,67.0,104.0,193.9,55.9,,83.0,Former,Rare,Moderate,Poor,7.4,0
P101346,72,Male,0,0,0,0,0,1,0,15.7,128.0,68.0,92.2,196.1,49.2,122.0,154.0,Never,Rare,Active,Balanced,6.6,0
P101347,35,Male,0,0,0,0,0,0,0,21.3,113.0,75.0,101.6,148.3,42.4,89.5,75.7,Never,Rare,Active,Poor,6.2,0
P101348,35,Male,0,0,0,0,1,0,0,22.1,113.0,79.0,69.7,209.3,,135.3,117.8,Former,Rare,Moderate,Balanced,6.5,0
P101349,30,Male,0,0,0,0,0,0,0,32.6,106.0,76.0,108.5,162.5,62.4,95.9,239.3,Never,Rare,Moderate,Balanced,6.4,0
P101350,61,Male,0,0,0,0,0,0,0,26.2,125.0,75.0,104.5,166.5,47.3,114.5,,Former,Rare,Moderate,Healthy,5.6,0
P101351,59,Female,0,0,0,0,1,0,0,32.2,120.0,88.0,82.9,,53.8,138.0,60.0,Current,Moderate,Sedentary,Balanced,10.2,0
P101352,32,Female,0,0,0,0,0,0,0,20.4,114.0,84.0,111.6,92.7,59.8,68.3,207.2,Former,Rare,Moderate,Balanced,6.6,0
P101353,66,Female,0,0,0,0,1,0,0,28.0,143.0,78.0,110.9,233.3,55.4,166.5,73.4,Never,Rare,Sedentary,Balanced,8.2,0
P101354,50,Female,0,0,0,0,0,0,0,16.8,122.0,61.0,86.7,,50.3,109.8,,Never,Moderate,Active,Healthy,6.9,0
P101355,66,Male,0,0,0,0,0,0,0,30.7,130.0,85.0,78.2,169.1,28.6,102.5,212.1,Never,Moderate,Moderate,Healthy,6.7,0
P101356,47,Female,0,0,0,0,0,0,0,26.7,136.0,87.0,100.5,171.1,50.9,115.4,186.3,Never,Moderate,Moderate,Balanced,8.6,0
P101357,60,Female,0,0,0,0,0,0,0,23.3,115.0,75.0,95.4,180.4,51.0,129.0,208.9,Former,Rare,Sedentary,Balanced,6.2,0
P101358,44,Male,0,0,0,0,1,0,0,19.8,107.0,76.0,109.1,203.4,50.0,,144.4,Never,Moderate,Moderate,Balanced,7.3,0
P101359,55,Female,0,0,0,0,0,0,0,31.7,133.0,71.0,98.6,98.2,43.7,71.9,121.9,Never,Rare,Sedentary,Balanced,6.6,0
P101360,51,Male,0,0,0,0,0,0,0,28.5,118.0,89.0,85.1,128.4,28.1,98.5,183.7,Never,Rare,Sedentary,Balanced,6.0,0
P101361,48,Other,0,0,0,0,1,0,0,21.6,108.0,93.0,99.7,179.9,39.0,133.0,125.1,Never,Rare,Moderate,Poor,,0
P101362,43,Female,0,0,0,0,1,0,0,20.5,114.0,83.0,81.1,205.8,62.3,142.8,95.0,Never,Rare,Moderate,Poor,6.8,0
P101363,37,Male,0,0,0,0,1,0,0,31.0,133.0,87.0,112.9,223.5,31.7,166.6,135.0,Current,Rare,Moderate,Balanced,9.2,0
P101364,68,Female,0,0,0,0,1,0,0,27.5,118.0,71.0,96.7,213.1,50.9,121.7,130.2,Never,Rare,Sedentary,Balanced,6.1,0
P101365,66,Male,0,0,0,0,0,0,0,25.9,131.0,67.0,77.7,175.3,55.7,100.2,199.9,Former,Rare,Moderate,Balanced,9.7,0
P101366,44,Male,0,0,0,0,0,0,0,29.2,117.0,84.0,98.7,149.4,46.5,89.7,118.2,Never,Rare,Active,Balanced,4.5,0
P101367,31,Female,0,0,0,0,1,0,0,25.9,109.0,84.0,111.3,185.8,52.1,162.5,163.7,Former,Rare,Moderate,Balanced,6.8,0
P101368,64,Male,0,0,0,0,0,0,0,26.1,125.0,83.0,103.6,172.5,49.9,97.0,165.3,Current,Rare,Moderate,Balanced,8.1,0
P101369,35,Female,0,0,0,0,0,0,0,15.8,111.0,76.0,76.6,168.1,39.7,119.1,143.4,Former,Rare,Moderate,Balanced,7.4,0
P101370,75,Female,0,0,0,0,1,0,0,20.3,124.0,76.0,96.5,231.5,59.6,155.6,151.7,Never,Moderate,Active,Balanced,6.0,0
P101371,56,Female,0,1,1,0,1,0,0,33.7,128.0,90.0,73.0,197.6,37.3,134.7,175.0,Never,Rare,Sedentary,Balanced,6.7,0
P101372,63,Male,0,0,0,0,0,0,0,23.5,141.0,73.0,91.0,122.6,59.1,89.4,133.8,Never,Rare,Moderate,Balanced,8.4,0
P101373,47,Female,0,0,0,0,0,0,0,25.3,118.0,73.0,96.9,169.4,68.5,,130.0,Never,Rare,Moderate,Balanced,6.5,0
P101374,59,Male,0,0,0,0,0,0,0,26.5,122.0,82.0,98.3,197.8,47.0,124.6,170.0,Current,Heavy,Moderate,Balanced,8.0,0
P101375,35,Female,0,0,0,0,0,0,0,30.1,120.0,81.0,94.4,184.9,49.2,126.2,86.9,Never,Rare,Sedentary,Healthy,6.3,0
P101376,29,Female,0,0,0,0,1,0,0,28.6,100.0,89.0,87.0,154.5,67.5,140.6,79.9,Current,Rare,Active,Balanced,6.7,0
P101377,78,Male,0,0,0,0,0,1,1,23.3,130.0,62.0,99.4,158.5,58.9,108.6,,Never,Rare,Active,Healthy,,0
P101378,49,Male,0,0,0,1,0,0,0,30.2,108.0,85.0,155.6,,49.1,126.4,158.5,Former,Moderate,Active,Poor,6.3,0
P101379,40,Male,0,1,0,0,0,0,0,31.6,133.0,89.0,82.0,160.8,35.9,105.4,64.7,Never,Rare,Moderate,Balanced,8.2,0
P101380,58,Male,0,0,0,0,0,0,0,22.2,126.0,78.0,89.4,183.0,54.0,114.5,240.9,Never,Moderate,Moderate,Poor,5.8,0
P101381,42,Male,0,1,0,0,0,0,0,,137.0,84.0,105.9,152.3,46.7,102.1,,Never,Moderate,Sedentary,Healthy,5.8,0
P101382,26,Female,0,0,0,0,1,0,0,18.6,94.0,64.0,85.2,205.0,43.9,119.7,181.7,Never,Rare,Moderate,Healthy,6.9,0
P101383,41,Female,0,0,0,0,0,0,0,21.9,83.0,75.0,99.2,190.8,40.8,103.6,140.3,Never,Moderate,Moderate,Balanced,7.0,0
P101384,58,Male,0,0,0,0,0,0,0,25.0,135.0,92.0,118.4,121.4,61.1,88.6,113.0,Former,Rare,Sedentary,Poor,5.9,0
P101385,78,Male,0,0,1,0,0,0,0,21.2,135.0,78.0,,187.9,75.7,129.7,88.8,Never,Rare,Moderate,Balanced,6.2,0
P101386,51,Male,0,0,0,0,0,0,0,25.7,115.0,74.0,104.8,142.3,55.2,99.2,32.7,Never,Moderate,Active,Poor,7.5,0
P101387,42,Other,0,0,0,0,0,0,0,23.8,116.0,79.0,90.2,169.0,51.6,111.9,212.3,Former,Moderate,Moderate,Healthy,6.8,0
P101388,29,Male,0,0,0,0,0,0,0,30.3,99.0,80.0,109.4,159.4,68.4,108.3,147.2,Never,Rare,Sedentary,Poor,,0
P101389,51,Male,0,0,0,0,0,0,0,28.9,121.0,78.0,94.3,162.0,37.4,98.9,208.3,Former,Moderate,Active,Healthy,8.9,0
P101390,62,Male,0,0,0,0,0,0,0,22.8,126.0,83.0,90.1,110.1,51.0,54.6,301.3,Former,Moderate,Sedentary,Poor,4.7,0
P101391,38,Male,0,0,0,0,0,0,0,27.4,108.0,85.0,93.6,151.8,58.8,83.1,59.3,Never,Rare,Moderate,Poor,6.1,0
P101392,24,Male,0,0,0,0,0,0,0,28.7,114.0,76.0,78.1,102.4,60.3,62.0,101.8,Former,Heavy,Sedentary,Balanced,7.2,0
P101393,59,Female,0,0,0,0,0,0,0,26.5,131.0,81.0,82.3,158.8,38.7,126.6,104.3,Never,Rare,Moderate,Balanced,6.6,0
P101394,51,Female,0,0,0,0,0,0,0,24.2,105.0,92.0,93.1,121.8,68.7,60.5,164.6,Never,Moderate,Sedentary,Healthy,6.9,0
P101395,71,Male,0,0,0,0,0,0,0,28.2,116.0,,100.1,150.9,50.4,88.7,165.0,Never,Rare,Moderate,Balanced,,0
P101396,63,Male,0,0,0,0,0,0,0,28.0,124.0,84.0,80.9,99.6,59.2,37.4,36.9,Current,Rare,Moderate,Balanced,7.7,0
P101397,32,Male,0,0,0,0,0,0,0,26.8,117.0,86.0,91.5,169.2,48.0,86.2,,Never,Rare,Active,Balanced,7.0,0
P101398,29,Female,0,0,0,0,0,0,0,27.4,104.0,83.0,114.2,156.0,54.9,103.3,11.5,Never,Heavy,Sedentary,Healthy,,0
P101399,60,Male,0,0,0,1,0,0,0,33.2,140.0,76.0,193.1,165.9,61.8,115.2,86.0,Current,Moderate,Sedentary,Balanced,5.7,0
P101400,83,Male,1,0,0,0,0,0,0,32.2,154.0,75.0,88.9,131.4,31.9,85.2,88.3,Never,Rare,Sedentary,Poor,7.3,0
P101401,59,Female,0,0,0,0,1,0,0,22.6,127.0,72.0,94.1,222.3,50.9,154.8,163.8,Never,Rare,Moderate,Balanced,7.0,0
P101402,49,Female,0,0,0,0,1,0,0,22.6,123.0,71.0,74.5,199.4,55.3,130.8,73.4,Never,Rare,Moderate,Healthy,7.5,0
P101403,53,Female,0,0,0,0,0,0,0,15.5,112.0,75.0,101.7,152.1,51.2,111.3,210.3,Never,Moderate,Moderate,Balanced,7.6,0
P101404,63,Female,0,0,0,0,0,0,0,24.4,113.0,75.0,102.0,176.9,52.5,106.6,176.3,Never,Rare,Sedentary,Balanced,4.8,0
P101405,62,Female,0,1,0,0,0,0,0,21.2,119.0,83.0,82.9,186.0,61.2,119.1,55.4,Never,Rare,Sedentary,Balanced,,0
P101406,51,Female,0,0,0,0,1,0,0,23.1,134.0,80.0,83.9,229.3,67.2,185.7,69.5,Never,Moderate,Sedentary,Healthy,7.9,0
P101407,65,Male,0,0,0,0,0,0,0,23.6,126.0,71.0,94.5,156.6,38.9,90.3,190.4,Never,Rare,Moderate,Balanced,9.2,0
P101408,50,Male,0,0,0,0,1,0,0,36.6,140.0,76.0,,247.1,69.7,151.9,169.0,Current,Moderate,Sedentary,Balanced,7.5,0
P101409,44,Female,0,1,0,0,0,0,0,32.0,121.0,91.0,99.3,164.1,55.2,110.7,131.4,Never,Rare,Moderate,Poor,5.8,0
P101410,50,Female,0,0,0,0,1,0,0,27.9,113.0,88.0,96.3,172.5,36.3,131.5,111.5,Never,Moderate,Moderate,Healthy,5.3,0
P101411,88,Female,0,0,1,0,1,0,0,25.1,127.0,59.0,81.7,242.6,53.7,179.7,117.2,Never,Rare,Sedentary,Balanced,6.0,0
P101412,38,Male,0,0,0,0,0,0,0,30.8,131.0,84.0,107.3,198.7,64.2,103.8,170.1,Never,Rare,Active,Poor,7.5,0
P101413,49,Female,0,0,0,1,1,0,0,33.1,133.0,89.0,136.5,223.8,38.8,152.0,29.3,Never,Rare,Sedentary,Healthy,8.3,0
P101414,35,Male,0,0,0,0,0,0,0,21.5,118.0,76.0,108.4,194.2,31.7,129.9,,Current,Rare,Active,Balanced,7.8,0
P101415,59,Male,1,0,0,1,0,0,0,34.7,133.0,88.0,128.9,196.0,63.7,106.2,175.4,Never,Heavy,Active,Healthy,9.3,0
P101416,40,Male,0,0,0,0,0,0,0,28.2,117.0,88.0,94.6,126.9,,73.0,111.3,Former,Moderate,Active,Poor,7.8,0
P101417,44,Female,0,0,0,0,1,0,0,24.2,104.0,80.0,,242.8,48.1,150.2,126.0,Former,Rare,Moderate,Balanced,5.9,0
P101418,57,Female,0,0,0,0,1,0,0,23.5,119.0,75.0,96.3,205.3,64.9,166.8,173.8,Former,Rare,Moderate,Balanced,8.8,0
P101419,55,Female,0,1,1,0,1,0,0,22.1,140.0,77.0,101.3,219.1,,153.5,108.1,Former,Rare,Moderate,Balanced,7.4,0
P101420,54,Female,0,0,0,0,1,0,0,23.1,107.0,81.0,,202.8,37.5,130.5,62.6,Never,Moderate,Moderate,Healthy,7.8,0
P101421,57,Male,0,0,0,0,1,0,0,24.9,131.0,,101.0,190.9,43.7,148.8,133.0,Never,Moderate,Moderate,Balanced,7.4,0
P101422,53,Male,0,0,0,0,0,0,0,23.1,137.0,67.0,87.2,68.5,53.2,25.7,79.7,Former,Rare,Moderate,Healthy,6.7,0
P101423,54,Female,0,0,0,0,0,0,0,23.4,109.0,70.0,80.5,136.7,50.3,64.3,77.8,Never,Moderate,Active,Healthy,8.3,0
P101424,33,Female,1,0,0,0,0,0,0,28.3,96.0,77.0,84.8,130.7,55.7,104.4,180.2,Former,Heavy,Sedentary,Balanced,8.3,0
P101425,67,Female,0,0,0,0,0,0,0,17.6,123.0,76.0,105.3,156.6,30.8,118.1,187.2,Former,Moderate,Active,Balanced,6.3,0
P101426,65,Female,0,1,0,0,0,0,0,30.4,145.0,81.0,89.4,145.9,47.2,105.5,214.2,Former,Rare,Active,Poor,8.1,0
P101427,37,Male,0,0,0,0,0,0,0,21.0,96.0,77.0,79.3,190.6,66.1,118.8,138.1,Never,Rare,Moderate,Healthy,6.3,0
P101428,54,Male,0,0,0,0,0,0,0,18.6,105.0,85.0,103.6,186.9,60.9,128.9,164.8,Never,Rare,Sedentary,Balanced,8.3,0
P101429,71,Male,0,0,0,0,0,0,0,32.4,135.0,74.0,90.4,134.8,59.9,68.0,129.3,Never,Rare,Moderate,Balanced,7.5,0
P101430,49,Male,1,0,0,0,0,0,0,29.9,113.0,83.0,93.2,173.3,32.7,,95.9,Never,Rare,Active,Balanced,5.9,0
P101431,53,Female,0,1,0,0,0,0,0,27.8,125.0,88.0,103.3,173.0,60.8,123.0,183.0,Former,Rare,Active,Healthy,5.4,0
P101432,62,Male,0,0,0,1,0,1,0,27.6,136.0,72.0,138.0,148.5,63.8,76.2,148.8,Former,Rare,Sedentary,Healthy,6.1,0
P101433,61,Female,0,0,0,0,0,0,0,18.4,118.0,87.0,82.4,140.2,38.1,66.4,61.7,Never,Moderate,Active,Poor,6.8,0
P101434,40,Male,0,0,0,0,1,0,0,28.3,115.0,79.0,95.8,179.7,32.0,138.9,145.8,Never,Rare,Sedentary,Balanced,6.3,0
P101435,59,Female,0,0,0,0,1,0,0,21.7,124.0,76.0,97.2,221.0,55.8,149.2,172.2,Never,Heavy,Moderate,Balanced,7.2,0
P101436,60,Female,0,1,0,0,1,0,0,22.3,152.0,98.0,80.7,197.8,39.3,137.5,159.5,Never,Rare,Moderate,Healthy,6.4,0
P101437,44,Male,1,0,0,0,0,0,0,28.2,117.0,,82.8,146.5,45.3,123.3,215.7,Never,Moderate,Moderate,Balanced,6.9,0
P101438,41,Male,0,0,0,0,0,0,0,32.2,118.0,76.0,95.8,159.6,54.6,112.0,166.5,Never,Rare,Active,Healthy,8.2,0
P101439,72,Other,0,1,0,0,1,1,0,30.0,147.0,93.0,83.1,183.5,34.8,136.2,205.1,Current,Rare,Moderate,Healthy,7.1,0
P101440,52,Female,0,0,0,0,0,0,0,18.8,94.0,70.0,108.0,127.1,57.9,68.3,182.5,Never,Rare,Active,Healthy,7.3,0
P101441,57,Male,0,0,0,0,0,0,0,25.3,114.0,70.0,114.5,188.1,50.1,106.6,141.3,Never,Moderate,Moderate,Balanced,7.1,0
P101442,38,Male,1,0,0,0,0,0,0,18.4,96.0,68.0,98.7,178.7,46.7,109.0,220.9,Never,Moderate,Moderate,Balanced,5.3,0
P101443,57,Male,0,0,0,0,1,0,0,33.3,123.0,71.0,77.0,226.3,30.5,148.5,126.7,Never,Rare,Moderate,Poor,8.0,0
P101444,35,Female,0,0,0,0,0,0,0,23.8,100.0,69.0,75.1,93.5,68.8,65.6,88.6,Never,Rare,Moderate,Healthy,7.6,0
P101445,47,Male,0,0,0,1,0,0,0,29.2,132.0,78.0,162.7,177.8,60.1,123.6,110.7,Never,Rare,Moderate,Balanced,6.8,0
P101446,44,Female,0,0,0,0,1,0,0,20.5,114.0,84.0,112.4,218.1,49.7,135.2,18.2,Never,Rare,Moderate,Balanced,6.7,0
P101447,44,Male,0,0,0,0,0,0,0,25.0,131.0,93.0,102.5,173.8,58.2,125.8,213.0,Never,Rare,Active,Healthy,8.6,0
P101448,40,Male,0,1,0,0,0,0,0,27.6,124.0,93.0,103.2,85.1,72.2,31.7,86.6,Never,Moderate,Moderate,Healthy,8.0,0
P101449,25,Male,0,0,0,0,1,0,0,20.6,112.0,74.0,88.4,,43.5,137.9,188.2,Never,Rare,Moderate,Balanced,6.2,0
P101450,49,Female,0,0,0,0,0,0,0,26.6,113.0,87.0,102.6,190.3,52.8,120.4,70.2,Never,Heavy,Sedentary,Balanced,6.7,0
P101451,62,Male,0,0,0,1,0,0,0,28.5,135.0,74.0,175.3,179.6,60.4,129.6,172.4,Current,Rare,Active,Poor,4.6,0
P101452,76,Female,0,1,0,0,0,0,0,25.5,139.0,78.0,111.6,158.4,54.8,86.7,157.2,Never,Rare,Sedentary,Balanced,8.0,0
P101453,55,Male,1,0,0,0,0,0,0,18.8,,84.0,99.5,133.8,46.2,106.8,,Never,Moderate,Moderate,Balanced,,0
P101454,39,Female,0,0,0,0,1,0,0,27.6,108.0,79.0,112.7,206.2,57.4,136.9,226.5,Never,Rare,Moderate,Healthy,8.0,0
P101455,47,Male,0,0,0,0,0,0,0,22.9,133.0,76.0,94.6,166.0,49.5,129.2,175.2,Never,Heavy,Active,Balanced,6.1,0
P101456,77,Male,0,0,0,0,1,0,0,14.0,115.0,81.0,100.9,250.1,49.7,162.7,208.6,Never,Rare,Active,Balanced,8.0,0
P101457,37,Other,0,0,0,0,1,0,0,27.0,,75.0,96.5,,66.5,150.3,143.3,Never,Moderate,Active,Healthy,6.8,0
P101458,75,Female,1,0,1,0,0,0,0,27.0,136.0,75.0,94.6,187.1,60.5,102.5,99.5,Never,Rare,Moderate,Balanced,7.1,0
P101459,56,Male,0,0,0,0,1,0,0,23.3,105.0,75.0,82.6,181.5,51.7,133.7,40.8,Never,Heavy,Active,Balanced,5.3,0
P101460,58,Male,0,0,0,0,0,0,0,18.9,122.0,76.0,97.0,157.5,64.1,92.4,55.7,Never,Rare,Active,Poor,7.9,0
P101461,42,Other,0,0,0,0,0,0,0,25.1,121.0,78.0,78.5,168.3,63.2,90.5,-8.8,Never,Rare,Sedentary,Balanced,6.8,0
P101462,83,Male,0,0,0,0,1,0,0,29.9,151.0,75.0,78.7,178.0,55.5,135.8,199.1,Never,Rare,Active,Healthy,6.9,0
P101463,51,Female,0,0,0,1,0,0,0,35.2,134.0,68.0,118.0,105.3,58.2,88.3,145.9,Former,Rare,Active,Healthy,7.9,0
P101464,49,Male,0,0,0,0,0,0,0,32.6,127.0,75.0,90.0,125.9,66.4,86.3,,Current,Rare,Moderate,Balanced,7.5,0
P101465,61,Female,0,0,0,0,0,0,0,27.8,132.0,77.0,100.7,134.2,37.5,92.7,88.3,Never,Rare,Moderate,Poor,6.3,0
P101466,28,Female,0,0,0,0,0,0,0,26.6,116.0,86.0,85.0,191.3,64.7,103.8,79.9,Never,Rare,Active,Balanced,7.6,0
P101467,29,Male,0,0,0,0,0,0,0,30.8,120.0,67.0,114.5,145.1,52.8,95.8,183.3,Current,Rare,Moderate,Healthy,6.0,0
P101468,69,Male,0,0,0,0,0,0,0,25.1,142.0,77.0,101.8,159.6,61.3,119.9,236.5,Never,Moderate,Sedentary,Balanced,6.1,0
P101469,71,Female,1,0,0,0,0,0,0,21.0,151.0,81.0,92.0,162.4,,116.2,107.7,Former,Rare,Moderate,Balanced,8.5,0
P101470,52,Female,0,0,0,1,0,0,0,30.8,128.0,75.0,150.8,173.5,63.3,123.1,161.8,Never,Moderate,Sedentary,Balanced,7.1,0
P101471,21,Female,0,0,0,0,1,0,0,30.7,120.0,68.0,72.1,200.4,41.6,139.8,,Never,Moderate,Sedentary,Poor,6.1,0
P101472,48,Male,0,0,0,0,1,0,0,29.1,120.0,83.0,99.6,202.0,21.9,117.4,105.0,Never,Heavy,Active,Poor,6.7,0
P101473,27,Male,0,0,0,0,0,0,0,25.3,106.0,82.0,62.4,151.9,49.0,85.0,182.7,Never,Rare,Moderate,Balanced,7.5,0
P101474,73,Female,0,1,1,0,0,0,0,32.4,156.0,94.0,73.4,190.3,41.5,115.1,134.3,Never,Moderate,Active,Healthy,7.1,0
P101475,46,Female,0,0,0,0,0,0,0,17.6,,89.0,,160.1,47.1,116.0,62.9,Never,Rare,Moderate,Poor,7.0,0
P101476,63,Male,0,0,0,0,0,0,0,28.7,117.0,,,186.1,30.8,118.5,132.0,Current,Heavy,Sedentary,Balanced,9.0,0
P101477,33,Male,0,0,0,0,0,0,0,30.9,114.0,84.0,124.2,138.9,47.7,45.0,,Former,Rare,Moderate,Poor,6.8,0
P101478,65,Male,0,0,0,0,1,0,0,31.7,130.0,72.0,97.5,203.3,68.4,133.8,168.7,Never,Rare,Moderate,Poor,7.3,0
P101479,61,Male,1,0,0,0,0,0,0,28.9,126.0,74.0,102.4,110.4,22.9,85.1,77.5,Former,Rare,Sedentary,Balanced,8.1,0
P101480,57,Male,0,0,0,0,1,0,0,27.0,126.0,82.0,116.3,201.2,51.4,146.8,137.8,Never,Moderate,Active,Balanced,8.4,0
P101481,79,Female,0,1,0,0,0,1,0,24.3,143.0,95.0,97.3,180.7,55.6,100.0,195.7,Never,Heavy,Moderate,Balanced,8.8,1
P101482,77,Female,1,0,0,0,0,1,0,26.3,135.0,95.0,83.1,103.5,45.9,53.2,180.5,Never,Rare,Active,Balanced,8.1,0
P101483,27,Female,0,0,0,0,1,0,0,33.6,99.0,86.0,,209.5,49.1,124.2,37.4,Never,Heavy,Moderate,Healthy,6.9,0
P101484,46,Female,0,0,0,0,1,0,0,23.9,107.0,79.0,88.1,198.7,39.8,155.8,175.1,Never,Rare,Sedentary,Healthy,5.3,0
P101485,48,Male,0,0,0,0,0,0,0,31.6,115.0,75.0,84.7,150.9,56.6,111.2,193.3,Never,Rare,Sedentary,Healthy,6.1,0
P101486,39,Male,0,0,0,0,0,0,0,25.6,110.0,70.0,106.5,90.9,24.8,78.6,51.0,Never,Rare,Active,Balanced,8.5,0
P101487,66,Female,0,0,0,0,0,0,0,26.7,113.0,70.0,84.7,148.1,50.6,97.4,71.6,Current,Moderate,Sedentary,Balanced,6.1,0
P101488,27,Female,1,0,0,0,0,0,0,24.1,,74.0,84.7,160.1,59.9,88.0,107.5,Never,Rare,Sedentary,Balanced,4.9,0
P101489,48,Other,0,0,0,0,0,0,0,22.4,112.0,71.0,89.9,118.0,31.0,76.7,200.6,Never,Moderate,Moderate,Healthy,6.3,0
P101490,37,Female,0,0,0,0,1,0,0,26.7,114.0,75.0,93.0,192.3,60.0,134.8,168.3,Current,Moderate,Moderate,Balanced,8.8,0
P101491,30,Male,0,0,0,0,0,0,0,28.1,105.0,79.0,85.2,186.2,33.8,118.6,240.9,Former,Rare,Active,Balanced,8.3,0
P101492,70,Male,0,0,0,0,0,1,0,26.3,137.0,86.0,89.9,161.8,34.3,101.6,246.1,Former,Moderate,Moderate,Balanced,6.3,1
P101493,67,Male,0,0,1,0,1,0,0,27.5,131.0,,116.3,210.0,60.9,107.9,74.6,Never,Rare,Moderate,Poor,6.3,0
P101494,18,Male,0,0,0,0,0,0,0,22.9,97.0,72.0,124.5,166.3,52.9,115.0,182.3,Never,Rare,Active,Balanced,7.3,0
P101495,57,Male,0,1,1,1,0,0,1,38.0,138.0,92.0,172.4,163.0,,107.1,116.3,Current,Rare,Moderate,Healthy,7.1,0
P101496,34,Male,0,0,0,0,0,0,0,20.5,105.0,83.0,95.1,151.4,52.9,83.0,127.6,Never,Rare,Active,Balanced,6.0,0
P101497,77,Male,0,1,1,0,1,0,0,,142.0,77.0,90.0,236.5,49.8,132.3,187.7,Current,Rare,Moderate,Poor,7.4,0
P101498,56,Female,0,0,0,0,0,0,0,18.5,120.0,79.0,103.2,158.6,46.2,100.3,183.9,Never,Moderate,Moderate,Healthy,7.1,0
P101499,76,Female,0,0,0,0,0,0,0,22.2,120.0,79.0,115.4,155.5,51.1,87.5,203.6,Never,Moderate,Active,Poor,8.1,0
P101500,48,Male,0,0,0,0,0,0,0,32.6,112.0,75.0,88.0,162.0,53.6,120.8,152.4,Never,Rare,Moderate,Balanced,6.9,0
P101501,54,Male,0,0,0,0,0,0,0,22.4,97.0,81.0,101.4,177.3,69.3,99.9,62.8,Former,Moderate,Sedentary,Balanced,7.6,0
P101502,43,Male,0,0,0,0,1,0,0,28.2,127.0,83.0,90.6,197.3,,147.4,242.0,Never,Rare,Active,Balanced,7.4,0
P101503,58,Male,0,0,0,0,0,0,0,17.6,117.0,81.0,,144.7,54.1,98.7,158.1,Current,Moderate,Sedentary,Healthy,7.5,0
P101504,58,Female,0,0,0,0,0,0,0,,125.0,76.0,93.6,127.9,,85.9,215.8,Never,Rare,Moderate,Balanced,6.7,0
P101505,70,Other,0,0,0,0,0,0,0,,123.0,80.0,118.4,,40.3,72.1,158.9,Never,Rare,Active,Balanced,6.7,0
P101506,47,Male,0,0,0,0,0,0,0,26.1,120.0,79.0,85.7,198.9,46.2,121.5,114.2,Current,Rare,Sedentary,Healthy,7.7,0
P101507,74,Male,0,0,0,1,0,0,0,29.5,146.0,87.0,200.2,192.4,66.5,124.9,86.9,Never,Rare,Moderate,Balanced,7.1,0
P101508,83,Female,0,0,0,0,0,0,0,28.9,140.0,83.0,72.3,151.7,52.1,114.1,49.3,Former,Moderate,Sedentary,Balanced,6.7,0
P101509,26,Male,0,0,0,0,1,0,0,14.0,95.0,88.0,106.2,,38.8,161.5,141.9,Former,Rare,Moderate,Healthy,8.2,0
P101510,46,Male,0,0,0,0,1,0,0,25.1,105.0,88.0,113.3,214.4,41.5,153.0,142.9,Current,Moderate,Sedentary,Balanced,7.8,0
P101511,49,Female,1,0,0,0,0,0,0,23.8,118.0,83.0,100.7,155.9,46.1,105.1,124.0,Never,Rare,Moderate,Balanced,5.9,0
P101512,34,Female,0,0,0,0,1,0,0,22.0,116.0,82.0,,171.1,28.7,148.5,37.3,Never,Rare,Moderate,Poor,7.7,0
P101513,51,Male,0,0,0,0,1,0,0,24.9,124.0,82.0,80.9,201.6,53.7,175.9,120.1,Never,Rare,Active,Balanced,6.0,0
P101514,55,Male,0,0,0,0,0,0,0,20.7,121.0,76.0,95.1,170.6,,113.4,99.2,Former,Moderate,Active,Healthy,7.5,0
P101515,43,Female,0,0,0,0,0,0,0,28.6,121.0,95.0,83.7,177.5,50.8,127.1,229.2,Never,Rare,Moderate,Balanced,8.1,0
P101516,64,Male,0,0,0,0,1,0,0,25.6,129.0,86.0,79.5,261.0,56.2,153.2,200.1,Former,Rare,Moderate,Balanced,,0
P101517,40,Female,0,0,0,0,1,0,0,20.6,90.0,84.0,89.8,203.5,49.8,101.6,168.7,Current,Moderate,Active,Balanced,6.0,0
P101518,32,Female,0,0,0,0,0,0,0,23.0,102.0,60.0,73.1,190.1,37.0,105.9,23.6,Never,Rare,Sedentary,Healthy,6.9,0
P101519,47,Female,0,0,0,0,1,0,0,25.0,106.0,88.0,111.8,222.1,48.5,135.9,70.1,Current,Heavy,Sedentary,Balanced,8.1,0
P101520,52,Female,0,0,0,0,0,0,0,16.5,118.0,86.0,88.4,174.2,57.1,101.0,61.5,Current,Rare,Moderate,Poor,7.5,0
P101521,69,Female,0,1,0,0,0,0,0,33.9,149.0,93.0,89.7,165.7,71.8,112.1,154.2,Never,Rare,Active,Healthy,8.2,0
P101522,46,Male,0,0,0,0,0,0,0,24.3,96.0,77.0,89.0,150.6,35.6,121.0,214.2,Current,Rare,Sedentary,Poor,8.8,0
P101523,52,Male,0,0,0,0,0,0,0,34.6,142.0,87.0,87.4,167.3,55.2,114.1,96.8,Former,Rare,Moderate,Healthy,6.3,0
P101524,56,Male,0,1,0,1,1,0,0,30.4,131.0,77.0,128.7,253.6,49.7,178.7,250.3,Never,Rare,Moderate,Poor,9.0,0
P101525,43,Female,0,1,0,0,0,0,0,31.5,127.0,91.0,105.6,116.0,55.0,96.6,178.3,Current,Moderate,Moderate,Balanced,8.1,0
P101526,61,Other,1,0,0,1,0,0,0,26.8,140.0,90.0,127.2,198.4,,124.5,202.8,Former,Heavy,Active,Poor,6.7,0
P101527,49,Male,0,0,0,0,0,0,0,19.6,131.0,81.0,91.6,161.0,50.8,114.9,49.5,Never,Rare,Moderate,Balanced,6.1,0
P101528,55,Female,0,0,0,0,1,0,0,23.0,116.0,72.0,98.3,206.5,58.2,118.4,106.4,Former,Moderate,Moderate,Balanced,5.6,0
P101529,44,Male,0,0,0,0,0,0,0,19.6,115.0,75.0,124.4,194.9,50.5,129.3,189.4,Former,Rare,Moderate,Balanced,7.6,0
P101530,90,Male,0,1,1,0,0,0,1,31.2,179.0,98.0,89.8,155.1,63.0,73.0,155.5,Current,Rare,Sedentary,Poor,7.6,1
P101531,18,Male,0,0,0,0,1,0,0,25.8,101.0,76.0,100.0,231.6,43.9,121.1,,Current,Rare,Moderate,Healthy,6.0,0
P101532,47,Male,0,0,0,0,1,0,0,37.3,145.0,75.0,100.2,,46.5,146.6,70.3,Never,Rare,Moderate,Healthy,4.1,0
P101533,45,Female,0,0,0,0,0,0,0,27.3,112.0,81.0,104.0,98.4,63.0,70.9,120.9,Former,Rare,Moderate,Balanced,7.6,0
P101534,54,Female,0,0,0,0,1,0,0,,135.0,89.0,87.8,218.3,51.5,156.7,-15.7,Former,Rare,Sedentary,Healthy,7.8,0
P101535,77,Male,0,0,0,0,0,1,0,22.1,149.0,71.0,84.8,77.7,41.1,,132.5,Never,Rare,Moderate,Balanced,7.6,1
P101536,64,Female,0,0,0,0,0,0,0,18.0,108.0,79.0,113.5,138.1,51.7,94.7,152.3,Never,Rare,Active,Balanced,6.9,0
P101537,42,Other,0,0,0,0,1,0,0,22.4,116.0,89.0,85.1,197.5,57.5,149.8,90.6,Never,Rare,Sedentary,Balanced,6.0,0
P101538,59,Male,0,0,0,1,1,0,0,26.6,141.0,97.0,189.7,214.6,68.7,147.5,244.5,Current,Moderate,Sedentary,Balanced,5.9,0
P101539,66,Female,0,0,0,0,0,0,0,25.9,129.0,87.0,81.4,173.5,43.5,64.0,202.3,Former,Rare,Sedentary,Balanced,8.0,0
P101540,60,Female,1,0,0,0,0,0,0,25.3,115.0,74.0,82.4,158.3,54.0,94.8,113.7,Never,Moderate,Moderate,Balanced,7.6,0
P101541,50,Female,0,0,0,0,0,0,0,27.6,125.0,84.0,87.1,171.5,21.8,112.5,184.9,Never,Rare,Moderate,Poor,6.8,0
P101542,53,Male,0,0,0,0,1,0,0,19.9,114.0,83.0,111.3,243.8,55.6,184.3,46.8,Never,Moderate,Active,Healthy,6.0,0
P101543,49,Male,0,0,0,0,0,0,0,26.4,120.0,76.0,108.6,177.5,47.6,98.3,206.9,Current,Moderate,Moderate,Healthy,6.8,0
P101544,54,Female,0,1,1,0,1,0,0,36.0,141.0,87.0,86.9,220.6,68.1,146.4,247.0,Never,Rare,Moderate,Poor,7.6,0
P101545,57,Male,0,1,0,0,0,0,0,22.9,140.0,85.0,104.2,171.8,48.2,,204.5,Never,Moderate,Moderate,Poor,7.1,0
P101546,49,Male,0,0,0,0,0,0,0,24.1,128.0,73.0,111.5,190.7,45.3,104.7,,Never,Rare,Active,Balanced,6.5,0
P101547,63,Female,1,0,0,0,0,0,0,23.8,129.0,95.0,94.1,136.8,64.5,102.8,27.2,Former,Moderate,Moderate,Healthy,6.1,0
P101548,45,Female,0,0,0,0,1,0,0,29.2,119.0,82.0,80.0,215.3,44.6,126.2,116.9,Current,Rare,Sedentary,Healthy,7.5,0
P101549,68,Male,0,0,0,0,0,0,1,31.8,141.0,85.0,106.2,,28.7,85.8,122.5,Former,Rare,Moderate,Poor,6.4,0
P101550,76,Female,1,1,0,0,0,1,0,33.9,142.0,95.0,92.0,148.5,34.7,67.8,-27.2,Current,Moderate,Active,Poor,8.0,0
P101551,71,Female,0,0,0,1,1,0,0,25.1,117.0,89.0,154.1,209.2,,139.3,198.3,Never,Heavy,Moderate,Balanced,,0
P101552,56,Female,0,0,0,0,1,0,0,25.7,136.0,83.0,81.6,209.4,72.1,154.2,199.9,Never,Rare,Sedentary,Healthy,7.5,0
P101553,39,Female,0,0,0,0,0,0,0,30.6,112.0,74.0,110.8,,46.0,118.6,311.2,Never,Rare,Active,Balanced,4.2,0
P101554,60,Male,0,0,0,0,1,0,0,32.0,135.0,83.0,101.7,200.2,,,68.9,Never,Rare,Moderate,Balanced,5.8,0
P101555,52,Male,1,0,0,0,0,0,0,37.3,138.0,92.0,108.8,177.8,66.2,113.0,,Never,Rare,Sedentary,Balanced,8.1,0
P101556,27,Female,0,0,0,0,1,0,0,24.5,105.0,75.0,97.4,,65.6,151.3,138.9,Never,Moderate,Moderate,Balanced,8.4,0
P101557,73,Male,0,0,0,0,0,0,0,22.8,134.0,69.0,89.7,158.3,57.6,98.0,153.4,Never,Heavy,Moderate,Poor,7.4,0
P101558,78,Female,0,0,0,0,0,0,0,20.7,135.0,83.0,110.8,169.6,24.6,,61.2,Never,Rare,Sedentary,Healthy,6.7,0
P101559,61,Male,1,0,0,0,1,0,0,24.0,116.0,76.0,102.7,175.8,37.3,142.2,219.8,Never,Rare,Moderate,Healthy,8.1,0
P101560,46,Male,0,0,0,0,0,0,0,25.6,127.0,78.0,103.3,182.4,54.9,127.2,209.7,Never,Rare,Active,Poor,7.8,0
P101561,64,Female,0,0,0,0,0,0,1,31.3,140.0,76.0,,148.3,63.0,109.0,211.1,Never,Rare,Sedentary,Poor,6.0,0
P101562,66,Male,1,0,0,0,0,0,0,23.5,131.0,81.0,95.8,184.4,57.9,120.0,90.1,Never,Rare,Active,Balanced,5.8,0
P101563,18,Female,0,0,0,0,0,0,0,32.2,101.0,,93.5,138.8,51.6,106.1,,Never,Rare,Moderate,Balanced,5.7,0
P101564,25,Female,0,0,0,0,1,0,0,28.5,,84.0,101.2,217.8,61.2,132.6,102.5,Current,Rare,Sedentary,Balanced,8.4,0
P101565,39,Female,0,0,0,0,0,0,0,25.7,111.0,,93.0,121.1,38.5,109.2,148.2,Current,Moderate,Moderate,Balanced,6.4,0
P101566,62,Female,0,0,0,0,1,0,0,25.0,132.0,78.0,94.8,199.4,44.4,157.4,99.5,Never,Rare,Moderate,Balanced,6.7,0
P101567,53,Male,0,0,0,0,1,0,0,24.8,124.0,82.0,85.5,,56.4,113.3,,Never,Rare,Active,Healthy,8.1,0
P101568,53,Female,0,0,0,0,0,0,0,25.1,122.0,75.0,113.9,175.4,48.8,125.2,88.4,Never,Rare,Active,Balanced,7.3,0
P101569,51,Male,1,1,0,0,0,0,0,23.7,131.0,96.0,86.9,,34.1,107.7,322.3,Former,Moderate,Moderate,Healthy,5.6,0
P101570,66,Female,0,0,0,0,0,0,0,21.5,135.0,77.0,87.6,195.3,54.2,129.4,268.5,Former,Moderate,Moderate,Poor,6.8,0
P101571,59,Male,0,0,0,0,1,0,0,29.5,116.0,90.0,81.6,202.6,33.4,111.7,198.7,Never,Rare,Moderate,Healthy,6.4,0
P101572,39,Male,1,0,0,0,0,0,0,19.4,120.0,73.0,84.9,141.3,54.3,89.2,182.5,Former,Moderate,Moderate,Balanced,6.2,0
P101573,59,Female,0,0,1,0,0,0,0,24.3,124.0,79.0,59.1,153.6,52.3,110.0,215.4,Former,Rare,Sedentary,Balanced,,0
P101574,50,Male,0,0,0,1,0,0,0,27.0,,74.0,99.1,174.3,42.4,94.2,230.4,Former,Rare,Moderate,Poor,8.2,0
P101575,73,Female,1,1,0,0,0,0,0,28.5,148.0,82.0,83.2,137.0,69.9,108.0,178.7,Never,Rare,Sedentary,Poor,7.8,0
P101576,75,Female,0,1,0,0,1,0,0,17.4,132.0,81.0,95.3,176.0,55.0,134.7,169.3,Never,Rare,Active,Balanced,9.0,0
P101577,34,Male,0,0,0,0,0,0,0,25.2,114.0,76.0,96.2,153.4,,121.0,194.9,Never,Moderate,Sedentary,Balanced,8.1,0
P101578,59,Male,0,0,0,0,1,0,0,30.6,113.0,76.0,107.5,221.3,55.5,131.5,134.4,Never,Rare,Sedentary,Balanced,6.4,0
P101579,73,Male,0,0,0,1,0,0,1,,139.0,83.0,163.9,199.9,53.6,109.3,193.9,Never,Rare,Moderate,Balanced,6.0,0
P101580,44,Female,0,0,0,1,0,0,0,31.0,131.0,75.0,172.1,148.4,40.7,,182.7,Current,Moderate,Moderate,Balanced,6.9,0
P101581,64,Female,0,0,0,0,0,1,0,23.9,132.0,84.0,82.4,182.1,31.4,91.3,122.4,Current,Moderate,Moderate,Balanced,7.1,0
P101582,56,Male,0,0,0,0,0,0,0,25.1,119.0,67.0,93.7,185.6,61.5,113.8,138.9,Never,Heavy,Moderate,Poor,7.1,0
P101583,63,Male,1,0,0,0,0,0,0,21.6,115.0,78.0,83.2,158.9,38.6,71.1,133.5,Never,Rare,Sedentary,Balanced,6.7,0
P101584,71,Male,0,0,0,0,0,0,0,23.7,130.0,77.0,94.3,165.8,51.4,110.6,191.9,Former,Rare,Moderate,Balanced,5.7,0
P101585,72,Male,0,0,1,0,0,0,0,25.6,131.0,80.0,71.6,118.9,67.6,103.7,100.5,Never,Moderate,Sedentary,Balanced,4.8,0
P101586,48,Male,0,0,0,0,1,0,0,27.9,109.0,74.0,88.0,179.0,59.5,143.0,114.4,Never,Rare,Active,Balanced,7.5,0
P101587,51,Female,1,0,0,0,0,0,0,18.5,126.0,74.0,99.1,190.3,61.3,103.3,152.4,Never,Rare,Moderate,Balanced,6.1,0
P101588,45,Male,0,0,0,0,0,0,0,24.1,96.0,80.0,83.2,129.1,60.1,93.9,,Former,Rare,Sedentary,Balanced,7.6,0
P101589,36,Female,0,0,0,0,0,0,0,26.3,127.0,71.0,119.1,167.3,45.3,116.3,170.6,Never,Moderate,Moderate,Balanced,5.4,0
P101590,58,Female,0,1,0,0,0,0,0,21.6,118.0,83.0,108.1,102.4,47.1,58.3,61.8,Never,Rare,Active,Balanced,7.3,0
P101591,57,Male,0,0,1,0,1,0,0,14.0,98.0,76.0,82.9,226.3,40.3,163.2,,Never,Rare,Moderate,Healthy,6.1,0
P101592,35,Female,0,0,0,0,1,0,0,21.5,116.0,72.0,82.0,206.5,70.0,118.4,102.6,Former,Moderate,Active,Balanced,7.2,0
P101593,71,Male,0,0,0,0,0,1,0,24.6,141.0,83.0,101.8,138.5,42.5,84.6,158.5,Former,Moderate,Moderate,Balanced,7.5,0
P101594,24,Female,0,0,0,0,0,0,0,27.5,111.0,76.0,82.9,168.4,62.3,94.9,154.6,Never,Rare,Sedentary,Balanced,6.5,0
P101595,27,Male,0,0,0,0,0,0,0,31.9,122.0,87.0,90.6,131.7,56.5,,121.0,Never,Moderate,Moderate,Balanced,9.7,0
P101596,52,Male,0,1,0,0,0,0,0,27.0,131.0,89.0,87.1,185.6,56.0,100.1,192.2,Former,Rare,Moderate,Balanced,5.9,0
P101597,69,Female,0,1,0,0,1,0,0,22.3,138.0,88.0,85.7,188.6,60.1,137.1,91.6,Never,Rare,Moderate,Balanced,6.2,0
P101598,67,Female,0,1,0,1,1,0,0,28.8,156.0,96.0,124.1,205.3,,136.4,285.9,Current,Moderate,Moderate,Healthy,7.0,0
P101599,86,Female,0,0,0,0,0,0,0,27.5,141.0,82.0,109.0,152.8,73.8,89.6,91.2,Never,Rare,Active,Balanced,7.2,0
P101600,54,Female,0,0,0,0,0,0,0,,136.0,91.0,99.9,177.0,36.2,127.0,238.4,Never,Rare,Active,Balanced,6.2,0
P101601,60,Female,0,1,1,0,1,0,0,22.4,153.0,83.0,110.5,196.6,28.7,138.2,135.8,Never,Rare,Active,Poor,6.8,0
P101602,49,Male,0,1,1,0,1,0,0,26.2,126.0,79.0,89.7,175.1,43.8,135.1,146.0,Never,Heavy,Sedentary,Healthy,7.6,0
P101603,18,Female,0,0,0,0,0,0,0,29.7,103.0,78.0,106.1,158.2,54.6,99.9,92.7,Former,Rare,Active,Balanced,7.0,0
P101604,29,Male,0,0,0,0,0,0,0,23.7,112.0,76.0,68.7,124.8,,50.2,118.1,Never,Rare,Sedentary,Balanced,6.0,0
P101605,47,Male,0,0,0,0,0,0,0,30.5,130.0,92.0,104.6,92.4,34.7,54.7,101.2,Current,Rare,Moderate,Poor,4.7,0
P101606,42,Female,0,0,0,0,0,0,0,31.3,125.0,82.0,85.4,145.2,35.8,83.8,167.4,Current,Moderate,Moderate,Healthy,7.6,0
P101607,72,Male,0,1,0,0,0,0,0,23.5,138.0,85.0,88.4,139.9,42.1,94.4,141.4,Never,Rare,Moderate,Poor,6.4,0
P101608,42,Female,0,0,0,0,0,0,0,28.2,131.0,76.0,102.8,172.2,66.2,113.2,275.9,Former,Moderate,Moderate,Balanced,6.4,0
P101609,68,Female,0,0,0,1,0,0,0,27.8,132.0,81.0,134.8,181.9,52.6,105.2,71.6,Never,Rare,Moderate,Balanced,5.4,0
P101610,46,Female,0,0,0,0,0,0,0,25.9,119.0,79.0,91.3,137.6,58.3,92.5,89.0,Never,Rare,Sedentary,Balanced,7.1,0
P101611,70,Female,0,0,0,0,0,0,0,33.9,129.0,87.0,114.7,150.1,33.9,93.3,,Former,Rare,Active,Poor,5.6,0
P101612,79,Female,0,0,0,0,0,1,0,35.6,148.0,83.0,100.5,156.4,62.3,98.0,140.5,Never,Rare,Active,Balanced,8.3,1
P101613,71,Female,0,1,0,0,1,0,1,,170.0,81.0,88.9,231.5,40.6,181.0,195.5,Never,Moderate,Moderate,Healthy,7.3,0
P101614,64,Male,0,0,0,0,1,0,0,26.0,118.0,68.0,97.9,217.6,24.1,127.0,95.2,Never,Moderate,Sedentary,Balanced,6.1,0
P101615,47,Female,0,0,0,0,0,0,0,23.7,124.0,70.0,93.2,148.1,42.7,,177.8,Never,Rare,Active,Balanced,7.0,0
P101616,29,Female,0,0,0,0,1,0,0,29.5,115.0,74.0,96.7,203.6,43.0,173.2,,Current,Rare,Moderate,Poor,6.4,0
P101617,73,Female,0,0,0,0,1,0,0,17.7,130.0,74.0,103.8,274.6,52.9,211.6,254.2,Never,Heavy,Moderate,Balanced,7.6,1
P101618,65,Male,1,0,0,0,0,0,0,20.3,128.0,,81.1,148.2,60.2,104.8,105.2,Never,Rare,Active,Balanced,5.0,0
P101619,30,Male,0,0,0,0,1,0,0,16.2,96.0,76.0,82.3,215.2,34.4,133.4,169.1,Never,Rare,Active,Balanced,7.0,0
P101620,65,Male,1,0,0,0,0,0,0,14.0,128.0,86.0,101.4,139.4,43.6,82.2,289.2,Never,Rare,Sedentary,Healthy,8.8,0
P101621,47,Female,0,0,0,0,1,0,0,23.6,119.0,80.0,97.9,233.6,43.0,,193.7,Former,Rare,Sedentary,Balanced,8.0,0
P101622,65,Female,0,1,0,0,0,0,0,22.3,119.0,81.0,88.5,,29.6,125.4,127.7,Never,Heavy,Active,Poor,6.8,0
P101623,57,Male,0,0,0,0,0,0,0,21.8,,81.0,99.1,163.6,34.1,108.6,76.4,Current,Moderate,Moderate,Healthy,6.9,0
P101624,30,Male,0,0,0,0,0,0,0,31.7,109.0,81.0,83.7,150.9,64.5,96.1,131.9,Never,Moderate,Moderate,Healthy,6.4,0
P101625,59,Male,0,0,0,0,0,0,0,,131.0,77.0,88.4,194.7,47.5,117.1,180.3,Never,Moderate,Sedentary,Poor,9.5,0
P101626,60,Male,0,1,0,0,1,0,0,24.3,145.0,79.0,100.5,225.2,64.8,164.8,18.4,Never,Rare,Active,Poor,6.6,0
P101627,62,Male,0,0,0,0,0,0,0,20.7,109.0,75.0,95.4,146.6,44.5,73.0,165.9,Former,Rare,Moderate,Healthy,6.3,0
P101628,26,Male,0,0,0,0,0,0,0,24.3,134.0,84.0,102.7,134.4,43.0,96.5,51.6,Former,Rare,Sedentary,Balanced,8.3,0
P101629,65,Female,0,0,0,0,0,0,0,23.5,119.0,75.0,87.3,171.2,47.5,112.5,33.4,Never,Rare,Sedentary,Balanced,9.2,0
P101630,44,Other,0,0,0,0,0,0,0,25.9,117.0,68.0,84.8,154.4,46.8,124.8,106.9,Former,Rare,Moderate,Healthy,7.2,0
P101631,50,Female,0,1,0,0,0,0,0,28.5,137.0,98.0,113.0,123.7,56.7,46.7,103.7,Former,Rare,Sedentary,Healthy,5.6,0
P101632,69,Female,0,0,0,0,1,0,0,25.1,140.0,79.0,88.8,207.6,52.3,142.4,137.2,Never,Moderate,Moderate,Poor,5.3,0
P101633,42,Female,1,0,0,0,1,0,0,24.6,114.0,80.0,107.2,200.0,46.6,130.3,143.7,Former,Rare,Moderate,Balanced,5.7,0
P101634,74,Female,0,0,0,0,0,0,0,21.2,122.0,77.0,75.0,168.6,77.0,89.7,221.4,Former,Rare,Active,Balanced,7.8,0
P101635,88,Female,0,1,0,0,0,1,0,26.8,165.0,79.0,85.8,173.9,35.1,104.4,212.6,Never,Rare,Moderate,Poor,7.5,1
P101636,38,Male,0,0,0,0,0,0,0,,108.0,75.0,92.0,163.4,39.4,81.1,165.8,Never,Rare,Active,Balanced,6.7,0
P101637,48,Male,0,0,0,0,0,0,0,32.5,126.0,72.0,88.2,126.3,41.6,68.0,184.1,Never,Rare,Sedentary,Balanced,,0
P101638,43,Male,0,0,0,0,0,0,0,20.4,112.0,81.0,119.5,176.0,60.2,123.4,164.5,Never,Heavy,Moderate,Poor,6.3,0
P101639,48,Male,0,0,0,0,0,0,0,20.0,105.0,72.0,88.9,165.4,38.0,87.0,100.9,Never,Moderate,Moderate,Balanced,7.3,0
P101640,55,Male,0,0,0,0,1,0,0,21.8,111.0,79.0,84.1,206.7,53.0,109.9,142.5,Current,Rare,Moderate,Balanced,8.8,0
P101641,65,Female,0,0,0,0,0,0,0,34.3,124.0,86.0,83.5,149.5,47.5,110.3,61.4,Current,Moderate,Active,Poor,6.5,0
P101642,48,Male,0,0,0,0,0,0,0,27.1,120.0,76.0,,154.4,51.6,123.9,216.4,Never,Moderate,Sedentary,Healthy,8.9,0
P101643,69,Female,0,1,0,0,0,0,0,34.8,162.0,91.0,108.8,173.6,39.5,94.7,190.5,Never,Moderate,Moderate,Healthy,7.3,0
P101644,50,Female,0,0,0,0,0,0,0,24.4,122.0,73.0,94.1,123.9,63.2,83.6,58.6,Former,Moderate,Active,Healthy,6.3,0
P101645,51,Male,0,0,0,0,0,0,0,25.4,115.0,74.0,90.4,151.3,,73.9,208.6,Never,Heavy,Moderate,Poor,7.7,0
P101646,54,Female,0,0,0,1,1,0,0,27.0,133.0,82.0,170.0,176.1,84.6,135.4,141.0,Never,Rare,Active,Healthy,6.0,1
P101647,68,Female,0,0,1,1,1,0,0,23.6,120.0,69.0,160.5,,36.3,153.1,135.7,Never,Rare,Moderate,Balanced,8.1,0
P101648,59,Male,0,0,0,0,0,0,0,31.3,133.0,77.0,88.5,164.3,44.3,106.0,234.5,Never,Moderate,Moderate,Healthy,8.2,0
P101649,53,Male,1,0,0,0,0,0,0,26.4,120.0,71.0,80.0,148.3,57.5,92.1,114.9,Former,Moderate,Sedentary,Balanced,7.3,0
P101650,46,Female,0,0,0,0,0,0,0,37.8,144.0,77.0,83.6,190.6,60.6,129.1,100.1,Never,Moderate,Active,Balanced,9.0,0
P101651,53,Female,0,1,0,0,1,0,0,20.9,126.0,87.0,105.2,199.6,54.3,146.8,110.4,Never,Heavy,Moderate,Balanced,4.5,1
P101652,57,Female,1,0,0,0,1,0,0,23.0,131.0,85.0,91.0,233.4,57.9,154.3,,Never,Moderate,Moderate,Balanced,7.7,0
P101653,76,Female,0,0,0,0,0,0,0,25.3,130.0,64.0,81.9,193.7,65.9,116.5,149.4,Never,Moderate,Moderate,Poor,7.8,1
P101654,51,Male,0,0,1,0,1,0,0,27.9,121.0,81.0,105.7,202.5,53.8,146.7,118.8,Never,Moderate,Sedentary,Balanced,5.8,0
P101655,40,Female,1,0,0,0,0,0,0,34.1,112.0,82.0,89.1,189.4,42.8,123.8,121.3,Never,Moderate,Moderate,Balanced,7.8,0
P101656,49,Other,0,0,0,0,0,0,0,22.4,108.0,79.0,105.8,161.1,43.5,99.8,136.3,Never,Heavy,Active,Healthy,7.7,0
P101657,49,Female,0,1,0,0,0,0,0,31.9,144.0,92.0,96.4,,15.6,103.6,186.4,Never,Rare,Moderate,Balanced,6.9,0
P101658,57,Female,0,0,0,0,1,0,0,29.1,127.0,80.0,81.4,203.7,59.3,145.0,168.2,Never,Rare,Moderate,Healthy,5.6,0
P101659,44,Female,0,0,0,0,0,0,0,21.3,97.0,69.0,111.0,127.4,63.9,69.7,79.4,Never,Rare,Active,Balanced,7.7,0
P101660,42,Other,1,0,0,0,1,0,0,29.2,132.0,89.0,72.2,191.9,56.6,143.8,161.1,Never,Rare,Active,Healthy,6.4,0
P101661,18,Female,0,0,0,1,0,0,0,25.3,110.0,66.0,170.2,131.1,,31.5,145.0,Never,Heavy,Sedentary,Poor,6.7,0
P101662,76,Female,0,1,0,0,0,1,0,19.8,145.0,89.0,82.2,159.4,34.6,109.3,246.0,Never,Rare,Moderate,Balanced,9.2,0
P101663,40,Female,0,0,0,0,1,0,0,20.4,116.0,74.0,90.7,202.3,69.0,119.6,89.2,Never,Rare,Sedentary,Balanced,7.4,0
P101664,60,Male,0,1,0,0,0,1,0,27.7,146.0,79.0,85.2,186.9,56.3,118.0,84.8,Never,Heavy,Moderate,Balanced,4.9,0
P101665,61,Male,0,0,0,0,1,0,0,28.3,137.0,79.0,90.8,197.1,,152.3,165.6,Never,Rare,Sedentary,Balanced,6.8,0
P101666,34,Male,0,0,0,0,1,0,0,32.3,134.0,88.0,88.8,175.3,37.7,144.6,225.6,Former,Moderate,Moderate,Balanced,6.7,0
P101667,52,Female,0,0,0,0,0,0,0,25.6,119.0,92.0,99.1,137.8,91.0,115.0,62.1,Never,Moderate,Active,Healthy,8.4,0
P101668,60,Male,0,0,1,0,0,0,0,28.3,108.0,66.0,93.1,117.0,48.8,64.9,116.3,Never,Rare,Sedentary,Healthy,6.6,0
P101669,75,Male,1,0,1,0,0,0,0,18.0,121.0,84.0,116.7,149.4,55.8,114.0,161.7,Current,Rare,Moderate,Balanced,5.2,0
P101670,65,Female,0,0,0,0,1,0,0,24.6,125.0,67.0,102.8,268.7,53.1,,135.2,Never,Rare,Sedentary,Balanced,8.6,0
P101671,21,Male,0,0,0,0,0,0,0,25.8,96.0,74.0,110.2,136.6,49.3,100.5,153.8,Never,Moderate,Moderate,Balanced,5.4,0
P101672,40,Female,0,0,0,0,0,0,0,22.3,98.0,70.0,87.1,140.0,44.1,93.4,193.5,Never,Rare,Moderate,Balanced,6.9,0
P101673,45,Female,0,0,0,0,1,0,0,22.2,106.0,77.0,87.6,220.7,44.7,147.3,80.7,Never,Rare,Active,Balanced,7.4,0
P101674,85,Female,0,0,0,0,0,0,0,24.6,142.0,72.0,100.9,175.1,62.5,82.1,129.9,Never,Rare,Sedentary,Healthy,4.9,0
P101675,36,Female,0,0,0,0,0,0,0,31.5,93.0,85.0,89.3,168.1,58.8,92.0,135.5,Never,Moderate,Moderate,Balanced,8.9,0
P101676,85,Female,0,0,1,0,0,1,0,23.8,136.0,72.0,91.7,140.8,54.8,108.5,116.0,Former,Moderate,Sedentary,Healthy,8.3,0
P101677,59,Female,0,0,0,0,0,0,0,25.5,130.0,66.0,80.1,156.0,38.6,99.5,136.2,Never,Rare,Sedentary,Healthy,7.7,0
P101678,51,Female,0,0,0,0,0,0,0,20.2,120.0,85.0,97.5,196.2,40.0,108.9,88.3,Never,Rare,Moderate,Healthy,6.0,0
P101679,43,Female,0,0,0,0,0,0,0,19.4,93.0,62.0,102.0,181.8,,112.7,101.4,Never,Heavy,Sedentary,Poor,3.9,0
P101680,78,Male,1,0,1,0,0,0,0,24.7,145.0,74.0,101.8,161.3,31.0,113.3,172.7,Current,Rare,Moderate,Healthy,8.4,0
P101681,47,Female,0,1,0,0,1,0,0,23.7,137.0,87.0,91.5,172.0,52.7,152.1,,Never,Rare,Moderate,Balanced,6.5,0
P101682,61,Other,0,0,0,0,0,0,0,23.5,150.0,78.0,98.4,145.2,40.9,114.0,175.8,Current,Rare,Moderate,Healthy,,0
P101683,49,Female,0,0,0,0,0,0,0,21.3,105.0,77.0,88.9,169.7,77.1,110.8,125.6,Current,Rare,Moderate,Healthy,7.7,0
P101684,37,Male,0,0,0,0,0,0,0,34.0,138.0,81.0,95.0,,40.6,88.6,57.0,Never,Rare,Moderate,Poor,8.1,0
P101685,26,Male,0,0,0,0,0,0,0,24.2,104.0,74.0,99.8,149.5,27.1,77.4,135.8,Never,Moderate,Active,Poor,6.9,0
P101686,55,Female,0,0,0,0,0,0,0,18.0,115.0,73.0,108.0,118.7,66.0,76.2,138.1,Former,Moderate,Moderate,Healthy,6.3,0
P101687,46,Male,0,0,0,0,1,0,0,27.6,110.0,82.0,,205.3,31.4,147.8,171.7,Never,Rare,Active,Poor,5.7,0
P101688,34,Other,1,0,0,0,1,0,0,18.4,102.0,77.0,94.0,244.9,54.0,154.7,82.7,Never,Rare,Sedentary,Poor,8.1,0
P101689,23,Other,0,0,0,0,1,0,0,23.4,98.0,72.0,86.6,245.3,59.0,154.3,128.3,Former,Rare,Sedentary,Balanced,6.1,0
P101690,52,Male,0,0,0,1,1,0,0,26.2,,69.0,118.5,206.6,45.7,146.0,65.4,Never,Rare,Active,Balanced,4.9,0
P101691,32,Female,0,0,0,0,0,0,0,27.2,,69.0,101.3,153.7,57.2,118.4,109.1,Never,Rare,Sedentary,Poor,7.9,0
P101692,58,Female,0,0,0,0,0,0,0,28.5,126.0,81.0,94.9,184.0,34.6,83.4,218.5,Former,Rare,Active,Balanced,7.0,0
P101693,76,Male,0,0,0,0,0,0,0,30.6,133.0,75.0,100.8,132.0,61.1,,250.7,Former,Rare,Moderate,Balanced,7.1,0
P101694,81,Male,0,0,0,1,0,1,0,22.4,126.0,88.0,165.2,,55.8,78.1,105.7,Never,Moderate,Active,Balanced,6.6,0
P101695,78,Male,0,1,1,0,0,0,0,28.1,143.0,78.0,89.6,121.0,38.7,41.9,175.5,Former,Rare,Sedentary,Balanced,6.3,0
P101696,48,Male,0,0,0,0,1,0,0,24.5,115.0,75.0,90.3,180.7,53.3,134.0,139.1,Current,Moderate,Active,Balanced,6.3,0
P101697,71,Male,0,0,0,0,0,0,0,28.7,140.0,86.0,99.5,179.0,63.1,123.1,193.1,Former,Moderate,Sedentary,Poor,7.2,0
P101698,49,Female,0,0,0,0,0,0,0,29.0,131.0,74.0,102.1,178.2,31.8,95.3,151.6,Never,Rare,Active,Poor,6.6,0
P101699,58,Female,0,0,0,0,0,0,0,31.2,118.0,76.0,88.2,142.4,55.3,99.9,192.7,Former,Moderate,Sedentary,Poor,5.9,0
P101700,41,Female,0,0,0,0,1,0,1,31.0,103.0,84.0,91.5,196.9,60.3,143.1,135.9,Former,Rare,Moderate,Poor,8.1,0
P101701,58,Male,0,0,0,0,1,0,0,32.7,145.0,,107.4,188.3,30.4,147.2,173.7,Never,Rare,Sedentary,Balanced,7.0,0
P101702,77,Male,0,0,0,0,0,0,0,31.3,127.0,91.0,94.6,179.3,47.9,125.0,228.1,Never,Heavy,Sedentary,Balanced,7.4,0
P101703,65,Female,0,0,0,0,1,1,0,25.9,140.0,75.0,113.9,207.6,53.5,135.5,123.3,Never,Rare,Sedentary,Balanced,6.1,0
P101704,34,Male,0,0,0,0,0,0,0,31.3,121.0,81.0,100.0,163.5,72.0,111.6,81.5,Never,Moderate,Moderate,Healthy,6.3,0
P101705,49,Female,0,0,0,0,0,0,0,38.5,128.0,75.0,114.8,150.7,44.8,73.7,160.9,Never,Rare,Sedentary,Balanced,8.9,0
P101706,44,Female,0,0,0,0,1,0,0,29.4,120.0,84.0,97.1,201.7,55.0,157.0,58.4,Current,Moderate,Moderate,Poor,7.1,0
P101707,33,Male,0,0,0,0,1,0,0,21.3,96.0,81.0,100.1,210.5,36.9,123.4,159.1,Never,Rare,Moderate,Balanced,8.3,0
P101708,33,Female,0,0,0,0,1,0,0,22.2,118.0,89.0,99.6,185.3,51.1,155.6,102.3,Never,Rare,Moderate,Poor,6.6,0
P101709,80,Female,0,1,1,0,0,1,0,20.6,157.0,81.0,77.1,195.3,32.9,118.6,175.2,Never,Moderate,Sedentary,Balanced,6.9,1
P101710,69,Female,0,0,0,0,1,0,0,25.2,126.0,73.0,100.6,191.4,28.8,130.3,98.1,Never,Rare,Active,Poor,5.7,0
P101711,26,Female,0,0,0,0,0,0,0,19.1,,75.0,108.1,189.4,53.4,117.0,332.0,Never,Moderate,Moderate,Healthy,7.4,0
P101712,37,Male,0,0,0,0,1,0,0,22.5,96.0,88.0,94.6,217.7,47.0,146.9,144.2,Former,Moderate,Sedentary,Poor,7.3,0
P101713,66,Female,0,0,0,1,0,0,0,32.7,129.0,89.0,142.9,151.2,54.0,127.1,145.4,Never,Rare,Sedentary,Balanced,6.9,0
P101714,44,Male,0,0,0,0,0,0,0,25.5,102.0,74.0,92.0,133.5,49.6,87.3,102.9,Former,Moderate,Active,Poor,5.7,0
P101715,37,Female,0,0,0,0,1,0,0,34.5,132.0,93.0,106.0,208.5,29.6,159.9,207.2,Former,Rare,Active,Balanced,7.7,0
P101716,46,Female,0,0,0,0,1,0,0,26.5,123.0,70.0,74.2,205.9,58.9,159.5,218.6,Never,Rare,Moderate,Balanced,10.2,0
P101717,36,Male,0,0,0,0,0,0,0,31.7,127.0,74.0,96.6,151.2,42.4,111.9,174.0,Former,Rare,Active,Balanced,5.5,0
P101718,43,Female,0,0,0,0,1,0,0,27.7,128.0,89.0,84.9,210.7,35.4,146.7,131.8,Former,Rare,Active,Poor,7.0,0
P101719,55,Female,0,0,0,0,0,0,0,26.2,127.0,92.0,98.9,131.2,46.4,72.2,217.7,Never,Rare,Moderate,Healthy,6.3,0
P101720,66,Female,0,0,0,0,0,0,0,25.4,123.0,83.0,90.2,195.0,28.3,116.4,171.4,Never,Rare,Moderate,Balanced,9.4,0
P101721,63,Female,0,0,0,1,0,1,1,26.5,130.0,79.0,157.8,179.9,,114.4,172.9,Never,Heavy,Sedentary,Healthy,7.2,0
P101722,32,Male,0,0,0,0,0,0,0,24.4,102.0,78.0,102.2,149.7,34.3,89.0,63.8,Never,Heavy,Sedentary,Balanced,5.7,0
P101723,69,Male,0,0,0,1,0,0,0,26.6,115.0,84.0,150.7,154.5,54.9,105.0,169.5,Never,Moderate,Active,Poor,6.1,0
P101724,50,Female,0,1,0,0,1,0,0,23.2,117.0,73.0,90.8,204.6,58.3,114.9,100.6,Never,Heavy,Active,Poor,7.2,0
P101725,43,Male,0,0,0,0,0,0,0,25.6,106.0,84.0,88.1,133.2,58.2,84.9,167.4,Never,Moderate,Moderate,Balanced,8.9,0
P101726,61,Other,0,0,0,0,0,0,0,27.3,130.0,68.0,98.6,94.4,35.2,65.3,109.4,Never,Rare,Sedentary,Balanced,6.1,0
P101727,30,Male,0,0,0,0,1,0,0,24.9,98.0,80.0,104.2,269.2,68.1,208.2,90.2,Never,Moderate,Moderate,Balanced,8.1,0
P101728,67,Male,0,0,0,0,0,0,0,21.6,131.0,75.0,103.7,164.1,68.5,98.6,198.6,Never,Heavy,Moderate,Balanced,9.1,0
P101729,43,Other,0,0,0,0,0,0,0,27.1,132.0,74.0,73.7,186.4,58.3,110.9,174.1,Never,Rare,Moderate,Poor,8.2,0
P101730,65,Male,0,1,0,0,0,0,0,16.8,138.0,81.0,94.2,100.3,70.7,79.4,136.2,Never,Rare,Moderate,Balanced,7.2,0
P101731,77,Female,0,1,0,0,1,1,0,,122.0,92.0,,175.4,51.7,133.3,166.6,Never,Heavy,Active,Balanced,7.2,1
P101732,39,Male,0,0,0,0,0,0,0,27.5,102.0,72.0,99.2,162.8,57.7,110.1,82.4,Former,Rare,Active,Balanced,8.0,0
P101733,55,Female,0,0,0,0,0,0,0,18.6,120.0,72.0,83.8,179.9,64.3,91.0,168.5,Former,Rare,Active,Balanced,6.3,0
P101734,50,Male,0,0,0,0,0,0,0,26.9,,78.0,102.5,178.0,43.8,126.6,138.1,Never,Rare,Active,Balanced,7.5,0
P101735,56,Female,0,0,0,0,0,0,0,21.7,134.0,78.0,84.3,165.4,59.7,102.8,133.5,Never,Rare,Moderate,Healthy,7.3,0
P101736,63,Female,0,0,1,0,1,0,0,24.9,131.0,78.0,72.5,205.5,53.3,153.0,73.9,Never,Rare,Moderate,Balanced,6.1,0
P101737,44,Other,0,0,0,0,0,0,0,31.1,131.0,92.0,92.1,159.2,46.0,121.6,112.6,Former,Rare,Moderate,Healthy,8.5,0
P101738,39,Female,0,0,0,0,1,0,0,27.7,111.0,71.0,76.0,230.5,60.8,151.6,137.4,Never,Moderate,Moderate,Balanced,7.6,0
P101739,46,Other,0,0,0,0,1,0,0,28.9,99.0,,91.1,222.0,60.4,128.1,163.7,Never,Rare,Active,Balanced,7.4,0
P101740,35,Male,0,0,0,0,0,0,0,24.3,104.0,68.0,,155.0,21.9,61.4,60.6,Never,Rare,Active,Healthy,6.6,0
P101741,50,Male,0,0,0,1,0,0,0,27.5,140.0,95.0,156.6,189.5,51.3,112.8,127.7,Current,Rare,Moderate,Balanced,8.2,0
P101742,31,Male,0,0,0,0,1,0,0,32.9,126.0,85.0,79.3,247.7,58.2,171.2,200.3,Current,Rare,Active,Healthy,7.4,0
P101743,88,Male,0,0,1,0,1,1,0,20.2,131.0,71.0,112.3,212.5,77.0,125.6,113.8,Never,Moderate,Moderate,Balanced,10.6,1
P101744,23,Female,0,0,0,0,1,0,0,20.6,82.0,75.0,121.3,175.8,52.6,142.4,204.4,Never,Rare,Active,Healthy,7.4,0
P101745,39,Female,0,0,0,0,1,0,0,,118.0,91.0,,203.6,59.8,131.4,83.6,Current,Rare,Active,Balanced,7.7,0
P101746,67,Male,0,1,0,0,0,1,0,31.8,130.0,99.0,90.7,107.2,52.1,87.7,283.0,Never,Rare,Moderate,Poor,7.8,0
P101747,68,Female,0,0,0,0,0,0,0,18.4,130.0,74.0,91.7,149.0,69.1,111.7,38.1,Never,Heavy,Moderate,Balanced,6.4,0
P101748,59,Female,0,1,0,0,1,0,0,30.9,139.0,88.0,98.7,225.8,44.9,166.7,140.3,Former,Rare,Moderate,Poor,7.5,0
P101749,37,Male,0,0,0,0,1,0,0,25.9,132.0,84.0,102.4,201.2,39.8,100.5,71.5,Never,Moderate,Active,Healthy,6.3,0
P101750,86,Other,0,0,0,0,1,0,0,23.7,132.0,84.0,98.6,218.2,66.1,125.0,146.2,Former,Rare,Moderate,Balanced,6.7,0
P101751,58,Other,0,0,0,0,1,0,0,28.8,140.0,86.0,110.1,200.6,42.4,130.2,,Never,Moderate,Moderate,Healthy,9.6,0
P101752,71,Male,1,1,0,0,1,0,1,28.0,137.0,95.0,95.1,205.2,26.9,141.8,208.2,Never,Rare,Moderate,Healthy,7.6,0
P101753,59,Female,0,0,0,0,1,0,0,25.0,132.0,81.0,93.3,217.2,33.5,146.0,156.5,Never,Moderate,Moderate,Poor,9.4,0
P101754,19,Male,0,0,0,0,1,0,0,20.4,93.0,69.0,113.0,207.0,43.0,127.1,264.8,Former,Moderate,Moderate,Poor,7.5,0
P101755,34,Male,0,0,0,0,1,0,0,29.0,123.0,74.0,88.8,212.5,57.8,,145.9,Former,Moderate,Moderate,Healthy,5.2,0
P101756,66,Female,0,0,0,0,0,0,0,23.7,114.0,76.0,90.7,,,127.2,218.1,Former,Moderate,Active,Healthy,7.0,0
P101757,54,Male,0,0,0,0,0,0,0,28.4,114.0,78.0,98.0,161.6,42.2,99.3,4.2,Former,Rare,Sedentary,Balanced,6.5,0
P101758,33,Female,0,0,0,0,0,0,0,,113.0,83.0,83.1,178.2,63.7,,153.8,Never,Rare,Active,Balanced,6.2,0
P101759,44,Female,0,0,0,1,0,0,0,29.0,119.0,94.0,120.9,174.7,60.3,123.4,47.9,Never,Rare,Sedentary,Balanced,7.4,0
P101760,66,Female,0,1,0,0,0,0,0,26.7,141.0,80.0,98.7,190.7,52.1,129.5,163.0,Former,Moderate,Active,Balanced,8.5,0
P101761,40,Female,0,0,0,0,0,0,0,31.6,129.0,81.0,79.2,132.2,44.1,108.6,,Never,Rare,Sedentary,Balanced,7.4,0
P101762,52,Female,0,1,0,0,0,0,0,25.8,146.0,85.0,88.4,186.8,44.1,120.7,227.4,Former,Rare,Moderate,Poor,6.7,0
P101763,55,Female,0,0,0,0,1,0,0,19.2,113.0,86.0,109.6,203.0,35.5,128.5,180.8,Former,Rare,Sedentary,Balanced,6.0,0
P101764,80,Female,0,1,0,0,1,0,0,31.1,157.0,107.0,112.9,225.4,43.3,161.9,166.8,Current,Rare,Active,Balanced,9.1,0
P101765,25,Male,0,0,0,0,0,0,0,27.3,119.0,87.0,100.4,174.5,48.7,118.0,238.3,Never,Rare,Active,Poor,6.6,0
P101766,46,Male,0,0,0,0,0,0,0,29.0,120.0,74.0,83.8,160.2,46.3,114.0,178.8,Never,Moderate,Sedentary,Poor,9.5,0
P101767,78,Male,0,1,1,0,0,1,0,22.8,143.0,90.0,110.1,137.5,47.9,91.6,222.6,Current,Moderate,Active,Poor,7.7,1
P101768,49,Male,0,0,0,0,1,0,0,26.7,132.0,72.0,87.1,189.0,58.1,131.7,215.7,Never,Rare,Moderate,Balanced,7.3,0
P101769,47,Male,0,0,0,1,0,0,0,31.5,117.0,73.0,120.9,124.2,48.1,85.7,139.1,Former,Rare,Moderate,Balanced,6.9,0
P101770,57,Female,0,0,0,0,0,0,0,31.9,150.0,73.0,100.5,173.5,38.7,82.9,130.8,Current,Rare,Active,Balanced,6.8,0
P101771,64,Male,1,0,0,0,0,0,0,40.5,126.0,96.0,105.5,135.8,41.0,81.6,252.6,Never,Rare,Active,Balanced,,0
P101772,48,Female,0,0,0,0,0,0,0,28.4,117.0,71.0,88.7,156.8,41.1,85.4,137.5,Never,Rare,Active,Balanced,7.1,0
P101773,44,Male,0,0,0,0,0,0,0,22.7,106.0,71.0,73.5,182.9,51.6,123.7,111.0,Former,Moderate,Sedentary,Balanced,6.1,0
P101774,56,Female,0,0,0,0,0,0,0,19.7,130.0,80.0,86.7,158.9,67.3,119.7,148.9,Never,Rare,Moderate,Healthy,6.6,0
P101775,55,Male,0,0,0,0,0,0,0,15.2,127.0,67.0,89.9,167.5,49.1,120.6,258.3,Never,Rare,Moderate,Healthy,,0
P101776,35,Female,0,0,0,0,0,0,0,29.7,131.0,85.0,119.6,100.4,41.9,,115.3,Former,Rare,Moderate,Balanced,6.5,0
P101777,58,Female,0,0,0,0,1,0,0,23.3,108.0,92.0,90.9,206.7,60.1,116.4,86.3,Current,Heavy,Sedentary,Healthy,7.1,0
P101778,55,Female,0,0,0,0,1,0,0,25.7,124.0,89.0,67.5,203.8,50.0,115.3,114.7,Never,Moderate,Sedentary,Healthy,8.5,0
P101779,32,Female,0,0,0,0,1,0,0,22.3,100.0,,99.4,181.1,69.2,149.4,149.6,Never,Moderate,Moderate,Healthy,7.5,0
P101780,68,Female,0,0,0,0,0,0,0,,126.0,64.0,115.4,176.0,44.0,,141.9,Never,Moderate,Sedentary,Healthy,8.5,0
P101781,33,Female,0,0,0,0,0,0,0,20.4,96.0,72.0,101.4,139.0,53.3,74.4,105.6,Never,Rare,Moderate,Poor,7.2,0
P101782,18,Male,0,0,0,0,1,0,0,28.7,121.0,67.0,109.2,226.8,48.0,143.0,25.5,Never,Moderate,Active,Poor,5.5,0
P101783,62,Male,0,0,0,0,0,0,0,25.2,108.0,70.0,82.7,139.1,49.1,112.3,97.3,Never,Rare,Moderate,Balanced,5.6,0
P101784,70,Female,0,0,0,0,0,0,1,29.2,125.0,,,179.4,56.6,110.3,99.6,Former,Rare,Sedentary,Poor,8.7,0
P101785,58,Female,0,0,0,0,0,0,0,15.0,117.0,73.0,86.9,187.3,47.2,127.8,19.7,Never,Rare,Active,Balanced,5.0,0
P101786,46,Male,0,0,0,0,0,0,0,23.2,116.0,86.0,103.2,114.8,37.1,63.7,124.5,Never,Rare,Sedentary,Balanced,,0
P101787,84,Male,0,0,0,0,0,1,0,24.2,154.0,69.0,92.5,118.4,44.4,90.0,187.2,Never,Rare,Moderate,Balanced,8.2,0
P101788,22,Male,0,0,0,0,0,0,0,23.9,93.0,70.0,92.8,144.9,50.3,55.3,141.1,Never,Moderate,Moderate,Balanced,8.1,0
P101789,43,Female,0,0,0,0,0,0,0,28.2,135.0,85.0,98.6,124.6,43.5,66.7,63.2,Former,Rare,Sedentary,Healthy,8.0,0
P101790,42,Female,0,0,0,0,1,0,0,34.5,119.0,90.0,104.4,224.8,45.9,138.7,,Never,Rare,Active,Balanced,6.9,0
P101791,49,Female,0,0,0,0,1,0,0,,102.0,80.0,83.1,222.0,39.4,171.4,111.0,Never,Heavy,Active,Balanced,7.5,0
P101792,42,Male,0,0,0,0,0,0,0,34.5,118.0,85.0,111.0,171.9,42.5,125.8,173.5,Never,Rare,Moderate,Poor,7.1,0
P101793,53,Female,0,1,0,0,0,0,0,26.1,147.0,96.0,105.0,156.1,49.3,112.3,250.9,Current,Rare,Active,Poor,8.1,0
P101794,39,Male,0,0,0,0,1,0,0,23.4,142.0,,93.7,217.7,57.7,110.3,219.5,Never,Moderate,Moderate,Healthy,6.3,0
P101795,69,Male,1,0,0,0,0,1,0,34.9,125.0,88.0,94.7,128.7,47.8,107.5,195.7,Never,Moderate,Moderate,Balanced,6.7,0
P101796,73,Male,0,0,0,0,1,0,0,26.0,136.0,76.0,87.6,242.2,52.4,170.3,-29.2,Never,Rare,Sedentary,Healthy,6.1,0
P101797,51,Female,1,0,0,1,1,0,0,,112.0,72.0,161.4,203.8,41.0,114.4,100.2,Never,Rare,Moderate,Balanced,7.2,0
P101798,61,Female,0,1,0,1,0,0,0,31.2,142.0,73.0,135.4,153.1,69.8,91.8,,Never,Rare,Active,Balanced,6.4,0
P101799,43,Male,0,0,0,0,0,0,0,26.8,126.0,87.0,101.7,167.0,52.5,120.5,66.9,Never,Rare,Moderate,Poor,5.9,0
P101800,77,Male,1,0,0,0,0,0,0,20.0,,65.0,105.5,197.3,54.6,,98.3,Never,Rare,Sedentary,Poor,7.6,0
P101801,79,Male,0,0,0,1,0,1,1,22.2,130.0,69.0,99.8,153.1,48.5,82.3,159.9,Never,Rare,Moderate,Healthy,8.3,0
P101802,41,Male,0,0,0,0,0,0,0,27.7,122.0,80.0,99.3,174.1,43.6,107.3,146.1,Never,Rare,Active,Healthy,7.9,0
P101803,43,Male,0,0,0,0,0,0,0,,116.0,91.0,,168.7,60.5,91.5,-3.1,Current,Heavy,Active,Balanced,7.1,0
P101804,58,Female,0,0,0,0,0,0,0,23.2,,88.0,101.7,180.7,66.5,,233.4,Former,Rare,Moderate,Balanced,7.3,0
P101805,68,Male,1,0,0,0,0,0,0,27.0,124.0,78.0,94.9,146.4,44.2,86.6,212.0,Never,Moderate,Moderate,Balanced,5.1,0
P101806,66,Male,0,0,0,0,0,0,0,21.0,121.0,82.0,103.0,150.7,45.9,87.8,159.9,Never,Rare,Sedentary,Balanced,7.0,0
P101807,44,Female,1,0,0,0,0,0,0,32.5,140.0,78.0,88.3,173.6,,109.5,45.0,Current,Rare,Sedentary,Balanced,7.6,0
P101808,72,Female,0,0,0,0,0,0,0,24.2,147.0,70.0,95.5,197.3,,78.9,127.2,Never,Heavy,Moderate,Balanced,,1
P101809,54,Male,0,0,0,0,1,0,0,24.4,,75.0,,,54.4,165.4,114.8,Never,Rare,Moderate,Balanced,7.4,0
P101810,21,Female,0,0,0,0,0,0,0,19.6,95.0,83.0,79.3,150.5,59.8,102.0,171.5,Current,Moderate,Sedentary,Healthy,6.6,0
P101811,55,Male,0,0,0,0,0,0,0,17.7,104.0,73.0,94.3,184.7,66.6,116.7,96.5,Never,Rare,Moderate,Healthy,8.6,0
P101812,54,Female,0,0,0,0,0,0,0,30.0,150.0,79.0,95.7,139.0,57.9,76.0,154.1,Never,Moderate,Moderate,Poor,8.1,0
P101813,63,Male,0,0,0,0,0,0,0,21.2,117.0,76.0,81.0,159.5,39.6,94.8,156.3,Former,Moderate,Sedentary,Balanced,8.0,0
P101814,59,Female,0,1,1,0,0,0,0,21.4,140.0,81.0,81.1,159.8,58.9,87.8,263.3,Never,Rare,Active,Balanced,7.4,0
P101815,27,Female,0,0,0,0,0,0,0,29.7,103.0,79.0,86.4,169.9,67.7,102.9,8.8,Former,Moderate,Moderate,Balanced,6.3,0
P101816,84,Male,0,0,0,0,1,1,0,21.6,122.0,87.0,81.6,226.7,,153.6,,Never,Moderate,Sedentary,Balanced,8.3,0
P101817,41,Female,0,0,0,0,1,0,0,26.2,102.0,,98.7,174.2,51.3,135.6,227.4,Never,Moderate,Active,Healthy,7.3,0
P101818,68,Male,0,0,0,0,0,0,0,26.4,131.0,78.0,85.2,194.2,49.3,119.1,222.6,Current,Rare,Sedentary,Healthy,5.1,0
P101819,70,Male,0,0,0,1,1,0,0,22.9,125.0,71.0,126.7,203.1,57.4,,,Never,Rare,Sedentary,Poor,7.9,0
P101820,55,Male,0,1,0,0,1,0,0,27.7,157.0,87.0,111.0,207.6,71.1,131.4,154.0,Never,Moderate,Moderate,Balanced,7.9,0
P101821,44,Other,1,0,0,0,0,0,0,25.4,99.0,73.0,84.9,128.3,39.1,60.0,120.4,Never,Heavy,Moderate,Healthy,8.0,0
P101822,71,Male,1,0,0,0,0,0,0,32.5,135.0,75.0,93.8,156.3,44.0,113.2,209.2,Never,Moderate,Sedentary,Poor,5.8,0
P101823,48,Female,1,0,0,1,1,0,0,26.8,125.0,83.0,151.0,226.4,31.6,147.0,293.6,Never,Rare,Sedentary,Poor,7.3,0
P101824,69,Male,1,0,0,0,0,0,0,27.8,134.0,77.0,89.0,178.2,62.1,118.8,241.5,Never,Moderate,Sedentary,Balanced,5.9,0
P101825,49,Male,0,0,0,0,1,0,0,24.6,127.0,85.0,117.1,223.2,30.1,154.9,150.8,Former,Rare,Moderate,Healthy,5.5,0
P101826,31,Male,1,0,0,0,0,0,0,25.7,110.0,83.0,98.7,118.8,45.2,77.4,99.7,Former,Rare,Sedentary,Balanced,5.4,0
P101827,52,Male,0,0,0,0,1,0,0,30.9,119.0,77.0,84.6,,52.3,,51.9,Current,Rare,Sedentary,Balanced,5.1,0
P101828,44,Female,0,0,0,0,1,0,0,24.2,107.0,78.0,84.4,223.7,58.0,164.1,105.7,Never,Moderate,Moderate,Healthy,7.1,0
P101829,45,Other,0,0,0,0,1,0,0,23.8,130.0,78.0,91.5,223.6,31.4,119.8,183.7,Never,Rare,Moderate,Balanced,9.1,0
P101830,23,Female,0,0,0,0,0,0,0,22.1,100.0,74.0,113.5,122.4,53.5,76.5,266.2,Former,Rare,Moderate,Balanced,8.7,0
P101831,77,Male,0,0,0,0,0,0,0,24.4,147.0,65.0,68.1,179.2,60.5,122.7,84.6,Never,Rare,Sedentary,Healthy,5.4,0
P101832,23,Female,0,0,0,0,1,0,0,32.0,109.0,68.0,,183.4,58.0,142.3,163.2,Never,Moderate,Active,Balanced,7.8,0
P101833,54,Male,0,0,0,0,0,0,0,28.1,126.0,85.0,104.7,156.2,48.2,78.7,157.7,Former,Rare,Moderate,Balanced,7.0,0
P101834,40,Male,0,0,0,0,0,0,0,29.1,109.0,77.0,91.6,134.0,73.6,69.8,38.4,Never,Rare,Sedentary,Poor,6.5,0
P101835,64,Female,0,1,0,0,0,0,0,27.0,153.0,89.0,66.4,148.3,67.3,110.0,141.7,Current,Moderate,Active,Healthy,,0
P101836,58,Female,0,0,0,0,0,0,0,29.2,138.0,,,124.3,37.8,121.5,170.2,Never,Moderate,Active,Healthy,7.2,0
P101837,55,Male,0,0,0,0,1,0,0,27.5,118.0,85.0,98.0,198.0,53.6,137.3,128.4,Never,Rare,Moderate,Poor,6.6,0
P101838,49,Female,0,0,0,0,1,0,0,20.4,116.0,94.0,87.0,194.4,54.0,139.1,192.0,Former,Heavy,Active,Healthy,7.8,0
P101839,32,Male,0,0,0,0,0,0,0,18.1,116.0,70.0,92.4,68.2,67.8,43.3,64.8,Never,Rare,Active,Healthy,7.0,0
P101840,62,Male,0,0,0,0,0,0,0,26.3,148.0,74.0,93.5,185.8,29.2,115.4,219.8,Former,Rare,Moderate,Balanced,8.9,0
P101841,49,Male,0,0,0,0,0,0,0,22.1,132.0,77.0,103.9,164.7,29.3,117.5,152.1,Former,Rare,Active,Healthy,,0
P101842,67,Male,1,0,0,0,1,0,0,22.6,124.0,,96.6,199.7,53.2,145.6,152.8,Never,Rare,Sedentary,Balanced,6.7,0
P101843,55,Female,0,0,0,1,1,0,0,24.6,114.0,87.0,,206.1,58.6,139.3,199.4,Never,Rare,Sedentary,Healthy,8.5,0
P101844,46,Male,0,0,0,0,0,0,0,28.6,116.0,81.0,99.4,165.7,71.1,105.6,35.0,Never,Rare,Moderate,Balanced,6.1,0
P101845,65,Female,1,1,0,0,0,1,0,28.9,137.0,87.0,101.4,172.5,54.2,120.5,100.0,Never,Rare,Moderate,Poor,7.2,0
P101846,47,Female,0,0,0,0,1,0,0,19.3,109.0,65.0,86.9,191.2,50.9,131.5,174.8,Never,Rare,Active,Healthy,7.2,0
P101847,50,Male,0,0,0,0,0,0,0,19.3,107.0,65.0,,129.1,48.1,97.7,-24.3,Never,Rare,Sedentary,Balanced,6.6,0
P101848,63,Male,0,1,0,0,0,0,0,32.6,133.0,93.0,78.5,,52.7,113.4,148.4,Never,Moderate,Moderate,Balanced,7.1,0
P101849,60,Male,0,0,0,0,0,0,0,31.8,130.0,89.0,87.0,123.3,54.9,55.5,138.3,Never,Rare,Active,Poor,6.3,0
P101850,68,Female,0,1,0,0,1,0,0,25.4,158.0,85.0,88.3,245.4,42.4,155.6,163.3,Never,Rare,Moderate,Poor,7.2,0
P101851,50,Female,0,0,0,0,0,0,0,17.6,113.0,64.0,92.5,172.0,61.1,100.5,218.3,Current,Rare,Moderate,Poor,7.4,0
P101852,72,Female,0,0,0,0,1,0,0,29.2,134.0,79.0,91.6,184.0,65.5,135.3,127.5,Never,Rare,Sedentary,Healthy,8.5,0
P101853,46,Male,0,0,0,1,1,0,0,24.0,111.0,77.0,222.6,211.9,51.8,135.9,165.5,Never,Moderate,Active,Poor,5.8,0
P101854,50,Male,0,0,0,0,0,0,0,22.9,109.0,78.0,111.4,174.5,35.5,102.9,171.5,Never,Rare,Sedentary,Balanced,6.3,0
P101855,45,Male,0,0,0,0,0,0,0,27.9,124.0,70.0,89.6,172.3,44.1,113.4,143.5,Never,Rare,Sedentary,Poor,5.4,1
P101856,40,Female,0,0,0,0,1,0,0,18.7,120.0,72.0,91.9,199.5,32.2,,99.9,Never,Heavy,Moderate,Poor,8.1,0
P101857,52,Female,0,0,0,0,1,0,0,27.1,149.0,,91.9,208.9,71.8,120.7,87.9,Former,Rare,Active,Balanced,6.2,0
P101858,49,Female,0,0,0,0,0,0,0,25.0,123.0,68.0,109.0,149.3,39.7,92.3,15.8,Former,Moderate,Moderate,Balanced,,0
P101859,45,Male,0,0,0,0,0,0,0,31.0,127.0,85.0,71.2,197.5,64.9,96.9,82.9,Never,Rare,Sedentary,Healthy,7.1,0
P101860,31,Male,0,0,0,0,1,0,0,,113.0,83.0,106.3,204.7,36.4,134.5,,Never,Rare,Active,Healthy,9.6,0
P101861,48,Male,0,0,0,0,0,0,0,28.1,116.0,81.0,100.5,131.7,42.1,96.2,159.4,Never,Heavy,Moderate,Healthy,6.9,0
P101862,56,Female,0,0,0,0,1,0,0,31.6,110.0,102.0,101.2,205.4,52.5,125.2,118.5,Never,Moderate,Moderate,Balanced,8.2,0
P101863,76,Female,0,0,0,0,1,0,0,22.1,124.0,81.0,89.9,176.1,51.1,132.8,313.2,Former,Rare,Moderate,Balanced,7.1,0
P101864,48,Male,0,0,0,0,0,0,0,25.9,143.0,78.0,,130.5,68.2,95.5,96.6,Never,Rare,Moderate,Poor,8.2,0
P101865,32,Female,0,0,0,0,0,0,0,20.6,124.0,77.0,103.9,115.4,43.0,,221.9,Former,Rare,Moderate,Balanced,7.8,0
P101866,57,Male,0,0,0,0,1,0,0,33.4,130.0,75.0,92.8,192.5,27.9,130.2,134.1,Former,Moderate,Sedentary,Poor,7.3,0
P101867,83,Female,0,0,0,0,0,0,0,23.8,145.0,85.0,105.4,181.5,56.0,101.7,105.5,Former,Moderate,Moderate,Poor,7.2,0
P101868,54,Female,0,0,0,0,1,0,0,,110.0,78.0,101.6,216.6,61.1,127.5,156.4,Former,Rare,Sedentary,Balanced,6.1,0
P101869,48,Male,0,0,0,1,0,0,0,,111.0,76.0,144.2,176.7,35.3,118.6,137.6,Never,Rare,Moderate,Balanced,7.8,0
P101870,64,Female,0,0,1,0,0,0,0,14.0,120.0,76.0,96.0,158.5,53.4,73.5,156.4,Former,Rare,Active,Healthy,7.2,0
P101871,58,Female,0,0,0,0,0,0,0,28.1,129.0,84.0,74.3,155.2,49.7,109.4,160.6,Former,Rare,Moderate,Poor,6.0,0
P101872,50,Male,0,0,0,0,1,0,0,23.7,117.0,69.0,86.4,208.9,51.5,154.3,179.4,Former,Moderate,Moderate,Balanced,7.1,0
P101873,56,Male,1,0,0,0,1,0,0,18.3,111.0,79.0,94.2,203.3,49.6,128.1,180.4,Never,Moderate,Moderate,Balanced,6.9,0
P101874,50,Female,0,0,0,0,0,0,0,28.6,115.0,73.0,103.2,147.1,44.0,99.6,127.7,Never,Rare,Active,Poor,5.0,0
P101875,45,Male,0,0,0,0,0,0,0,16.0,,80.0,103.6,179.5,64.2,112.2,159.0,Former,Moderate,Sedentary,Balanced,6.2,0
P101876,58,Male,0,0,0,0,0,0,0,26.4,127.0,78.0,83.0,134.8,30.7,97.0,-49.9,Never,Rare,Sedentary,Balanced,6.3,0
P101877,82,Female,0,0,0,0,1,1,0,34.3,132.0,79.0,103.5,188.5,50.8,134.8,114.9,Never,Rare,Moderate,Healthy,7.7,0
P101878,41,Female,0,0,0,0,1,0,0,,114.0,69.0,106.5,235.5,55.6,138.8,-15.8,Never,Rare,Moderate,Balanced,5.7,0
P101879,31,Female,0,0,0,0,1,0,0,24.7,93.0,79.0,71.6,211.2,,146.6,47.1,Never,Rare,Sedentary,Balanced,8.1,0
P101880,59,Female,0,0,0,0,0,0,0,39.5,124.0,94.0,86.7,129.6,35.4,93.9,72.2,Never,Moderate,Active,Poor,8.5,0
P101881,83,Male,0,1,0,0,1,0,0,29.7,146.0,73.0,86.8,180.2,67.5,,69.9,Never,Moderate,Active,Poor,7.3,0
P101882,68,Female,0,1,1,0,1,0,0,24.0,151.0,89.0,105.9,201.5,75.6,140.4,136.5,Never,Moderate,Moderate,Balanced,4.8,0
P101883,73,Female,1,0,0,1,1,0,0,20.4,129.0,82.0,142.3,212.0,60.6,137.5,117.1,Former,Heavy,Active,Balanced,6.7,0
P101884,33,Male,0,0,0,0,0,0,0,28.2,102.0,78.0,92.3,,61.2,81.8,13.8,Former,Moderate,Active,Balanced,7.4,0
P101885,75,Female,0,1,0,1,1,0,0,27.1,158.0,81.0,103.0,179.9,32.3,133.2,57.8,Never,Heavy,Moderate,Balanced,7.3,0
P101886,21,Male,0,0,0,0,0,0,0,15.5,93.0,75.0,86.7,190.9,25.4,127.3,143.8,Current,Heavy,Moderate,Balanced,5.2,0
P101887,57,Male,0,0,0,0,0,0,0,23.9,111.0,69.0,85.7,151.6,46.8,107.1,300.6,Never,Rare,Moderate,Balanced,6.5,0
P101888,34,Male,0,0,0,0,1,0,0,,119.0,73.0,95.9,211.2,47.8,115.5,130.9,Never,Moderate,Sedentary,Healthy,6.3,0
P101889,49,Female,0,0,0,0,1,0,0,30.5,123.0,91.0,88.9,190.0,59.8,130.5,137.9,Current,Rare,Active,Poor,8.8,0
P101890,70,Male,0,0,0,0,0,0,0,31.6,126.0,86.0,83.0,176.4,22.0,113.2,152.4,Never,Rare,Moderate,Balanced,7.5,0
P101891,73,Male,0,1,1,0,0,0,0,28.6,156.0,97.0,86.3,147.7,59.3,87.7,202.4,Former,Rare,Moderate,Balanced,7.2,0
P101892,47,Female,0,0,0,0,0,0,0,25.5,112.0,72.0,72.9,161.4,73.6,111.5,112.2,Current,Moderate,Active,Poor,5.9,0
P101893,59,Female,0,1,0,1,0,0,0,28.2,146.0,87.0,117.7,138.2,56.2,67.6,93.9,Current,Rare,Moderate,Healthy,5.5,0
P101894,56,Female,0,1,0,0,0,0,0,25.1,153.0,80.0,101.5,141.7,45.1,73.9,201.6,Never,Moderate,Moderate,Healthy,10.6,0
P101895,50,Male,0,0,0,0,0,0,0,34.1,140.0,81.0,103.9,176.3,61.6,113.6,102.2,Never,Rare,Moderate,Balanced,6.0,0
P101896,41,Female,0,0,0,0,1,0,0,28.0,118.0,75.0,94.5,179.3,31.7,130.7,162.1,Never,Rare,Sedentary,Balanced,7.1,0
P101897,75,Male,0,0,0,1,0,0,0,26.2,145.0,80.0,161.0,162.9,33.9,108.9,38.5,Never,Rare,Moderate,Balanced,8.6,0
P101898,48,Female,0,1,0,0,1,0,0,27.4,151.0,99.0,106.8,222.2,41.5,156.4,69.9,Current,Rare,Moderate,Poor,7.7,0
P101899,66,Female,0,0,1,0,1,0,0,18.7,109.0,86.0,94.8,170.8,58.5,134.3,99.8,Never,Moderate,Moderate,Healthy,6.8,0
P101900,37,Female,0,0,0,0,0,0,0,19.0,118.0,67.0,101.8,187.1,52.7,127.0,164.3,Never,Rare,Active,Balanced,9.1,0
P101901,50,Female,1,0,0,0,0,0,0,23.6,138.0,85.0,107.0,142.8,40.8,89.1,,Former,Moderate,Moderate,Balanced,6.3,0
P101902,65,Male,0,0,0,0,0,1,0,27.7,135.0,84.0,82.0,194.4,32.4,121.4,56.1,Never,Rare,Moderate,Balanced,5.7,0
P101903,34,Female,0,0,0,0,0,0,0,26.9,116.0,84.0,83.7,183.6,49.1,100.6,,Former,Rare,Sedentary,Balanced,6.2,0
P101904,69,Female,0,1,0,0,0,0,0,23.4,151.0,92.0,106.5,177.1,45.3,113.8,131.7,Never,Moderate,Moderate,Balanced,5.9,0
P101905,62,Male,0,0,0,0,0,0,0,27.8,138.0,79.0,95.4,172.6,19.7,117.3,136.3,Never,Rare,Sedentary,Poor,7.1,0
P101906,41,Female,0,0,0,1,0,0,0,32.3,122.0,82.0,93.6,172.7,,90.9,199.3,Never,Rare,Moderate,Healthy,6.6,0
P101907,58,Female,0,1,0,0,1,0,0,28.6,141.0,90.0,122.9,184.7,61.8,136.3,-52.0,Never,Heavy,Active,Healthy,6.2,0
P101908,33,Female,0,0,0,0,0,0,0,31.6,122.0,67.0,99.4,157.3,28.8,,29.4,Never,Rare,Active,Healthy,6.4,0
P101909,61,Male,0,0,0,0,0,0,0,26.8,135.0,79.0,91.4,102.7,49.9,67.5,128.6,Never,Rare,Sedentary,Poor,7.1,0
P101910,48,Female,0,0,0,0,1,0,0,,135.0,85.0,82.2,213.8,50.3,119.6,199.3,Former,Rare,Moderate,Balanced,6.8,0
P101911,57,Male,0,0,0,0,0,0,0,33.1,136.0,76.0,84.7,161.3,37.6,111.2,213.1,Former,Rare,Sedentary,Balanced,6.0,0
P101912,67,Male,0,0,0,1,0,0,0,34.0,136.0,78.0,129.5,156.7,42.6,88.8,7.8,Never,Heavy,Moderate,Balanced,7.7,0
P101913,58,Female,0,0,0,0,1,0,0,27.0,130.0,74.0,121.5,220.2,34.4,149.1,137.4,Never,Rare,Moderate,Balanced,8.0,0
P101914,41,Male,0,0,0,0,1,0,0,15.3,106.0,78.0,,191.3,41.8,132.1,109.3,Never,Rare,Active,Balanced,6.9,0
P101915,41,Female,1,0,0,0,0,0,0,23.6,111.0,80.0,70.5,194.6,24.2,127.0,173.3,Never,Rare,Moderate,Balanced,4.5,0
P101916,51,Female,0,0,0,0,0,0,0,26.2,118.0,83.0,101.6,136.9,61.5,87.1,164.5,Never,Rare,Moderate,Balanced,7.9,0
P101917,55,Male,0,0,1,0,0,0,0,19.2,,73.0,101.7,139.6,58.9,91.1,121.9,Current,Rare,Moderate,Healthy,6.0,0
P101918,75,Male,0,1,0,0,0,1,0,30.8,141.0,87.0,105.0,,44.8,97.6,250.1,Never,Rare,Active,Balanced,6.7,0
P101919,56,Male,0,1,0,0,1,0,0,20.6,141.0,81.0,95.7,192.9,87.2,145.2,127.3,Never,Rare,Active,Balanced,8.1,0
P101920,50,Male,0,0,0,0,0,0,0,23.8,121.0,70.0,106.4,163.5,54.1,108.1,118.5,Former,Rare,Sedentary,Balanced,8.5,0
P101921,47,Male,0,0,0,0,0,0,0,14.0,109.0,64.0,,122.5,61.3,67.4,190.1,Current,Rare,Sedentary,Balanced,7.9,0
P101922,62,Female,0,0,0,0,1,0,0,28.9,117.0,71.0,101.5,263.9,51.9,200.3,136.8,Never,Rare,Sedentary,Balanced,8.7,0
P101923,48,Male,0,0,0,0,0,0,0,21.7,121.0,64.0,,162.8,54.0,99.4,137.9,Never,Rare,Moderate,Healthy,7.3,0
P101924,60,Female,1,0,0,1,1,0,1,19.5,108.0,79.0,170.2,208.7,25.3,147.0,60.9,Never,Rare,Active,Poor,7.4,0
P101925,38,Male,0,0,0,0,1,0,0,29.5,115.0,85.0,97.8,252.6,34.7,180.0,99.1,Never,Moderate,Active,Balanced,5.3,0
P101926,55,Male,0,0,0,0,0,0,0,14.4,110.0,73.0,82.9,128.1,60.5,81.9,,Never,Rare,Moderate,Balanced,7.4,0
P101927,37,Male,0,0,0,0,1,0,0,27.7,111.0,91.0,106.0,205.7,37.0,117.4,132.9,Never,Rare,Active,Balanced,6.8,0
P101928,58,Female,0,0,0,1,1,0,0,28.2,118.0,80.0,120.0,209.4,64.4,143.5,56.2,Never,Moderate,Moderate,Balanced,6.9,0
P101929,64,Female,0,0,0,0,0,0,0,24.2,116.0,65.0,94.6,120.5,51.8,83.1,100.3,Never,Rare,Sedentary,Poor,7.7,0
P101930,62,Female,0,0,0,0,0,0,0,,137.0,70.0,88.8,159.9,,124.7,170.5,Former,Moderate,Moderate,Balanced,7.2,0
P101931,61,Male,0,0,0,0,0,0,0,18.0,134.0,78.0,89.3,187.6,47.0,89.1,66.8,Former,Rare,Sedentary,Balanced,7.2,0
P101932,58,Male,0,0,0,0,0,0,0,25.4,124.0,78.0,106.5,144.5,59.2,88.3,171.6,Former,Moderate,Active,Poor,6.3,0
P101933,51,Male,0,0,0,0,0,0,0,22.9,113.0,76.0,94.3,166.5,64.8,109.4,128.8,Never,Moderate,Active,Balanced,8.6,0
P101934,30,Female,0,0,0,0,0,0,0,24.7,110.0,95.0,96.1,177.4,40.0,79.7,-11.9,Current,Rare,Active,Poor,6.3,0
P101935,58,Male,0,0,0,0,1,0,0,19.6,131.0,78.0,87.0,177.8,40.8,136.5,,Former,Rare,Active,Balanced,6.8,0
P101936,55,Female,0,0,0,1,0,0,0,28.6,128.0,80.0,,156.2,66.5,114.3,173.0,Former,Rare,Sedentary,Balanced,10.4,0
P101937,50,Female,0,1,0,0,0,0,0,29.3,132.0,90.0,84.2,182.4,47.9,109.5,168.7,Never,Moderate,Moderate,Healthy,6.8,0
P101938,58,Male,0,0,0,0,0,0,0,23.3,116.0,83.0,121.4,150.4,46.2,103.8,164.7,Never,Rare,Active,Poor,8.3,0
P101939,69,Male,0,0,0,0,0,0,0,24.0,111.0,79.0,100.1,164.9,54.9,109.0,128.3,Never,Rare,Sedentary,Poor,7.3,0
P101940,44,Male,0,0,0,0,0,0,0,25.8,132.0,78.0,87.3,190.2,71.3,112.6,,Never,Rare,Moderate,Balanced,6.8,0
P101941,45,Female,0,0,0,0,0,0,0,29.5,132.0,78.0,101.2,186.6,,104.8,48.7,Former,Rare,Moderate,Balanced,9.2,0
P101942,59,Female,0,1,0,0,0,0,0,22.5,135.0,81.0,88.5,150.1,99.6,107.0,197.9,Current,Moderate,Active,Healthy,6.3,0
P101943,48,Male,0,0,0,0,0,0,0,21.8,116.0,78.0,107.6,169.7,36.3,82.9,100.7,Former,Rare,Moderate,Balanced,8.4,0
P101944,47,Male,0,0,0,0,0,0,0,25.8,129.0,82.0,,183.0,54.2,101.7,86.9,Former,Moderate,Sedentary,Healthy,6.6,0
P101945,35,Male,0,0,0,0,1,0,0,27.7,112.0,77.0,96.4,192.9,48.2,147.3,67.4,Former,Rare,Moderate,Poor,8.7,0
P101946,41,Male,0,0,0,0,0,0,0,24.6,112.0,75.0,105.1,146.5,52.1,96.6,167.4,Never,Rare,Active,Healthy,6.7,0
P101947,42,Male,0,0,0,0,0,0,0,34.6,132.0,79.0,96.3,70.0,59.0,26.7,,Never,Rare,Active,Balanced,8.5,0
P101948,52,Male,0,0,0,0,0,0,0,17.7,129.0,84.0,101.0,146.5,64.6,89.6,214.5,Never,Rare,Moderate,Balanced,6.9,0
P101949,64,Female,0,0,0,0,1,0,0,,135.0,70.0,75.3,207.0,61.4,90.9,162.7,Never,Moderate,Active,Balanced,7.2,0
P101950,63,Male,0,1,0,0,0,0,0,35.8,147.0,86.0,79.5,188.8,49.1,102.5,127.9,Never,Rare,Moderate,Balanced,6.3,0
P101951,58,Female,0,0,0,0,1,0,0,22.6,118.0,83.0,84.9,185.6,45.8,137.0,234.1,Former,Rare,Sedentary,Healthy,6.1,0
P101952,62,Female,0,1,1,1,1,0,0,30.0,143.0,93.0,134.3,203.2,57.2,139.6,189.1,Never,Rare,Moderate,Poor,7.2,0
P101953,35,Female,0,0,0,0,0,0,0,32.5,111.0,90.0,95.9,153.0,38.9,67.5,171.6,Never,Moderate,Moderate,Poor,7.1,0
P101954,75,Male,1,0,0,0,0,0,0,32.2,143.0,81.0,95.4,128.2,55.4,86.4,107.4,Never,Rare,Active,Balanced,6.7,0
P101955,86,Male,0,0,0,0,1,0,0,33.3,134.0,79.0,110.3,248.3,56.9,152.5,196.5,Former,Rare,Active,Healthy,7.4,0
P101956,36,Female,0,0,0,0,0,0,0,24.9,114.0,72.0,77.1,175.6,51.7,125.1,55.7,Never,Rare,Moderate,Balanced,8.6,0
P101957,62,Female,0,0,1,0,0,0,0,32.0,135.0,82.0,116.7,185.4,74.4,126.4,43.3,Never,Rare,Sedentary,Poor,6.5,0
P101958,31,Male,0,0,0,0,1,0,0,14.8,103.0,83.0,94.8,229.3,76.0,151.4,233.1,Former,Rare,Moderate,Balanced,,0
P101959,67,Male,0,0,1,0,0,0,0,30.3,144.0,,102.4,126.8,30.8,84.3,107.2,Never,Rare,Sedentary,Balanced,7.5,0
P101960,57,Female,0,0,0,0,0,0,0,29.1,139.0,87.0,80.0,169.2,68.6,89.2,206.3,Former,Rare,Moderate,Balanced,8.2,0
P101961,69,Male,0,0,1,0,0,0,1,33.4,154.0,86.0,116.7,189.4,,115.6,,Former,Heavy,Moderate,Balanced,6.3,0
P101962,52,Female,0,0,0,0,0,0,0,26.2,144.0,78.0,92.5,131.8,48.6,104.8,316.2,Never,Rare,Moderate,Poor,7.1,0
P101963,68,Male,0,0,0,1,0,0,0,35.8,154.0,84.0,128.0,151.8,44.9,106.8,65.4,Current,Rare,Sedentary,Balanced,7.9,0
P101964,27,Female,0,0,0,0,0,0,0,18.4,110.0,69.0,88.8,187.5,64.5,107.6,149.3,Never,Rare,Moderate,Balanced,8.6,0
P101965,59,Male,0,1,0,0,1,0,0,25.4,162.0,82.0,89.8,213.3,,151.2,214.4,Never,Rare,Active,Balanced,8.0,0
P101966,46,Male,1,1,0,0,1,0,0,31.7,147.0,89.0,97.3,181.2,53.2,131.6,50.7,Never,Moderate,Moderate,Balanced,4.8,0
P101967,25,Female,0,0,0,0,0,0,0,32.8,110.0,78.0,88.2,186.9,68.0,116.6,105.8,Never,Rare,Moderate,Balanced,5.2,0
P101968,62,Female,0,0,0,0,1,0,0,15.9,108.0,81.0,94.0,231.7,63.0,127.0,215.7,Former,Rare,Sedentary,Balanced,6.1,0
P101969,51,Male,0,0,0,0,1,0,0,30.3,131.0,90.0,95.2,233.8,60.6,154.1,150.6,Never,Rare,Active,Balanced,7.5,0
P101970,75,Female,0,0,0,1,0,0,0,32.7,130.0,80.0,118.0,182.3,,114.2,144.0,Never,Rare,Moderate,Balanced,4.9,0
P101971,66,Male,0,0,0,0,0,0,0,20.9,113.0,71.0,91.8,193.0,49.0,102.1,,Current,Rare,Active,Poor,5.9,0
P101972,43,Female,1,0,0,0,0,0,0,24.6,107.0,78.0,101.2,143.9,43.1,97.6,110.7,Never,Moderate,Active,Poor,8.7,0
P101973,60,Female,0,0,0,0,0,0,0,33.7,134.0,74.0,114.0,136.5,48.0,81.9,92.6,Never,Rare,Sedentary,Poor,6.7,0
P101974,23,Male,0,0,0,0,0,0,0,30.7,126.0,84.0,102.7,181.4,69.1,111.9,86.2,Current,Rare,Moderate,Healthy,6.9,0
P101975,52,Female,0,0,0,0,1,0,0,21.1,140.0,78.0,74.8,188.1,52.1,131.1,71.1,Never,Rare,Moderate,Poor,8.0,0
P101976,71,Female,0,1,0,1,1,0,0,25.4,153.0,95.0,171.8,222.2,,136.5,,Former,Moderate,Moderate,Healthy,6.8,0
P101977,52,Male,0,1,0,0,1,0,0,33.1,133.0,79.0,81.7,217.5,49.6,135.5,172.9,Never,Moderate,Sedentary,Poor,,0
P101978,48,Female,0,0,0,1,0,0,0,27.1,116.0,83.0,150.9,110.8,76.8,50.8,165.0,Former,Rare,Sedentary,Poor,8.7,0
P101979,23,Male,0,0,0,0,0,0,0,35.3,128.0,80.0,,131.7,54.2,67.8,1.1,Never,Rare,Moderate,Healthy,7.6,0
P101980,25,Female,0,0,0,0,1,0,0,27.8,98.0,81.0,114.6,,51.0,158.6,129.3,Never,Rare,Moderate,Balanced,7.7,0
P101981,61,Male,0,0,0,0,1,0,0,22.3,134.0,72.0,90.0,279.6,44.6,169.4,127.9,Never,Rare,Moderate,Poor,6.5,0
P101982,30,Female,0,0,0,0,1,0,0,22.5,117.0,70.0,106.4,211.1,64.3,156.2,110.1,Never,Moderate,Moderate,Healthy,6.5,0
P101983,80,Male,0,0,0,0,0,0,0,32.7,155.0,86.0,74.6,157.4,46.1,97.9,148.5,Former,Rare,Moderate,Poor,6.5,0
P101984,57,Male,0,0,0,0,0,0,0,30.1,125.0,88.0,,185.1,46.7,127.8,163.2,Never,Rare,Moderate,Balanced,7.5,0
P101985,84,Female,0,0,0,0,0,0,0,29.2,142.0,81.0,117.3,149.9,43.1,,197.2,Current,Rare,Active,Healthy,6.5,0
P101986,40,Female,0,0,0,1,1,0,0,21.4,123.0,72.0,142.4,253.3,59.0,175.0,,Former,Rare,Moderate,Healthy,8.7,0
P101987,66,Female,0,0,0,0,1,0,0,24.6,139.0,75.0,73.5,222.6,71.0,140.8,125.6,Never,Rare,Active,Healthy,8.6,0
P101988,36,Male,0,0,0,0,0,0,0,23.7,109.0,83.0,84.6,135.3,55.5,84.9,73.6,Former,Rare,Moderate,Balanced,5.7,0
P101989,75,Female,0,0,0,0,1,0,0,26.8,139.0,84.0,112.7,240.0,61.9,,98.0,Never,Rare,Moderate,Healthy,7.2,0
P101990,24,Male,0,0,0,0,0,0,0,23.3,103.0,89.0,114.1,104.8,58.7,75.5,140.9,Former,Rare,Moderate,Healthy,9.6,0
P101991,49,Male,0,0,0,0,1,0,0,25.4,109.0,75.0,97.8,196.7,30.5,147.7,96.5,Never,Heavy,Moderate,Healthy,6.9,1
P101992,50,Male,0,0,0,1,1,0,0,29.7,104.0,82.0,163.5,236.7,30.5,172.2,145.5,Never,Rare,Moderate,Balanced,7.9,0
P101993,62,Male,1,1,0,0,0,0,0,27.1,134.0,86.0,100.7,168.0,,117.0,179.1,Never,Rare,Sedentary,Healthy,7.9,0
P101994,71,Male,0,1,1,0,0,1,0,33.0,153.0,88.0,90.9,112.6,44.3,67.7,112.5,Never,Rare,Moderate,Poor,7.1,1
P101995,32,Female,0,0,0,0,0,0,0,31.3,127.0,73.0,98.9,174.1,30.9,115.5,,Former,Moderate,Sedentary,Poor,7.0,0
P101996,48,Female,1,0,0,0,0,0,0,21.0,121.0,86.0,103.6,181.2,54.8,125.4,118.3,Never,Moderate,Moderate,Balanced,6.5,0
P101997,48,Female,1,1,0,0,0,0,0,35.1,135.0,98.0,100.2,181.0,38.5,129.6,101.1,Former,Rare,Moderate,Balanced,8.2,0
P101998,18,Female,0,0,0,1,0,0,0,29.7,110.0,94.0,118.4,153.6,40.3,89.9,261.8,Former,Rare,Sedentary,Poor,6.3,0
P101999,81,Female,1,0,0,0,0,1,0,21.0,138.0,82.0,92.7,146.9,45.6,114.3,107.4,Former,Rare,Moderate,Poor,7.6,0
P102000,43,Female,0,0,0,0,0,0,0,23.1,117.0,77.0,97.6,143.8,24.1,117.8,131.9,Former,Rare,Moderate,Healthy,5.9,0
P102001,80,Female,0,0,0,0,0,0,0,,132.0,80.0,107.0,163.2,57.2,86.9,269.5,Never,Rare,Moderate,Balanced,7.3,0
P102002,59,Female,1,0,0,0,0,0,0,,115.0,79.0,88.4,,57.2,116.8,177.6,Former,Rare,Sedentary,Balanced,8.9,0
P102003,47,Male,0,0,0,0,0,0,0,22.0,119.0,87.0,113.5,176.7,15.1,111.6,143.3,Former,Rare,Moderate,Poor,6.4,0
P102004,73,Female,0,0,0,0,0,1,0,18.4,129.0,75.0,92.2,145.0,19.5,110.3,168.9,Never,Moderate,Moderate,Balanced,8.2,0
P102005,70,Male,0,0,0,0,0,0,0,21.8,131.0,68.0,102.8,139.2,65.8,77.4,192.4,Former,Rare,Moderate,Healthy,6.9,0
P102006,28,Female,0,0,0,0,0,0,0,39.6,142.0,90.0,96.0,87.4,40.3,66.6,123.0,Never,Rare,Moderate,Poor,5.8,0
P102007,43,Female,0,0,0,0,1,0,0,23.7,107.0,87.0,,209.5,53.8,134.3,115.9,Current,Moderate,Moderate,Balanced,5.3,0
P102008,58,Female,0,0,0,0,0,0,0,29.0,132.0,67.0,89.8,135.3,60.6,69.9,158.2,Never,Rare,Sedentary,Balanced,7.1,0
P102009,71,Male,0,1,0,0,1,0,0,21.4,138.0,81.0,86.8,178.5,38.5,133.7,152.8,Current,Rare,Moderate,Balanced,,0
P102010,36,Male,1,0,0,0,0,0,0,26.0,117.0,78.0,90.3,197.2,47.3,118.3,13.5,Never,Heavy,Moderate,Balanced,8.7,0
P102011,56,Female,0,0,0,0,0,0,0,37.6,149.0,89.0,88.8,155.7,42.7,71.9,131.5,Never,Rare,Sedentary,Balanced,6.2,0
P102012,77,Female,1,0,0,0,0,0,0,23.8,136.0,72.0,105.6,155.1,36.6,,196.1,Never,Rare,Moderate,Balanced,7.0,0
P102013,42,Male,0,0,0,0,0,0,0,21.2,112.0,81.0,97.2,88.3,53.1,40.9,-10.1,Never,Rare,Moderate,Healthy,4.5,0
P102014,50,Female,0,1,0,0,1,0,0,28.7,124.0,93.0,64.0,188.4,46.2,135.9,145.9,Never,Rare,Moderate,Poor,6.0,0
P102015,23,Female,0,0,0,0,1,0,0,,100.0,82.0,,203.1,66.9,134.0,59.7,Former,Rare,Moderate,Healthy,6.8,0
P102016,43,Other,0,0,0,0,1,0,0,29.2,120.0,73.0,88.5,210.9,55.7,152.1,137.9,Never,Moderate,Moderate,Healthy,7.1,0
P102017,49,Female,0,0,0,0,0,0,0,,123.0,65.0,98.0,161.3,61.5,128.6,85.7,Never,Rare,Moderate,Poor,6.8,0
P102018,21,Female,0,0,0,0,0,0,0,21.5,111.0,85.0,104.9,152.3,58.1,110.8,93.8,Never,Rare,Moderate,Balanced,6.2,0
P102019,58,Female,0,0,0,0,0,0,0,36.7,128.0,64.0,105.6,,41.9,112.7,34.5,Former,Moderate,Sedentary,Poor,6.7,0
P102020,82,Male,0,0,1,0,0,1,0,22.6,122.0,83.0,98.3,152.7,53.1,104.9,106.7,Former,Moderate,Moderate,Balanced,7.7,0
P102021,73,Female,0,1,0,0,1,0,0,29.1,163.0,84.0,104.6,184.7,55.0,131.8,,Never,Moderate,Sedentary,Balanced,7.0,0
P102022,35,Male,0,0,0,1,1,0,0,31.4,114.0,79.0,119.4,202.1,40.2,148.9,155.4,Never,Moderate,Sedentary,Balanced,7.9,0
P102023,62,Male,0,0,0,0,0,0,0,25.7,131.0,81.0,110.0,97.1,40.7,47.2,134.2,Never,Rare,Sedentary,Balanced,6.5,0
P102024,60,Female,0,1,0,0,0,0,0,30.2,133.0,90.0,86.3,124.2,49.0,50.2,233.5,Former,Moderate,Moderate,Balanced,4.4,0
P102025,40,Male,0,0,0,0,1,0,0,29.5,116.0,78.0,87.7,205.1,69.9,116.9,232.2,Never,Rare,Moderate,Healthy,7.1,0
P102026,67,Female,0,0,0,0,0,0,0,29.5,133.0,85.0,89.4,166.2,47.0,96.3,80.6,Never,Rare,Sedentary,Poor,9.9,0
P102027,57,Male,0,0,0,0,0,0,0,35.5,136.0,70.0,85.6,148.3,36.6,98.1,120.8,Never,Rare,Moderate,Balanced,6.0,0
P102028,47,Female,0,0,0,0,1,0,0,25.4,115.0,75.0,104.5,231.0,,153.5,160.0,Never,Rare,Moderate,Balanced,6.7,0
P102029,59,Female,0,0,1,0,0,0,0,17.3,122.0,78.0,70.4,113.0,43.0,62.8,241.5,Never,Moderate,Sedentary,Poor,6.2,0
P102030,39,Female,0,0,0,0,1,0,0,30.1,120.0,80.0,109.2,206.9,41.6,132.2,93.9,Never,Heavy,Moderate,Balanced,5.8,0
P102031,62,Male,0,0,0,0,0,0,0,32.9,154.0,90.0,99.7,170.6,46.7,114.1,71.5,Current,Heavy,Sedentary,Balanced,7.9,0
P102032,23,Male,0,0,0,0,1,0,0,26.0,100.0,78.0,89.3,207.6,69.8,150.8,188.4,Never,Rare,Active,Balanced,7.0,0
P102033,50,Female,0,0,0,0,1,0,0,29.2,126.0,81.0,83.4,,44.7,149.3,141.1,Current,Rare,Sedentary,Balanced,7.0,0
P102034,42,Female,0,0,0,0,0,0,0,20.2,99.0,70.0,77.7,191.1,,129.1,138.4,Former,Rare,Active,Balanced,6.9,0
P102035,33,Male,0,0,0,0,1,0,0,20.9,106.0,74.0,113.6,205.4,50.4,,171.9,Never,Rare,Moderate,Healthy,6.7,0
P102036,50,Female,0,0,0,0,0,0,0,28.7,129.0,93.0,118.8,178.3,57.3,106.8,69.5,Never,Heavy,Sedentary,Balanced,5.8,0
P102037,55,Female,0,0,0,1,0,0,0,28.8,123.0,72.0,167.3,130.3,47.0,88.3,80.1,Never,Rare,Active,Balanced,6.7,0
P102038,23,Male,0,0,0,0,1,0,0,27.1,117.0,82.0,82.7,215.4,58.6,140.2,192.8,Never,Rare,Active,Balanced,8.5,0
P102039,32,Male,0,0,0,0,1,0,0,30.3,104.0,74.0,87.4,186.9,46.2,133.0,113.2,Former,Rare,Active,Poor,7.1,0
P102040,58,Female,0,0,0,0,0,0,0,26.5,,83.0,99.2,195.4,54.9,88.0,115.7,Never,Rare,Moderate,Poor,5.7,0
P102041,73,Male,0,0,0,0,0,0,1,24.2,130.0,74.0,106.4,168.2,60.8,97.4,124.7,Never,Rare,Active,Poor,5.9,0
P102042,43,Female,0,0,0,0,0,0,0,37.0,120.0,84.0,80.7,157.0,58.5,92.8,84.0,Never,Moderate,Moderate,Healthy,6.9,0
P102043,47,Other,0,0,0,0,0,0,0,25.8,114.0,83.0,80.2,149.1,43.5,103.5,134.5,Never,Rare,Active,Healthy,7.4,0
P102044,53,Female,0,0,0,0,0,0,0,19.5,124.0,69.0,115.5,192.3,43.9,120.3,112.8,Current,Rare,Moderate,Balanced,7.2,0
P102045,54,Female,0,0,0,0,0,0,0,32.2,123.0,82.0,97.6,173.9,41.4,87.2,148.1,Never,Rare,Active,Poor,6.5,0
P102046,45,Female,0,0,0,0,0,0,0,25.7,100.0,67.0,89.1,170.8,56.7,119.3,213.2,Never,Moderate,Moderate,Balanced,6.8,0
P102047,50,Male,0,0,0,0,0,0,0,25.5,132.0,72.0,89.8,168.3,40.1,121.5,168.9,Current,Moderate,Moderate,Healthy,7.9,0
P102048,58,Male,0,0,0,1,0,0,0,28.8,113.0,74.0,167.9,192.5,46.9,126.2,169.0,Never,Rare,Moderate,Poor,7.5,0
P102049,19,Male,0,0,0,0,1,0,0,28.8,109.0,74.0,90.4,300.0,31.9,211.3,171.9,Current,Moderate,Moderate,Balanced,5.7,0
P102050,43,Male,1,0,0,0,1,0,0,,124.0,71.0,99.8,192.6,53.2,147.7,102.1,Former,Rare,Sedentary,Balanced,6.4,0
P102051,64,Male,0,0,0,1,0,0,1,27.8,115.0,70.0,158.8,98.1,55.2,66.7,190.0,Former,Rare,Sedentary,Balanced,6.5,0
P102052,31,Female,1,0,0,0,0,0,0,22.2,103.0,82.0,91.4,167.7,29.3,94.5,116.6,Never,Rare,Active,Balanced,7.5,0
P102053,57,Male,1,0,0,0,1,0,0,20.7,,77.0,81.5,233.3,68.5,162.0,135.6,Never,Moderate,Moderate,Healthy,6.5,0
P102054,70,Male,0,0,1,0,0,1,0,30.0,120.0,83.0,127.1,126.2,33.2,95.1,165.7,Former,Rare,Moderate,Healthy,4.9,1
P102055,62,Male,0,0,0,0,1,0,0,24.5,115.0,75.0,115.3,205.5,59.7,96.8,236.3,Former,Rare,Moderate,Balanced,6.7,0
P102056,50,Male,0,0,0,0,0,0,0,28.9,115.0,85.0,83.0,193.7,,115.6,255.6,Never,Moderate,Sedentary,Poor,7.9,0
P102057,54,Male,0,0,0,0,1,0,0,23.5,139.0,86.0,83.4,296.5,55.5,211.4,13.6,Never,Rare,Active,Balanced,7.4,0
P102058,39,Male,0,0,0,0,0,0,0,23.2,110.0,65.0,78.4,160.8,65.5,54.4,109.3,Never,Rare,Moderate,Healthy,8.6,0
P102059,43,Female,0,1,0,0,1,0,0,34.8,149.0,83.0,93.4,219.9,69.2,137.7,126.8,Never,Moderate,Active,Poor,7.8,0
P102060,55,Male,0,0,0,1,1,0,0,,141.0,78.0,107.9,181.3,37.4,147.3,156.8,Never,Rare,Moderate,Poor,7.1,0
P102061,66,Male,0,0,0,1,1,0,0,31.1,144.0,73.0,143.5,224.9,53.1,147.1,127.2,Never,Moderate,Sedentary,Balanced,7.8,0
P102062,20,Female,0,0,0,0,0,0,0,30.1,98.0,79.0,97.1,163.3,34.5,75.7,194.3,Current,Rare,Moderate,Balanced,7.9,0
P102063,47,Female,0,0,0,0,0,0,0,24.7,99.0,72.0,90.0,183.3,43.8,128.5,79.6,Never,Moderate,Moderate,Healthy,7.9,0
P102064,46,Female,0,0,0,0,0,0,0,27.6,123.0,85.0,94.2,155.2,51.9,84.5,60.6,Current,Rare,Sedentary,Poor,8.3,0
P102065,57,Female,0,0,0,0,1,0,0,29.1,105.0,87.0,71.0,239.1,56.0,152.9,104.8,Never,Heavy,Moderate,Balanced,8.0,0
P102066,67,Female,0,0,0,0,0,0,0,28.5,139.0,79.0,104.5,143.6,40.6,95.4,74.0,Former,Rare,Active,Poor,5.9,0
P102067,69,Male,0,0,0,0,0,0,0,21.5,125.0,83.0,111.1,139.1,52.9,,175.2,Never,Moderate,Moderate,Balanced,7.6,0
P102068,28,Male,1,0,0,1,0,0,0,26.6,102.0,79.0,129.0,74.3,33.2,17.8,127.7,Never,Rare,Moderate,Healthy,7.3,0
P102069,75,Female,0,1,0,0,0,1,0,,144.0,84.0,105.9,150.0,40.1,66.9,,Never,Moderate,Active,Healthy,8.1,0
P102070,58,Female,0,0,0,0,0,0,0,22.3,117.0,81.0,94.2,151.9,37.9,85.4,148.8,Never,Rare,Sedentary,Poor,6.4,0
P102071,57,Female,0,0,0,0,0,0,0,22.7,123.0,74.0,101.4,184.1,43.0,113.1,100.4,Current,Moderate,Active,Poor,7.1,0
P102072,43,Female,0,0,0,0,0,0,0,26.3,118.0,85.0,87.3,176.8,59.4,102.4,,Never,Rare,Moderate,Balanced,8.5,0
P102073,27,Female,0,0,0,0,0,0,0,25.9,101.0,81.0,109.5,150.7,36.4,86.5,115.5,Never,Rare,Active,Healthy,6.2,0
P102074,63,Male,0,0,0,0,0,0,0,18.6,126.0,82.0,97.3,103.0,45.8,41.5,99.6,Former,Moderate,Moderate,Poor,7.5,0
P102075,42,Male,0,0,0,1,1,0,0,26.0,121.0,82.0,169.2,217.6,55.8,142.2,22.8,Never,Rare,Sedentary,Balanced,7.0,0
P102076,36,Male,0,0,0,1,0,0,0,28.6,124.0,79.0,132.2,163.1,52.1,102.6,213.6,Former,Moderate,Moderate,Balanced,6.8,0
P102077,62,Male,0,1,1,0,0,0,0,27.9,144.0,100.0,93.7,,48.4,106.1,74.4,Never,Moderate,Moderate,Balanced,7.0,0
P102078,43,Male,0,0,0,0,0,0,0,37.9,128.0,76.0,89.3,122.9,45.3,75.0,174.5,Never,Rare,Active,Balanced,5.4,0
P102079,50,Male,0,0,0,0,1,0,0,25.9,109.0,73.0,91.4,200.2,61.0,117.7,127.5,Former,Rare,Moderate,Balanced,6.8,0
P102080,46,Male,1,0,0,0,0,0,0,23.3,98.0,79.0,97.2,125.1,79.1,100.6,22.4,Never,Rare,Active,Healthy,7.0,0
P102081,69,Female,0,0,0,0,0,0,0,31.0,139.0,,99.6,164.1,39.2,107.3,102.3,Never,Rare,Active,Healthy,6.2,0
P102082,21,Female,0,0,0,0,0,0,0,26.6,120.0,81.0,110.8,167.7,,114.5,138.4,Never,Rare,Moderate,Balanced,6.9,0
P102083,54,Male,0,0,0,0,1,0,0,29.1,132.0,88.0,96.6,212.4,57.1,139.0,141.6,Former,Rare,Active,Poor,7.9,0
P102084,55,Male,1,0,1,0,1,0,0,25.7,126.0,70.0,77.7,207.7,55.2,133.5,130.9,Never,Rare,Moderate,Poor,5.9,0
P102085,39,Female,0,0,0,0,0,0,0,21.6,131.0,77.0,72.7,120.6,41.9,84.2,147.4,Former,Rare,Moderate,Balanced,8.3,0
P102086,52,Male,1,0,0,0,1,0,0,,126.0,60.0,90.6,225.7,59.3,130.7,100.3,Current,Moderate,Moderate,Balanced,6.8,0
P102087,59,Male,0,0,0,0,0,0,0,22.8,125.0,83.0,,128.3,55.7,91.6,83.8,Never,Rare,Moderate,Balanced,8.2,0
P102088,67,Male,0,0,0,0,1,0,0,14.1,111.0,64.0,91.9,186.1,47.2,150.6,-9.4,Never,Rare,Moderate,Balanced,9.0,0
P102089,62,Female,0,1,0,0,1,0,0,29.0,121.0,82.0,95.0,209.5,37.0,147.7,141.1,Never,Moderate,Moderate,Healthy,7.6,0
P102090,57,Male,0,0,0,0,0,0,0,27.0,137.0,84.0,92.8,141.9,54.9,82.2,213.9,Never,Moderate,Active,Poor,7.9,0
P102091,58,Female,0,0,0,0,0,0,0,21.1,118.0,76.0,79.5,134.7,46.0,111.0,57.9,Never,Rare,Moderate,Balanced,6.2,0
P102092,18,Male,0,0,0,0,0,0,0,23.7,107.0,80.0,88.5,122.6,56.1,,,Never,Rare,Moderate,Balanced,5.9,0
P102093,48,Female,0,0,0,0,0,0,0,19.8,123.0,83.0,82.6,186.1,46.1,104.9,60.0,Former,Moderate,Moderate,Healthy,4.7,0
P102094,45,Male,0,0,0,0,0,0,0,22.8,111.0,75.0,84.8,194.1,55.6,118.6,134.5,Never,Moderate,Moderate,Healthy,4.9,0
P102095,39,Male,0,0,0,0,0,0,0,34.5,123.0,90.0,91.6,,55.4,128.1,180.1,Former,Rare,Sedentary,Balanced,6.1,0
P102096,50,Male,0,0,0,0,0,0,0,28.5,125.0,86.0,80.8,155.5,52.3,104.1,158.1,Never,Rare,Moderate,Poor,5.7,0
P102097,67,Female,0,0,0,0,1,0,0,20.8,,77.0,101.8,184.5,46.4,132.4,193.2,Never,Rare,Moderate,Balanced,7.3,0
P102098,33,Female,0,0,0,0,0,0,0,,122.0,75.0,101.3,158.3,53.3,102.8,,Never,Rare,Sedentary,Balanced,5.5,0
P102099,55,Male,1,0,0,0,1,0,0,19.3,100.0,77.0,108.6,204.3,44.3,153.1,76.8,Current,Rare,Moderate,Healthy,7.5,0
P102100,54,Female,0,0,0,0,0,0,0,25.5,136.0,75.0,93.8,134.6,61.1,78.3,172.1,Never,Rare,Sedentary,Balanced,6.2,0
P102101,62,Female,0,0,0,0,1,0,0,24.1,129.0,71.0,106.5,187.2,37.8,,,Current,Rare,Active,Balanced,5.3,0
P102102,60,Female,0,0,0,0,0,0,0,,129.0,72.0,83.0,147.3,64.7,,173.5,Never,Moderate,Active,Balanced,7.0,1
P102103,64,Other,0,1,0,0,0,0,0,29.3,154.0,90.0,79.2,158.7,32.7,86.7,200.2,Former,Rare,Sedentary,Balanced,9.0,0
P102104,40,Female,0,0,0,0,0,0,0,31.2,117.0,78.0,80.8,122.9,,82.3,124.0,Never,Rare,Moderate,Balanced,9.3,0
P102105,32,Female,0,0,0,0,0,0,0,25.8,108.0,81.0,96.3,177.4,62.1,123.6,230.0,Current,Rare,Moderate,Poor,6.4,0
P102106,75,Male,1,1,0,0,0,1,1,38.8,137.0,92.0,92.6,154.1,55.7,84.6,53.9,Never,Rare,Sedentary,Poor,7.3,0
P102107,28,Female,1,0,1,0,0,0,0,26.4,124.0,87.0,100.6,181.3,54.3,128.4,61.4,Current,Rare,Sedentary,Balanced,5.2,0
P102108,33,Female,0,0,0,0,1,0,0,27.9,111.0,89.0,121.0,215.4,52.9,169.7,278.4,Never,Rare,Active,Balanced,6.3,0
P102109,30,Female,0,0,0,0,1,0,0,16.9,106.0,77.0,78.1,224.2,,136.0,30.5,Current,Moderate,Moderate,Healthy,7.5,0
P102110,61,Male,0,0,0,0,1,0,0,20.6,127.0,85.0,88.4,156.1,54.4,136.0,115.0,Never,Moderate,Sedentary,Balanced,7.2,0
P102111,63,Male,0,1,0,1,1,0,0,25.9,151.0,75.0,160.2,203.1,,155.3,121.9,Former,Heavy,Active,Poor,8.5,0
P102112,53,Female,0,0,0,0,0,0,0,23.4,134.0,62.0,82.0,172.0,36.7,122.0,207.5,Never,Rare,Active,Healthy,5.7,0
P102113,51,Female,0,1,0,0,0,0,0,25.4,120.0,83.0,68.0,180.6,30.5,125.5,175.1,Never,Rare,Sedentary,Poor,7.7,0
P102114,27,Male,0,0,0,1,0,0,0,35.5,116.0,83.0,156.8,182.9,33.5,117.3,172.7,Never,Moderate,Moderate,Balanced,8.7,0
P102115,57,Male,0,0,0,0,1,0,0,21.3,127.0,69.0,92.4,225.0,44.6,167.1,98.6,Never,Rare,Active,Balanced,7.8,0
P102116,26,Male,0,0,0,0,1,0,0,24.6,99.0,73.0,90.1,206.1,53.3,144.3,176.6,Never,Rare,Active,Poor,6.6,0
P102117,72,Other,0,0,0,0,1,0,0,17.0,122.0,81.0,104.5,,60.3,168.3,229.8,Never,Moderate,Active,Balanced,6.0,0
P102118,47,Male,1,0,0,0,1,0,0,28.1,100.0,71.0,95.7,222.4,62.8,136.3,141.0,Never,Rare,Sedentary,Poor,7.7,0
P102119,64,Other,0,0,0,0,1,0,0,22.4,130.0,76.0,100.9,187.6,55.2,138.1,174.8,Never,Rare,Sedentary,Healthy,7.5,0
P102120,54,Female,0,1,0,0,0,0,0,21.2,142.0,87.0,95.3,154.4,59.5,120.4,173.0,Current,Rare,Sedentary,Poor,8.3,1
P102121,60,Male,0,0,0,0,0,0,0,22.7,123.0,68.0,85.1,117.2,48.1,77.6,-37.7,Never,Rare,Active,Balanced,7.5,0
P102122,34,Female,0,0,0,0,0,0,0,20.8,110.0,79.0,,100.3,43.0,74.1,113.5,Never,Rare,Moderate,Balanced,7.6,0
P102123,53,Female,0,0,0,0,0,0,0,22.3,126.0,61.0,94.1,158.9,40.6,69.0,216.0,Never,Rare,Sedentary,Healthy,,0
P102124,57,Male,0,0,1,0,1,0,0,37.3,142.0,79.0,88.2,213.8,63.5,168.4,67.2,Never,Moderate,Active,Healthy,8.0,0
P102125,25,Female,0,0,0,0,1,0,0,25.5,106.0,83.0,104.0,216.3,44.5,140.0,,Never,Rare,Active,Balanced,7.1,0
P102126,74,Female,1,0,0,1,1,0,0,34.3,142.0,74.0,124.5,,61.6,155.4,202.5,Former,Rare,Active,Healthy,6.6,0
P102127,53,Female,1,1,0,0,0,0,0,23.2,140.0,91.0,104.9,186.5,54.9,,183.9,Current,Rare,Moderate,Balanced,5.4,0
P102128,49,Male,0,0,0,0,1,0,0,29.3,106.0,62.0,87.0,188.3,55.3,145.1,152.2,Never,Rare,Moderate,Balanced,,0
P102129,55,Female,0,1,1,0,0,0,0,31.3,,91.0,,153.7,,111.5,74.0,Never,Rare,Active,Balanced,4.7,0
P102130,52,Female,0,0,0,0,0,0,0,29.6,133.0,93.0,108.5,131.5,46.1,56.6,103.3,Former,Moderate,Moderate,Poor,7.2,0
P102131,34,Male,0,0,0,0,0,0,0,29.0,110.0,,88.9,185.7,78.0,112.3,87.7,Current,Rare,Moderate,Balanced,8.0,1
P102132,60,Female,0,0,0,0,1,0,0,30.4,141.0,77.0,65.5,204.1,52.6,177.5,180.2,Current,Moderate,Moderate,Healthy,,0
P102133,51,Female,0,0,0,0,1,0,0,30.9,113.0,74.0,112.9,201.2,66.1,96.3,114.6,Never,Rare,Moderate,Healthy,5.9,0
P102134,50,Male,1,0,0,1,1,0,0,28.5,142.0,79.0,144.7,194.2,,143.7,127.7,Never,Rare,Sedentary,Balanced,7.9,0
P102135,46,Female,0,0,0,0,1,0,0,14.0,115.0,70.0,82.0,203.8,22.1,144.4,256.9,Never,Rare,Moderate,Balanced,7.4,0
P102136,61,Male,0,0,0,0,0,0,0,21.7,116.0,80.0,95.5,,30.1,87.5,183.6,Never,Rare,Moderate,Balanced,5.8,0
P102137,90,Male,1,1,1,0,1,1,0,16.0,136.0,85.0,97.9,209.2,41.6,132.2,234.1,Former,Moderate,Active,Balanced,6.8,0
P102138,35,Female,0,0,0,0,1,0,0,20.3,95.0,64.0,79.0,210.5,27.6,133.5,89.5,Never,Rare,Moderate,Balanced,7.9,0
P102139,43,Male,1,0,0,0,0,0,0,29.2,140.0,72.0,91.9,121.7,64.1,75.6,145.4,Never,Rare,Sedentary,Poor,5.4,0
P102140,47,Female,0,0,0,0,0,0,0,18.8,123.0,82.0,95.1,187.6,52.6,114.5,189.5,Current,Moderate,Active,Balanced,4.3,0
P102141,55,Female,0,0,0,0,0,0,0,25.2,134.0,73.0,85.7,151.2,61.0,108.9,156.6,Former,Moderate,Moderate,Poor,7.2,0
P102142,69,Male,0,0,0,0,1,0,0,,128.0,86.0,96.8,197.6,70.4,146.2,210.9,Former,Moderate,Sedentary,Healthy,9.5,0
P102143,36,Male,0,0,0,0,1,0,0,14.3,104.0,72.0,80.7,211.2,73.7,145.7,95.9,Never,Rare,Active,Balanced,8.0,0
P102144,56,Male,0,0,0,0,1,0,0,29.7,126.0,77.0,97.1,187.7,60.3,136.1,64.3,Former,Rare,Moderate,Balanced,7.3,0
P102145,59,Male,0,0,0,0,0,0,0,24.6,131.0,93.0,98.9,129.9,56.7,88.5,156.8,Former,Rare,Moderate,Balanced,8.7,0
P102146,38,Female,0,0,0,0,0,0,0,25.2,100.0,85.0,,149.5,32.7,103.5,141.7,Former,Rare,Moderate,Balanced,6.0,0
P102147,70,Male,0,0,0,0,1,0,0,21.3,134.0,77.0,97.8,201.0,61.5,150.2,222.0,Never,Rare,Moderate,Healthy,8.1,0
P102148,39,Male,0,0,0,1,1,0,0,27.9,96.0,70.0,106.5,242.2,34.6,146.4,64.8,Never,Rare,Moderate,Healthy,6.0,0
P102149,63,Female,0,1,0,0,1,0,0,33.4,151.0,90.0,105.0,177.2,55.6,136.5,98.8,Never,Moderate,Sedentary,Poor,8.7,0
P102150,57,Male,0,0,0,0,1,0,0,24.3,116.0,66.0,118.6,,60.7,,43.3,Current,Rare,Moderate,Poor,7.1,0
P102151,39,Female,0,0,0,0,0,0,0,27.5,120.0,80.0,107.7,166.7,59.3,96.4,130.2,Never,Moderate,Sedentary,Balanced,6.4,0
P102152,53,Male,0,0,0,0,1,0,0,23.1,127.0,81.0,90.2,188.0,46.7,130.9,108.0,Never,Rare,Sedentary,Balanced,8.2,0
P102153,28,Female,0,0,0,0,0,0,0,22.3,123.0,77.0,70.8,151.8,44.1,109.1,113.4,Never,Rare,Moderate,Poor,7.6,0
P102154,70,Male,0,0,0,0,0,0,0,21.0,120.0,74.0,74.7,80.5,53.7,44.0,7.9,Former,Rare,Moderate,Balanced,,0
P102155,45,Male,0,0,0,0,0,0,0,31.2,131.0,86.0,119.0,133.9,44.5,89.2,264.5,Never,Rare,Sedentary,Balanced,8.7,0
P102156,57,Female,0,0,0,0,0,0,0,34.9,138.0,81.0,80.1,119.9,67.2,77.1,125.8,Never,Rare,Sedentary,Poor,6.1,0
P102157,51,Male,0,1,0,0,0,0,0,29.8,148.0,,71.8,131.6,,85.4,49.6,Never,Rare,Active,Poor,6.2,0
P102158,45,Female,0,0,0,0,0,0,0,22.5,123.0,81.0,109.3,129.7,,68.8,10.4,Never,Rare,Sedentary,Poor,6.7,0
P102159,44,Male,0,0,0,0,0,0,0,23.2,121.0,74.0,88.5,,49.4,89.2,175.2,Current,Moderate,Moderate,Healthy,7.8,0
P102160,56,Male,0,0,0,0,1,0,0,24.2,110.0,78.0,87.5,255.8,63.1,168.6,185.6,Never,Rare,Sedentary,Healthy,7.7,0
P102161,56,Female,0,0,0,0,1,0,0,23.0,140.0,,105.8,209.1,55.6,148.3,71.7,Former,Moderate,Active,Balanced,7.7,0
P102162,50,Male,0,0,0,0,0,0,0,20.6,108.0,74.0,,146.7,71.2,110.6,,Former,Moderate,Moderate,Balanced,6.7,0
P102163,57,Female,0,0,0,0,1,0,0,29.2,115.0,86.0,111.4,192.1,55.3,136.5,262.2,Current,Rare,Active,Balanced,5.8,0
P102164,31,Female,0,0,0,0,0,0,0,25.7,120.0,82.0,77.3,145.6,55.2,123.1,112.2,Former,Moderate,Moderate,Poor,6.9,0
P102165,58,Male,0,0,1,0,0,0,0,22.9,129.0,92.0,81.9,139.7,58.2,93.0,176.2,Never,Rare,Sedentary,Healthy,8.4,0
P102166,51,Female,0,0,0,0,1,0,0,22.4,130.0,76.0,84.1,,59.6,166.3,145.3,Never,Rare,Sedentary,Balanced,7.4,0
P102167,76,Male,0,0,0,0,1,0,0,32.0,142.0,88.0,83.7,209.1,,152.3,144.6,Never,Rare,Sedentary,Poor,,0
P102168,59,Male,0,0,0,0,0,0,0,28.6,127.0,84.0,100.7,195.2,59.8,125.0,287.2,Never,Rare,Active,Healthy,6.9,0
P102169,67,Male,0,0,0,1,0,0,0,,,77.0,161.5,191.1,57.6,104.0,95.2,Never,Heavy,Moderate,Poor,7.5,0
P102170,38,Female,1,0,0,0,0,0,0,30.0,130.0,65.0,,114.8,66.1,78.1,109.8,Never,Rare,Moderate,Poor,7.1,0
P102171,56,Male,0,0,0,0,0,0,0,17.8,130.0,74.0,100.6,172.6,51.1,104.2,164.7,Never,Rare,Active,Balanced,8.0,0
P102172,43,Female,0,0,0,0,1,0,0,31.7,130.0,86.0,91.4,192.4,64.6,142.7,163.2,Never,Rare,Moderate,Balanced,6.6,0
P102173,52,Male,0,0,0,0,1,0,0,26.1,117.0,75.0,109.5,222.4,59.0,143.5,287.9,Never,Moderate,Sedentary,Poor,7.7,0
P102174,59,Female,0,0,0,0,0,0,0,34.2,124.0,76.0,101.6,132.9,50.2,72.3,49.2,Never,Moderate,Moderate,Balanced,7.5,0
P102175,45,Male,0,0,0,0,0,0,0,20.9,119.0,70.0,78.9,117.7,44.2,108.7,141.9,Former,Rare,Moderate,Balanced,7.7,0
P102176,49,Male,0,1,0,0,0,0,0,30.0,140.0,89.0,123.4,145.9,55.9,113.7,261.0,Never,Rare,Moderate,Poor,7.0,0
P102177,44,Female,0,0,0,0,1,0,0,22.9,106.0,77.0,103.0,219.2,72.5,157.0,162.4,Never,Rare,Sedentary,Healthy,6.6,0
P102178,44,Male,0,0,0,0,0,0,0,28.9,134.0,73.0,112.9,164.0,43.1,117.2,218.5,Never,Moderate,Moderate,Balanced,7.8,0
P102179,47,Female,0,0,0,1,0,0,0,33.7,123.0,93.0,149.4,,35.9,113.6,,Never,Rare,Moderate,Healthy,6.6,0
P102180,28,Female,0,0,0,0,0,0,0,29.4,108.0,74.0,101.6,171.3,43.1,70.2,170.9,Never,Rare,Active,Poor,7.4,0
P102181,54,Female,0,0,0,0,0,0,0,15.1,108.0,76.0,108.5,177.3,47.8,124.6,135.7,Former,Rare,Active,Balanced,8.5,0
P102182,45,Male,0,0,0,0,1,0,0,27.4,141.0,76.0,91.7,166.3,52.8,131.4,149.3,Never,Moderate,Moderate,Balanced,7.5,0
P102183,49,Male,0,0,0,0,1,0,0,23.3,125.0,74.0,,196.7,36.8,,84.9,Never,Moderate,Sedentary,Balanced,6.3,0
P102184,49,Female,0,0,0,0,0,0,0,27.6,126.0,83.0,85.9,154.0,42.8,72.9,,Current,Moderate,Sedentary,Healthy,8.3,0
P102185,58,Male,0,1,0,0,0,0,0,20.4,136.0,89.0,89.1,162.9,39.0,103.2,138.6,Never,Rare,Moderate,Balanced,8.3,0
P102186,74,Female,0,0,0,0,1,0,0,27.0,122.0,79.0,81.6,214.0,,150.5,89.0,Former,Moderate,Active,Balanced,6.5,0
P102187,54,Female,0,0,0,0,0,0,0,22.1,109.0,77.0,96.3,117.6,49.9,66.4,137.5,Never,Rare,Active,Balanced,6.3,0
P102188,40,Male,0,0,0,0,0,0,0,27.9,134.0,72.0,77.8,109.2,47.9,56.9,,Former,Rare,Active,Poor,7.3,0
P102189,49,Male,0,0,0,0,0,0,0,28.1,117.0,75.0,79.5,144.2,31.9,102.3,38.8,Current,Moderate,Moderate,Balanced,4.5,0
P102190,68,Male,1,0,0,0,0,0,0,15.9,116.0,,69.4,177.0,56.4,123.7,134.5,Never,Moderate,Active,Balanced,5.4,0
P102191,43,Female,0,0,0,0,0,0,0,25.9,120.0,88.0,88.1,187.4,50.3,109.9,161.2,Never,Rare,Active,Poor,6.5,0
P102192,68,Female,0,0,0,0,0,0,0,31.1,124.0,83.0,105.0,157.1,50.4,96.4,137.4,Former,Heavy,Active,Poor,8.4,0
P102193,30,Other,0,0,0,0,0,0,0,21.3,116.0,83.0,99.6,169.5,48.7,,120.4,Never,Moderate,Moderate,Healthy,6.8,0
P102194,66,Female,0,0,0,0,0,0,0,23.2,118.0,68.0,91.8,113.6,69.4,72.5,121.1,Never,Rare,Sedentary,Poor,7.3,0
P102195,39,Male,0,0,0,0,0,0,0,24.6,112.0,76.0,90.7,135.2,52.3,95.7,195.4,Never,Rare,Moderate,Balanced,6.1,0
P102196,57,Female,0,0,0,0,1,0,0,,139.0,72.0,108.4,212.7,67.2,134.1,,Never,Moderate,Moderate,Poor,9.3,0
P102197,44,Female,0,0,0,0,1,0,0,18.1,103.0,82.0,100.0,235.4,59.8,186.7,225.4,Never,Rare,Moderate,Balanced,5.9,0
P102198,55,Female,1,0,0,0,0,0,0,17.7,125.0,82.0,101.3,,49.0,93.9,203.9,Never,Rare,Moderate,Healthy,6.7,0
P102199,23,Female,0,0,0,0,1,0,0,32.0,91.0,90.0,85.6,209.3,57.2,126.3,90.0,Never,Moderate,Sedentary,Poor,6.1,0
P102200,49,Female,0,0,0,0,0,0,0,28.9,128.0,70.0,115.3,167.0,40.4,106.4,197.6,Former,Rare,Active,Poor,6.5,0
P102201,67,Male,0,0,1,0,0,0,0,30.0,130.0,88.0,100.5,140.8,47.3,101.7,125.5,Never,Rare,Moderate,Healthy,8.1,0
P102202,69,Male,0,0,0,0,1,0,0,28.5,147.0,75.0,86.2,288.4,52.5,190.4,152.2,Never,Moderate,Active,Balanced,6.2,0
P102203,43,Male,0,0,0,0,0,0,0,21.5,112.0,78.0,,178.6,64.0,95.8,123.2,Never,Rare,Moderate,Healthy,5.7,0
P102204,51,Other,0,0,0,1,0,0,0,33.1,127.0,86.0,113.7,167.7,33.9,109.3,178.9,Former,Rare,Active,Poor,7.5,0
P102205,32,Female,0,0,0,0,0,0,0,38.6,131.0,86.0,86.1,171.4,56.0,115.4,145.2,Never,Rare,Moderate,Balanced,6.8,0
P102206,63,Male,0,0,0,0,0,0,0,18.2,123.0,75.0,86.8,146.9,66.5,85.2,93.5,Former,Moderate,Moderate,Balanced,6.1,0
P102207,74,Male,0,0,0,0,1,0,0,24.6,130.0,90.0,95.5,230.4,50.8,169.9,116.6,Never,Rare,Active,Balanced,7.2,0
P102208,71,Female,0,0,0,0,0,0,0,25.4,125.0,83.0,108.5,169.1,39.7,107.5,157.2,Never,Moderate,Active,Balanced,7.7,0
P102209,57,Male,0,0,0,0,1,0,0,23.6,108.0,75.0,96.2,203.3,40.8,134.7,162.0,Never,Moderate,Active,Healthy,5.1,0
P102210,64,Female,0,0,0,0,0,0,0,21.9,124.0,86.0,117.7,110.8,49.7,64.0,192.1,Never,Moderate,Moderate,Healthy,8.4,0
P102211,60,Male,1,0,0,0,1,0,0,25.9,124.0,83.0,100.4,173.9,68.6,138.2,151.3,Current,Heavy,Active,Balanced,7.0,1
P102212,45,Male,0,0,0,0,0,0,0,24.4,122.0,86.0,97.7,184.6,61.5,82.7,99.2,Never,Heavy,Moderate,Balanced,6.9,0
P102213,58,Female,0,0,0,0,0,0,0,23.8,119.0,72.0,107.3,173.0,49.0,111.2,77.5,Never,Rare,Sedentary,Poor,6.8,0
P102214,51,Female,0,0,0,0,0,0,0,19.7,129.0,73.0,100.5,188.1,42.2,116.1,171.5,Former,Rare,Sedentary,Balanced,7.1,0
P102215,47,Male,0,0,0,0,0,0,0,27.2,127.0,93.0,96.0,149.9,41.6,78.0,123.1,Current,Moderate,Sedentary,Balanced,6.7,0
P102216,58,Male,1,0,0,0,0,0,0,21.7,121.0,68.0,84.2,162.8,57.9,107.6,74.3,Never,Moderate,Moderate,Healthy,8.0,0
P102217,37,Male,0,0,0,0,1,0,0,29.6,121.0,76.0,102.8,180.7,49.1,138.3,151.3,Never,Heavy,Moderate,Balanced,7.4,0
P102218,44,Female,0,0,0,0,0,0,0,22.8,132.0,76.0,91.5,105.0,,47.9,188.6,Former,Rare,Active,Balanced,7.0,0
P102219,42,Male,0,0,0,0,1,0,0,24.3,123.0,80.0,88.9,209.8,,136.5,164.9,Never,Rare,Moderate,Balanced,6.0,0
P102220,57,Male,0,0,0,0,1,0,0,26.5,130.0,94.0,100.5,220.0,51.0,126.2,78.9,Never,Rare,Sedentary,Balanced,7.0,0
P102221,49,Female,0,0,0,0,0,0,0,28.7,136.0,83.0,88.3,167.8,65.1,110.4,143.8,Never,Moderate,Sedentary,Balanced,7.8,0
P102222,83,Female,0,0,0,0,1,1,0,20.8,133.0,77.0,100.5,221.3,27.0,145.5,51.1,Never,Rare,Moderate,Balanced,5.6,0
P102223,55,Male,0,0,0,0,1,0,0,26.2,132.0,83.0,101.3,194.2,60.8,143.6,133.3,Never,Moderate,Moderate,Poor,5.7,0
P102224,58,Male,0,0,0,0,0,0,0,34.2,148.0,79.0,109.5,137.4,48.8,60.3,168.1,Never,Moderate,Moderate,Healthy,5.8,0
P102225,39,Male,1,0,0,0,0,0,0,17.2,119.0,82.0,73.4,166.0,58.2,108.4,153.3,Never,Rare,Active,Balanced,7.3,0
P102226,73,Female,0,0,0,0,0,0,0,33.0,116.0,74.0,118.5,179.3,65.1,95.4,68.9,Never,Rare,Sedentary,Healthy,5.7,0
P102227,56,Female,0,0,0,0,1,0,0,22.4,133.0,80.0,113.2,200.3,59.6,114.6,123.4,Current,Moderate,Sedentary,Balanced,8.5,0
P102228,73,Female,0,0,0,0,0,0,0,32.3,147.0,83.0,90.6,147.7,60.2,104.2,183.3,Never,Moderate,Moderate,Balanced,5.4,0
P102229,65,Female,0,0,0,0,0,0,1,,135.0,78.0,82.3,141.9,22.5,85.6,63.5,Current,Rare,Sedentary,Healthy,8.1,0
P102230,69,Male,0,0,0,0,1,0,0,21.4,130.0,70.0,89.0,198.5,41.9,145.8,128.0,Never,Heavy,Moderate,Balanced,7.0,0
P102231,56,Male,0,0,0,0,0,0,0,18.0,109.0,79.0,84.2,135.6,41.9,89.6,182.0,Never,Moderate,Active,Balanced,7.8,0
P102232,63,Female,0,0,0,1,0,0,0,30.0,,80.0,196.3,118.4,67.2,110.8,44.3,Never,Rare,Active,Balanced,8.1,0
P102233,46,Male,0,0,0,1,0,0,0,32.8,142.0,82.0,120.0,177.8,36.6,,100.0,Former,Rare,Sedentary,Balanced,7.8,0
P102234,40,Female,0,0,0,0,0,0,0,30.0,140.0,77.0,110.9,170.5,52.5,86.1,129.4,Current,Rare,Moderate,Balanced,8.2,0
P102235,65,Female,0,0,1,0,0,0,0,24.8,117.0,93.0,112.0,138.1,48.8,108.2,86.7,Current,Rare,Moderate,Healthy,4.0,0
P102236,67,Male,1,1,0,0,1,0,0,26.8,129.0,75.0,87.8,213.6,49.8,141.1,224.1,Never,Rare,Moderate,Balanced,7.6,0
P102237,67,Male,0,0,0,1,1,0,0,28.6,140.0,76.0,210.9,221.7,58.6,149.7,47.5,Never,Rare,Sedentary,Poor,8.9,0
P102238,45,Male,0,0,0,0,0,0,0,26.3,100.0,71.0,90.7,198.8,43.2,125.4,154.8,Current,Rare,Active,Balanced,6.5,0
P102239,39,Male,0,0,0,0,0,0,0,24.4,122.0,84.0,111.8,149.4,50.1,89.9,161.5,Current,Rare,Moderate,Poor,5.4,0
P102240,50,Male,0,0,0,0,1,0,0,32.5,121.0,79.0,93.5,210.9,19.2,134.2,201.1,Never,Moderate,Sedentary,Balanced,5.4,0
P102241,74,Male,0,0,1,0,1,0,0,24.0,132.0,93.0,93.7,209.5,51.4,110.6,175.0,Never,Moderate,Moderate,Poor,8.1,0
P102242,59,Male,0,0,0,0,0,0,0,,127.0,,82.9,187.1,73.2,124.2,188.2,Never,Rare,Sedentary,Balanced,6.5,0
P102243,36,Female,0,0,0,1,0,0,0,35.3,122.0,80.0,99.7,158.4,31.5,52.4,87.4,Never,Moderate,Moderate,Balanced,7.3,0
P102244,49,Male,0,0,0,0,1,0,0,25.0,125.0,61.0,118.1,242.9,53.9,163.3,185.9,Never,Heavy,Active,Balanced,5.1,0
P102245,41,Male,0,1,0,0,0,0,0,27.4,118.0,87.0,76.7,192.7,72.6,109.9,109.6,Never,Moderate,Moderate,Healthy,5.9,0
P102246,50,Male,0,0,0,0,1,0,0,29.6,131.0,72.0,109.6,176.8,59.9,138.3,234.7,Never,Rare,Sedentary,Balanced,7.5,0
P102247,66,Male,0,0,0,0,0,0,0,23.3,140.0,76.0,114.2,157.0,61.1,85.6,175.5,Never,Rare,Sedentary,Healthy,8.0,0
P102248,54,Male,0,0,0,0,0,0,0,24.1,105.0,89.0,67.1,142.2,54.6,82.2,152.0,Never,Rare,Moderate,Balanced,6.3,0
P102249,66,Male,0,0,0,0,0,0,0,28.3,124.0,83.0,109.3,140.6,44.5,89.8,151.0,Never,Rare,Sedentary,Balanced,6.4,0
P102250,57,Female,0,0,0,0,1,0,0,26.8,134.0,78.0,108.6,205.6,83.6,113.4,73.3,Never,Rare,Active,Balanced,8.7,0
P102251,47,Male,0,0,0,1,0,0,0,31.1,102.0,87.0,148.2,150.4,58.1,93.5,,Former,Heavy,Active,Balanced,8.6,0
P102252,58,Female,0,1,1,0,0,0,0,32.4,158.0,93.0,113.2,148.1,52.1,101.2,,Never,Rare,Active,Balanced,8.0,1
P102253,53,Female,0,0,0,0,0,0,0,27.7,105.0,67.0,,162.0,38.1,86.3,,Former,Rare,Moderate,Balanced,6.0,0
P102254,55,Female,0,0,0,0,0,0,0,26.9,139.0,70.0,114.9,162.0,31.0,76.8,192.1,Never,Rare,Sedentary,Balanced,5.3,0
P102255,44,Male,0,0,0,0,0,0,0,31.2,115.0,73.0,106.2,167.5,36.8,,166.6,Never,Moderate,Active,Balanced,6.4,0
P102256,47,Male,0,0,0,1,1,0,0,30.3,115.0,79.0,128.7,205.1,38.6,148.3,179.7,Never,Rare,Moderate,Balanced,7.1,0
P102257,18,Female,0,0,0,0,0,0,0,20.6,109.0,83.0,79.0,138.4,56.2,103.6,75.1,Never,Heavy,Active,Balanced,8.7,0
P102258,78,Female,0,1,0,0,0,1,0,31.7,168.0,84.0,105.4,131.7,,69.7,173.4,Never,Rare,Active,Balanced,5.9,1
P102259,53,Male,0,0,0,0,0,0,0,27.3,127.0,63.0,114.2,170.1,70.6,108.9,140.2,Former,Rare,Moderate,Balanced,6.7,0
P102260,75,Male,0,0,1,0,1,0,0,22.3,136.0,72.0,91.7,211.7,39.8,144.2,185.4,Never,Rare,Sedentary,Balanced,5.0,0
P102261,31,Male,0,0,0,0,1,0,0,33.6,116.0,81.0,89.2,240.0,52.4,176.4,105.3,Never,Rare,Sedentary,Poor,,0
P102262,69,Male,0,0,0,1,0,0,0,14.0,123.0,68.0,173.8,113.3,48.1,48.0,124.5,Never,Rare,Active,Balanced,4.7,0
P102263,35,Female,0,0,0,0,1,0,0,24.2,128.0,68.0,100.7,223.8,47.6,147.3,126.2,Never,Rare,Moderate,Balanced,6.9,0
P102264,70,Male,0,0,0,0,1,0,0,28.1,130.0,63.0,99.4,175.9,63.7,147.5,133.6,Former,Rare,Active,Balanced,7.2,1
P102265,74,Female,0,0,0,0,1,0,1,26.2,129.0,78.0,93.3,169.4,43.5,138.3,103.5,Never,Rare,Moderate,Poor,8.6,0
P102266,44,Male,0,0,0,0,0,0,0,25.8,124.0,69.0,102.2,144.9,39.7,98.8,139.0,Current,Rare,Sedentary,Poor,7.0,0
P102267,38,Female,0,0,0,0,0,0,0,19.4,123.0,82.0,97.5,145.9,53.4,86.6,152.1,Never,Rare,Moderate,Healthy,7.0,0
P102268,46,Female,0,0,0,0,0,0,0,28.3,123.0,,97.1,188.9,56.1,127.2,111.8,Former,Rare,Moderate,Poor,6.8,0
P102269,27,Female,0,0,0,0,0,0,0,21.6,107.0,79.0,92.0,144.6,63.5,105.5,83.3,Never,Rare,Sedentary,Healthy,7.2,0
P102270,49,Male,0,0,0,0,1,0,0,17.9,113.0,70.0,81.4,214.2,57.2,121.0,171.2,Never,Moderate,Moderate,Balanced,5.8,0
P102271,77,Male,0,0,0,0,0,0,1,29.5,141.0,71.0,,172.6,59.5,,135.0,Never,Rare,Sedentary,Poor,7.2,0
P102272,47,Male,0,0,0,0,0,0,0,20.2,122.0,79.0,82.5,50.8,51.8,49.3,-5.4,Never,Rare,Active,Healthy,7.5,0
P102273,55,Female,0,0,0,0,0,0,0,28.3,122.0,63.0,102.0,131.9,60.5,108.6,234.8,Current,Heavy,Active,Healthy,7.0,0
P102274,79,Female,1,0,0,1,0,0,1,29.2,126.0,66.0,148.8,174.7,41.9,93.2,173.6,Never,Moderate,Active,Balanced,5.8,0
P102275,19,Female,0,0,0,1,0,0,0,37.3,98.0,74.0,111.1,152.1,57.2,85.2,153.2,Never,Moderate,Sedentary,Balanced,6.6,0
P102276,73,Female,0,0,0,0,1,0,0,18.6,141.0,,87.4,219.4,45.8,156.3,99.9,Never,Moderate,Moderate,Healthy,6.5,0
P102277,79,Female,1,0,0,1,0,0,0,30.4,153.0,86.0,150.5,194.2,47.3,112.0,105.6,Current,Rare,Sedentary,Balanced,5.9,0
P102278,37,Female,0,0,0,0,0,0,0,30.8,138.0,90.0,117.9,173.4,43.1,107.7,142.6,Current,Rare,Moderate,Poor,9.7,0
P102279,24,Male,0,0,0,0,0,0,0,29.9,108.0,81.0,101.3,167.8,41.3,80.7,68.9,Never,Rare,Sedentary,Balanced,7.2,0
P102280,55,Male,1,0,0,0,1,0,0,25.0,113.0,83.0,104.5,212.0,,146.6,48.3,Never,Rare,Moderate,Healthy,7.0,0
P102281,48,Male,0,1,0,1,1,0,0,31.0,125.0,83.0,104.6,188.3,47.2,136.0,70.6,Never,Rare,Moderate,Balanced,7.3,0
P102282,38,Male,0,0,0,0,0,0,0,27.1,110.0,76.0,72.2,162.6,44.3,97.6,74.3,Current,Rare,Moderate,Poor,7.8,0
P102283,52,Male,0,0,0,0,0,0,0,28.9,127.0,83.0,66.3,149.0,27.9,96.6,235.8,Former,Moderate,Sedentary,Balanced,7.8,0
P102284,40,Female,1,0,0,0,0,0,0,,97.0,83.0,104.5,,55.5,108.5,79.7,Never,Moderate,Moderate,Balanced,7.1,0
P102285,45,Male,0,0,0,0,0,0,0,26.4,118.0,83.0,113.2,154.2,,109.5,234.5,Never,Rare,Moderate,Balanced,5.7,0
P102286,56,Female,0,0,1,0,0,0,0,18.4,114.0,87.0,103.2,176.2,25.8,112.7,89.3,Never,Rare,Moderate,Healthy,6.0,0
P102287,57,Male,0,0,0,0,1,0,0,23.5,131.0,83.0,77.1,267.8,35.4,156.4,,Never,Heavy,Active,Healthy,6.5,0
P102288,53,Male,0,0,0,0,1,0,0,22.5,112.0,75.0,52.5,183.8,39.7,131.7,,Former,Rare,Moderate,Poor,7.9,0
P102289,68,Male,0,0,0,0,0,0,0,32.2,134.0,76.0,97.2,114.1,55.4,78.9,200.6,Never,Moderate,Moderate,Healthy,8.5,0
P102290,44,Male,0,1,0,0,1,0,0,36.6,134.0,91.0,76.4,176.2,36.1,135.5,135.6,Never,Rare,Moderate,Poor,4.9,0
P102291,70,Male,1,1,0,1,0,0,0,23.4,139.0,83.0,208.3,124.6,52.4,77.4,68.7,Never,Heavy,Moderate,Balanced,7.2,0
P102292,36,Female,0,0,0,0,1,0,0,26.7,105.0,73.0,97.5,223.0,,160.4,160.1,Former,Rare,Moderate,Balanced,7.1,0
P102293,29,Female,0,0,0,0,0,0,0,,87.0,83.0,78.5,181.1,69.8,105.0,64.3,Never,Moderate,Moderate,Balanced,7.1,0
P102294,49,Male,0,1,0,1,0,0,0,43.0,143.0,81.0,123.8,,42.5,80.8,171.1,Former,Heavy,Sedentary,Poor,8.6,0
P102295,49,Female,1,0,0,0,0,0,0,25.3,119.0,94.0,77.1,145.8,35.2,84.6,149.6,Never,Rare,Active,Balanced,5.4,0
P102296,37,Male,0,0,0,0,0,0,0,30.3,112.0,88.0,89.4,151.9,52.1,89.0,152.4,Former,Rare,Sedentary,Poor,8.1,0
P102297,48,Female,0,0,0,0,0,0,0,22.6,130.0,93.0,97.2,181.6,60.0,125.1,123.9,Never,Rare,Moderate,Balanced,6.6,0
P102298,40,Male,0,0,0,0,0,0,0,32.2,131.0,79.0,94.5,149.0,52.1,123.7,247.5,Never,Rare,Active,Healthy,8.9,0
P102299,48,Female,0,0,0,1,0,0,0,34.6,128.0,77.0,143.9,190.5,48.2,127.4,212.9,Former,Rare,Active,Balanced,8.8,0
P102300,64,Male,1,0,0,0,0,0,0,27.6,128.0,95.0,81.5,148.1,43.0,101.9,109.3,Never,Moderate,Moderate,Balanced,8.8,0
P102301,69,Male,0,1,0,0,1,0,0,34.1,149.0,87.0,116.1,206.1,,154.7,28.2,Current,Rare,Active,Poor,7.4,0
P102302,59,Male,0,0,0,0,1,0,0,33.6,114.0,88.0,84.3,238.3,52.2,162.4,168.3,Never,Rare,Active,Healthy,6.8,0
P102303,63,Female,0,0,0,0,1,0,0,17.9,123.0,74.0,94.4,206.7,49.2,126.2,127.8,Never,Rare,Moderate,Healthy,6.3,0
P102304,45,Other,0,1,0,0,0,0,0,23.9,125.0,78.0,105.1,180.5,51.1,122.3,206.5,Former,Rare,Moderate,Poor,6.3,0
P102305,71,Male,0,1,0,0,0,1,0,25.9,139.0,79.0,90.0,117.1,48.2,52.8,236.2,Never,Moderate,Active,Healthy,6.5,0
P102306,64,Male,0,0,0,0,0,0,0,30.7,130.0,82.0,77.7,187.9,40.1,125.3,59.1,Never,Moderate,Moderate,Healthy,6.7,0
P102307,67,Male,0,1,0,0,1,0,0,23.9,,88.0,77.4,204.3,42.5,131.1,40.6,Never,Rare,Sedentary,Balanced,9.1,1
P102308,54,Female,1,0,0,0,1,0,0,25.8,103.0,94.0,97.2,180.8,71.3,135.2,159.7,Current,Moderate,Moderate,Poor,6.0,0
P102309,47,Female,0,0,0,0,0,0,0,24.7,,82.0,81.9,148.3,41.2,99.4,125.2,Former,Rare,Active,Balanced,6.2,0
P102310,37,Female,1,0,0,0,0,0,0,32.4,113.0,86.0,78.4,168.1,39.7,119.4,266.1,Former,Moderate,Moderate,Poor,6.3,0
P102311,50,Female,0,0,0,0,0,0,0,18.7,112.0,,87.7,86.5,54.9,61.0,-13.4,Never,Heavy,Moderate,Balanced,7.7,0
P102312,41,Male,0,0,0,0,1,0,0,24.5,123.0,71.0,103.0,176.3,49.2,138.0,148.6,Never,Rare,Sedentary,Poor,8.1,0
P102313,38,Female,0,0,0,0,0,0,0,38.8,141.0,75.0,99.8,195.4,53.9,111.6,134.1,Never,Rare,Moderate,Healthy,7.2,0
P102314,57,Male,0,0,0,0,0,0,0,16.0,111.0,77.0,104.0,136.4,74.0,66.8,,Never,Rare,Active,Poor,7.7,0
P102315,68,Male,0,1,1,0,0,0,0,28.5,147.0,87.0,80.9,152.1,52.5,70.7,78.9,Never,Moderate,Moderate,Balanced,7.6,0
P102316,58,Male,0,0,0,0,0,0,0,32.0,117.0,83.0,96.5,151.3,45.9,88.6,216.1,Never,Heavy,Moderate,Healthy,6.8,0
P102317,68,Female,1,0,0,0,1,1,0,19.9,119.0,74.0,110.9,193.0,45.8,136.3,133.6,Former,Rare,Sedentary,Healthy,7.7,0
P102318,43,Male,0,0,0,0,0,0,0,22.2,121.0,72.0,96.4,165.7,57.4,103.5,146.3,Current,Moderate,Sedentary,Healthy,5.6,0
P102319,48,Female,0,0,0,0,0,0,0,22.4,90.0,91.0,100.6,190.4,80.2,126.0,85.3,Never,Moderate,Moderate,Healthy,6.7,0
P102320,78,Male,0,0,1,0,0,1,0,26.8,138.0,70.0,82.5,74.9,46.8,59.1,155.1,Never,Rare,Moderate,Healthy,7.0,0
P102321,42,Female,0,0,0,0,1,0,0,24.4,106.0,75.0,99.3,204.3,69.1,134.2,271.3,Never,Rare,Active,Poor,6.9,0
P102322,50,Female,0,0,0,0,0,0,0,17.8,82.0,86.0,92.6,132.3,41.6,110.0,,Current,Moderate,Moderate,Poor,5.7,0
P102323,52,Male,0,0,0,0,1,0,0,30.9,125.0,68.0,90.2,,63.6,159.6,208.2,Never,Rare,Moderate,Balanced,6.1,0
P102324,47,Female,0,0,0,0,0,0,0,27.1,128.0,75.0,107.6,176.6,,107.0,,Current,Rare,Moderate,Poor,6.8,0
P102325,57,Female,1,0,0,0,0,0,0,26.1,130.0,80.0,87.2,188.3,39.3,125.6,,Never,Rare,Sedentary,Poor,7.1,0
P102326,43,Female,0,0,0,0,0,0,0,24.4,127.0,78.0,115.4,165.9,58.8,121.8,188.6,Never,Moderate,Moderate,Poor,,0
P102327,46,Male,0,0,0,1,0,0,0,29.5,131.0,74.0,112.9,99.2,76.8,74.5,136.2,Never,Moderate,Sedentary,Balanced,6.2,0
P102328,55,Female,0,0,0,0,0,0,0,23.7,122.0,76.0,96.7,188.5,35.8,106.0,116.1,Never,Rare,Moderate,Balanced,8.3,0
P102329,56,Male,0,0,1,0,0,0,0,20.4,118.0,67.0,84.7,170.2,31.0,124.4,146.0,Never,Rare,Active,Healthy,,0
P102330,51,Female,0,0,0,0,0,0,0,20.6,117.0,76.0,88.4,165.9,62.4,109.0,160.1,Never,Rare,Active,Healthy,4.2,0
P102331,85,Female,1,0,0,0,1,0,0,,139.0,80.0,103.2,,75.4,104.4,119.9,Never,Rare,Sedentary,Balanced,8.4,0
P102332,38,Female,1,0,0,1,0,0,0,28.8,132.0,80.0,104.9,114.8,58.3,53.6,155.0,Never,Rare,Active,Healthy,6.8,0
P102333,65,Female,0,0,1,1,1,0,0,36.3,146.0,72.0,137.6,208.6,31.2,157.0,89.7,Never,Rare,Moderate,Balanced,8.7,0
P102334,65,Female,0,0,0,0,1,0,0,,129.0,80.0,92.7,210.4,36.7,162.3,99.3,Current,Rare,Moderate,Balanced,8.2,0
P102335,35,Male,0,0,0,0,1,0,0,16.6,109.0,82.0,86.8,166.0,34.7,142.2,-31.8,Never,Rare,Active,Balanced,6.3,0
P102336,42,Male,0,0,0,0,0,0,0,28.5,117.0,87.0,101.0,140.9,48.9,77.4,,Never,Rare,Active,Balanced,5.7,0
P102337,38,Male,0,0,0,0,0,0,0,26.0,100.0,81.0,78.8,194.8,38.8,100.4,129.7,Former,Rare,Sedentary,Poor,7.6,0
P102338,34,Female,0,0,0,0,0,0,0,29.0,123.0,76.0,91.2,114.3,44.5,72.8,107.5,Never,Rare,Moderate,Poor,6.4,0
P102339,28,Male,0,0,0,0,1,0,0,21.9,108.0,71.0,83.7,209.7,75.1,154.0,128.0,Never,Rare,Moderate,Healthy,7.3,0
P102340,35,Male,0,0,0,0,0,0,0,22.1,127.0,70.0,,189.5,62.9,125.0,160.8,Never,Heavy,Moderate,Healthy,7.5,0
P102341,33,Other,0,0,0,0,0,0,0,19.8,104.0,72.0,120.3,159.1,31.7,99.9,203.9,Never,Moderate,Moderate,Balanced,6.5,0
P102342,39,Male,0,0,0,0,0,0,0,23.5,119.0,64.0,74.3,,74.8,106.0,153.1,Never,Rare,Active,Balanced,6.9,0
P102343,51,Male,0,0,0,0,0,0,0,35.0,117.0,77.0,105.2,151.5,72.1,80.4,112.4,Current,Moderate,Active,Healthy,8.4,0
P102344,56,Male,0,0,0,0,0,0,0,31.2,125.0,91.0,95.6,168.3,60.6,125.7,75.0,Former,Rare,Moderate,Healthy,6.8,0
P102345,70,Female,0,1,0,0,1,0,0,19.5,155.0,96.0,86.2,219.5,63.2,124.7,162.5,Former,Moderate,Moderate,Healthy,6.5,0
P102346,18,Female,0,0,0,0,0,0,0,29.2,105.0,82.0,117.4,148.9,66.5,109.4,212.0,Never,Moderate,Moderate,Healthy,8.0,0
P102347,73,Male,0,0,0,0,0,0,0,24.0,134.0,79.0,101.4,163.9,47.9,127.8,126.5,Current,Rare,Moderate,Healthy,7.2,0
P102348,36,Female,1,0,0,0,0,0,0,27.6,125.0,68.0,81.2,111.4,31.3,66.5,132.1,Never,Rare,Sedentary,Balanced,7.2,0
P102349,51,Male,0,0,0,0,0,0,0,21.5,115.0,81.0,94.7,166.3,39.7,126.9,240.5,Never,Moderate,Active,Balanced,5.3,0
P102350,25,Female,0,0,0,0,0,0,0,27.2,115.0,86.0,81.5,123.0,52.6,80.7,145.2,Former,Rare,Moderate,Poor,7.1,0
P102351,49,Female,0,0,0,1,0,0,0,25.0,101.0,73.0,179.0,194.9,68.7,128.2,124.5,Never,Moderate,Moderate,Healthy,8.9,0
P102352,61,Female,0,0,0,0,1,0,0,28.2,132.0,70.0,94.8,165.5,48.9,142.3,110.8,Former,Rare,Sedentary,Poor,7.6,0
P102353,32,Male,0,0,0,0,0,0,0,15.8,102.0,81.0,78.3,141.7,54.1,98.8,124.6,Never,Rare,Moderate,Balanced,6.5,0
P102354,47,Female,1,0,0,0,0,0,0,30.7,126.0,72.0,121.1,163.2,46.8,96.5,153.9,Former,Rare,Active,Balanced,9.8,0
P102355,43,Male,0,0,0,0,0,0,0,28.5,130.0,89.0,,178.6,50.0,110.7,179.6,Never,Rare,Moderate,Healthy,6.4,0
P102356,45,Male,0,0,0,0,1,0,0,22.7,114.0,91.0,96.0,213.9,60.1,142.9,135.7,Never,Moderate,Active,Poor,8.1,0
P102357,43,Male,0,0,0,0,0,0,0,26.7,122.0,83.0,95.2,158.5,57.6,105.4,119.8,Current,Rare,Active,Balanced,6.4,0
P102358,46,Female,0,0,0,0,1,0,0,25.8,134.0,86.0,,201.7,37.8,126.6,110.3,Never,Rare,Active,Poor,6.3,0
P102359,38,Male,0,0,0,0,0,0,0,22.3,113.0,83.0,89.2,156.0,57.0,116.1,158.0,Current,Rare,Moderate,Poor,8.0,0
P102360,57,Male,0,0,0,0,0,0,0,30.6,137.0,81.0,80.2,155.6,53.3,105.6,194.0,Never,Moderate,Active,Balanced,7.2,0
P102361,39,Female,0,0,0,0,0,0,0,23.5,109.0,72.0,131.5,115.9,,80.4,94.1,Never,Moderate,Active,Poor,6.8,0
P102362,48,Male,0,0,0,0,0,0,0,20.7,105.0,77.0,89.3,96.0,44.6,56.8,62.5,Never,Rare,Moderate,Balanced,6.5,0
P102363,73,Male,0,0,0,1,0,0,0,28.8,146.0,75.0,108.5,161.3,48.3,107.3,119.3,Current,Rare,Sedentary,Healthy,7.1,1
P102364,54,Female,0,0,0,0,0,0,0,28.8,118.0,,102.0,177.0,38.9,108.7,118.3,Former,Moderate,Sedentary,Poor,7.4,0
P102365,47,Female,0,0,0,0,0,0,0,24.3,110.0,67.0,99.3,143.7,47.0,105.6,191.6,Never,Rare,Moderate,Balanced,6.4,0
P102366,80,Male,0,0,0,1,0,0,0,29.8,152.0,77.0,72.0,167.9,48.2,112.4,36.9,Never,Moderate,Moderate,Healthy,5.9,0
P102367,63,Male,1,0,0,0,0,0,0,23.2,108.0,72.0,100.4,156.8,56.7,85.8,,Current,Moderate,Moderate,Poor,7.6,0
P102368,88,Male,0,1,0,0,0,0,1,24.7,159.0,78.0,99.8,153.3,47.6,92.5,99.4,Never,Rare,Sedentary,Healthy,6.2,0
P102369,51,Female,1,0,0,0,1,0,0,25.1,101.0,66.0,72.5,,56.1,,158.4,Never,Rare,Sedentary,Balanced,8.0,0
P102370,56,Male,0,0,0,1,0,0,0,35.2,119.0,83.0,163.6,143.9,60.5,103.8,232.5,Never,Rare,Active,Poor,6.3,0
P102371,51,Female,0,1,0,0,0,0,0,28.8,146.0,83.0,120.1,150.8,61.8,98.5,45.6,Never,Rare,Moderate,Balanced,6.2,0
P102372,61,Male,1,0,0,0,0,0,0,28.3,143.0,81.0,92.0,143.6,51.6,100.4,110.4,Never,Rare,Active,Poor,7.5,0
P102373,34,Male,0,0,0,1,0,0,0,15.4,114.0,76.0,132.8,182.0,73.0,128.8,121.2,Never,Rare,Active,Healthy,6.8,0
P102374,56,Male,0,0,0,0,0,0,0,26.5,,86.0,86.6,98.6,21.4,67.2,79.3,Never,Rare,Sedentary,Healthy,8.4,0
P102375,18,Female,0,0,0,0,0,0,0,18.2,99.0,82.0,110.6,144.5,65.7,105.8,31.3,Current,Rare,Active,Balanced,6.7,0
P102376,76,Female,0,0,0,0,0,0,0,21.3,147.0,89.0,97.8,187.3,52.2,123.8,-23.0,Never,Rare,Sedentary,Healthy,8.3,0
P102377,56,Male,0,0,0,0,0,0,0,28.6,123.0,94.0,82.5,151.2,41.0,,130.3,Never,Rare,Sedentary,Poor,7.1,0
P102378,38,Male,0,0,0,0,0,0,0,28.5,116.0,,120.4,151.3,57.1,75.0,119.5,Never,Rare,Moderate,Balanced,6.1,0
P102379,65,Female,0,0,0,0,1,0,0,20.8,124.0,69.0,95.3,196.6,52.4,130.7,,Current,Moderate,Active,Balanced,6.8,1
P102380,29,Male,0,0,0,0,0,0,0,23.4,105.0,92.0,103.2,104.2,42.2,86.8,154.5,Never,Rare,Sedentary,Balanced,8.2,0
P102381,18,Male,0,0,0,0,1,0,0,26.0,102.0,85.0,112.0,166.9,47.4,149.5,57.7,Current,Rare,Moderate,Balanced,7.4,0
P102382,36,Male,0,0,0,0,0,0,0,24.5,112.0,72.0,91.8,182.6,50.5,128.3,247.5,Current,Rare,Moderate,Balanced,5.6,0
P102383,53,Female,0,0,0,0,1,0,0,21.2,120.0,75.0,123.1,230.3,46.7,152.3,221.1,Never,Rare,Active,Poor,5.9,0
P102384,35,Male,0,0,0,0,0,0,0,21.7,107.0,78.0,94.7,166.0,43.0,109.9,65.2,Never,Rare,Moderate,Balanced,6.5,0
P102385,90,Male,1,0,0,0,0,0,0,16.6,154.0,76.0,,92.6,60.3,71.1,140.7,Never,Rare,Sedentary,Healthy,7.7,0
P102386,48,Male,0,0,0,0,1,0,0,25.6,131.0,81.0,75.6,204.4,37.5,124.6,121.4,Never,Rare,Active,Balanced,,0
P102387,61,Female,0,0,0,0,0,0,0,26.7,121.0,87.0,105.8,145.7,59.4,110.2,215.5,Never,Rare,Moderate,Poor,7.1,0
P102388,58,Female,0,1,0,1,0,0,0,31.2,153.0,82.0,,124.3,44.3,67.0,126.2,Former,Rare,Active,Balanced,7.1,1
P102389,49,Female,0,0,0,0,1,0,0,14.0,113.0,80.0,97.7,218.0,53.6,145.7,221.5,Former,Rare,Moderate,Balanced,7.3,0
P102390,75,Female,0,0,0,0,0,0,0,14.9,128.0,69.0,76.7,175.1,41.6,96.7,165.1,Never,Rare,Moderate,Balanced,5.8,1
P102391,83,Male,0,0,1,0,0,1,0,27.1,144.0,66.0,98.1,126.4,56.3,61.1,100.3,Never,Rare,Moderate,Healthy,7.7,0
P102392,56,Male,0,0,0,0,1,0,0,23.6,118.0,84.0,98.4,225.5,36.9,155.1,113.3,Never,Rare,Moderate,Balanced,6.7,0
P102393,61,Male,0,0,0,0,1,0,0,27.3,140.0,73.0,99.7,207.7,55.4,151.5,40.1,Never,Moderate,Sedentary,Poor,6.4,0
P102394,75,Female,0,0,0,0,0,0,0,24.4,126.0,,,120.6,49.3,,160.7,Former,Rare,Moderate,Poor,9.2,0
P102395,50,Female,0,0,0,1,0,0,0,30.8,97.0,77.0,167.6,174.2,38.2,104.7,266.6,Never,Rare,Moderate,Poor,7.1,0
P102396,51,Female,0,0,0,0,0,0,0,23.0,116.0,82.0,75.5,146.0,41.7,104.1,96.0,Never,Rare,Sedentary,Balanced,6.1,0
P102397,43,Female,0,0,0,0,1,0,0,39.8,134.0,72.0,108.3,,37.2,150.2,101.9,Never,Rare,Moderate,Healthy,8.1,0
P102398,84,Female,0,0,1,0,0,0,0,24.8,127.0,84.0,96.7,150.4,32.6,88.7,242.5,Never,Moderate,Moderate,Balanced,5.7,0
P102399,64,Female,0,0,0,1,0,0,1,25.9,119.0,89.0,159.9,115.4,35.8,100.4,126.9,Never,Rare,Sedentary,Balanced,7.4,0
P102400,63,Female,0,0,0,0,1,0,0,16.0,116.0,73.0,114.3,190.3,57.5,137.2,270.4,Never,Rare,Moderate,Balanced,7.3,0
P102401,75,Female,0,0,0,0,0,0,0,20.3,127.0,70.0,95.6,116.4,48.8,75.7,145.6,Never,Moderate,Moderate,Balanced,8.1,0
P102402,60,Male,1,1,0,0,1,0,0,25.2,129.0,70.0,114.7,200.7,40.2,,88.3,Never,Rare,Moderate,Balanced,7.2,0
P102403,68,Male,0,0,0,0,1,0,0,,129.0,86.0,94.6,189.4,35.3,138.2,177.1,Never,Rare,Active,Poor,8.6,0
P102404,44,Male,1,0,0,0,1,0,0,34.3,122.0,96.0,,215.9,40.5,166.4,110.1,Never,Heavy,Sedentary,Poor,8.4,0
P102405,61,Male,0,0,0,0,1,0,0,27.6,110.0,,,179.9,41.7,134.1,153.5,Never,Moderate,Moderate,Balanced,7.0,0
P102406,27,Female,0,0,0,0,0,0,0,30.5,108.0,67.0,91.3,110.7,42.6,85.4,40.9,Never,Rare,Sedentary,Balanced,6.5,0
P102407,51,Female,0,0,0,0,0,0,0,33.8,136.0,68.0,106.4,149.1,45.5,70.3,220.9,Never,Rare,Active,Poor,8.2,0
P102408,23,Female,0,0,0,0,1,0,0,23.5,104.0,63.0,84.9,242.4,66.5,165.3,185.4,Current,Moderate,Moderate,Poor,6.5,0
P102409,58,Female,0,0,0,1,0,0,0,30.7,135.0,76.0,201.1,189.5,,124.5,79.6,Current,Rare,Sedentary,Balanced,6.8,1
P102410,62,Male,0,0,0,0,0,0,0,29.1,118.0,82.0,,167.5,58.0,102.6,127.3,Never,Rare,Sedentary,Poor,6.5,0
P102411,72,Male,0,0,0,0,0,1,0,20.3,126.0,73.0,100.9,166.5,49.8,120.2,211.5,Never,Rare,Moderate,Balanced,9.1,0
P102412,31,Female,0,0,0,0,1,0,0,27.4,104.0,89.0,,170.7,51.9,139.8,125.4,Former,Rare,Moderate,Healthy,6.2,0
P102413,49,Female,0,0,0,0,1,0,0,24.9,131.0,79.0,84.4,,61.4,162.6,69.0,Never,Rare,Moderate,Balanced,6.9,0
P102414,42,Male,0,0,0,0,1,0,0,29.1,122.0,73.0,112.8,193.7,43.3,146.5,153.9,Never,Rare,Moderate,Balanced,7.1,0
P102415,59,Female,0,0,0,0,1,0,0,24.8,125.0,98.0,105.1,211.2,54.1,156.3,-1.8,Never,Rare,Active,Healthy,8.1,0
P102416,50,Female,0,0,0,0,0,0,0,27.0,111.0,79.0,125.4,155.2,50.2,118.9,219.4,Never,Rare,Moderate,Balanced,6.6,0
P102417,29,Male,0,0,0,0,1,0,0,22.1,91.0,91.0,101.1,209.8,48.0,147.0,82.5,Current,Moderate,Sedentary,Poor,8.0,0
P102418,59,Male,0,0,0,0,1,0,0,,,78.0,82.3,208.7,50.8,100.3,277.5,Former,Moderate,Active,Poor,6.1,0
P102419,70,Female,0,1,1,0,0,0,0,19.3,128.0,92.0,88.9,171.7,,79.9,198.5,Never,Moderate,Active,Balanced,5.3,0
P102420,87,Female,0,0,0,0,1,0,0,26.5,144.0,79.0,,257.8,45.2,210.2,161.9,Never,Rare,Sedentary,Balanced,5.7,0
P102421,70,Male,0,1,0,0,0,0,0,23.7,143.0,90.0,82.6,144.1,37.6,89.3,196.5,Never,Rare,Moderate,Poor,7.1,0
P102422,70,Female,0,0,0,0,0,0,0,21.2,120.0,73.0,,184.7,43.9,120.2,119.4,Never,Rare,Moderate,Balanced,5.6,0
P102423,65,Male,0,0,0,0,0,0,0,33.4,135.0,74.0,100.4,182.9,47.4,118.3,219.4,Never,Moderate,Moderate,Balanced,6.8,0
P102424,48,Male,0,0,0,0,1,0,0,22.3,113.0,61.0,98.3,201.8,44.3,139.2,211.0,Never,Moderate,Active,Balanced,7.6,0
P102425,75,Female,1,0,0,0,0,0,0,21.1,131.0,80.0,91.5,167.4,45.2,91.1,189.8,Never,Moderate,Active,Healthy,7.4,0
P102426,36,Female,0,0,0,0,0,0,0,30.0,123.0,79.0,95.7,163.7,,110.5,,Never,Rare,Sedentary,Balanced,7.5,0
P102427,69,Female,1,0,0,0,1,0,0,35.4,138.0,70.0,101.1,215.9,57.2,143.2,175.4,Never,Moderate,Moderate,Healthy,7.0,0
P102428,51,Male,0,0,0,0,1,0,0,25.6,137.0,92.0,91.1,211.0,39.8,116.8,121.0,Current,Rare,Moderate,Poor,7.2,0
P102429,73,Male,0,0,0,0,0,1,0,23.5,138.0,83.0,99.6,189.9,66.4,127.7,73.2,Never,Rare,Active,Balanced,8.2,0
P102430,55,Female,0,0,0,0,0,0,0,28.0,121.0,83.0,105.7,152.3,52.7,83.1,175.5,Never,Rare,Moderate,Balanced,6.8,0
P102431,48,Female,0,0,0,0,0,0,0,30.6,134.0,75.0,106.7,175.0,56.1,121.6,47.5,Never,Rare,Sedentary,Balanced,6.4,0
P102432,45,Male,0,0,0,0,1,0,0,21.7,107.0,86.0,104.9,204.5,49.3,117.9,42.4,Former,Heavy,Moderate,Healthy,9.4,0
P102433,28,Female,0,0,0,0,1,0,0,26.4,113.0,86.0,102.6,163.9,53.6,149.6,34.0,Never,Rare,Active,Healthy,6.6,0
P102434,48,Male,0,0,0,0,1,0,0,24.6,123.0,89.0,,193.6,56.5,138.9,165.6,Never,Rare,Moderate,Poor,6.4,0
P102435,50,Male,0,1,0,0,0,0,0,30.8,137.0,73.0,80.6,152.0,27.2,91.0,162.2,Never,Rare,Sedentary,Poor,5.8,0
P102436,54,Female,1,0,1,0,1,0,0,31.4,126.0,80.0,105.3,246.8,,150.7,107.1,Never,Rare,Sedentary,Poor,5.8,0
P102437,41,Male,0,0,0,0,1,0,0,21.9,127.0,83.0,95.7,236.2,51.5,148.4,184.1,Current,Moderate,Active,Balanced,7.3,0
P102438,40,Female,1,0,0,0,0,0,0,27.0,114.0,72.0,111.3,124.0,50.4,76.8,56.6,Never,Moderate,Active,Healthy,7.5,0
P102439,59,Male,0,0,0,1,0,0,0,20.7,97.0,,120.8,163.6,50.4,105.7,185.3,Never,Rare,Active,Balanced,8.7,0
P102440,43,Female,1,0,0,0,0,0,0,26.4,125.0,87.0,98.3,133.8,,79.1,189.0,Current,Rare,Moderate,Healthy,7.4,0
P102441,58,Male,0,0,0,0,0,0,0,18.9,100.0,89.0,99.0,157.7,42.2,118.2,205.1,Former,Moderate,Active,Poor,3.6,0
P102442,61,Female,0,0,0,0,1,0,0,21.7,123.0,70.0,69.9,213.7,52.6,151.3,116.3,Current,Moderate,Sedentary,Poor,6.9,0
P102443,59,Male,1,0,0,0,0,0,0,23.4,129.0,87.0,86.5,157.1,48.5,87.8,72.7,Never,Rare,Sedentary,Balanced,6.7,0
P102444,59,Male,1,1,0,0,0,0,0,34.6,138.0,86.0,114.4,192.8,57.2,85.3,27.4,Never,Heavy,Moderate,Poor,6.6,1
P102445,57,Female,0,0,0,0,0,0,0,14.0,119.0,86.0,108.0,186.2,56.1,112.5,127.6,Never,Rare,Active,Balanced,6.8,0
P102446,33,Male,0,0,0,0,1,0,0,22.6,105.0,77.0,113.4,205.5,56.9,145.9,179.8,Never,Rare,Active,Healthy,5.1,0
P102447,57,Female,0,0,0,0,1,0,0,30.9,128.0,78.0,106.7,200.5,46.8,139.2,109.6,Never,Moderate,Sedentary,Healthy,4.9,0
P102448,42,Female,0,0,0,0,1,0,0,14.0,113.0,81.0,80.3,255.1,35.7,172.6,71.3,Never,Rare,Moderate,Healthy,7.4,0
P102449,63,Female,0,0,0,0,0,0,0,26.4,121.0,81.0,97.2,183.3,46.1,93.3,118.8,Never,Moderate,Active,Balanced,7.8,0
P102450,33,Male,0,0,0,0,1,0,0,24.8,93.0,76.0,105.5,,40.6,184.4,182.7,Never,Rare,Sedentary,Poor,8.4,0
P102451,47,Male,0,0,0,0,0,0,0,21.2,114.0,80.0,103.1,178.3,46.0,128.9,75.1,Current,Rare,Moderate,Poor,7.8,0
P102452,64,Female,0,0,0,0,0,0,0,,135.0,74.0,101.6,160.0,66.7,114.9,228.8,Never,Rare,Moderate,Balanced,6.8,0
P102453,49,Female,0,0,0,0,0,0,0,,121.0,79.0,103.2,191.5,,118.4,155.8,Never,Moderate,Active,Healthy,8.6,0
P102454,85,Male,0,0,0,0,0,0,0,21.6,131.0,76.0,98.4,135.4,56.9,70.0,179.2,Never,Rare,Active,Balanced,9.0,0
P102455,59,Female,0,1,0,0,1,0,0,27.0,132.0,84.0,111.2,226.4,54.4,154.2,35.7,Never,Rare,Moderate,Poor,5.5,0
P102456,62,Male,0,0,1,0,0,0,0,31.5,130.0,78.0,103.5,173.6,51.4,112.3,122.2,Never,Rare,Moderate,Poor,7.7,0
P102457,31,Male,0,0,0,1,1,0,0,30.6,117.0,82.0,205.4,213.5,43.3,119.7,152.9,Former,Rare,Active,Poor,6.1,0
P102458,39,Male,1,0,0,0,1,0,0,32.9,117.0,,96.3,181.9,39.2,,173.6,Never,Rare,Sedentary,Healthy,6.0,0
P102459,72,Female,1,1,1,0,1,0,0,26.1,136.0,94.0,109.7,203.2,39.4,130.9,150.4,Never,Rare,Active,Healthy,8.3,0
P102460,62,Male,0,1,0,0,1,0,0,28.3,146.0,92.0,97.6,200.8,31.7,137.5,131.3,Never,Rare,Sedentary,Balanced,7.0,0
P102461,40,Female,0,0,0,0,0,0,0,18.9,102.0,73.0,89.6,164.0,49.6,83.0,76.3,Never,Moderate,Moderate,Balanced,,0
P102462,47,Female,0,0,0,0,1,0,0,23.9,100.0,89.0,88.7,187.9,47.9,156.1,192.2,Never,Rare,Moderate,Poor,4.8,0
P102463,65,Female,0,0,0,1,0,0,0,25.0,131.0,73.0,194.0,173.1,38.7,123.2,100.1,Former,Rare,Moderate,Poor,7.1,0
P102464,38,Female,0,0,0,0,0,0,0,30.2,122.0,75.0,101.1,137.1,57.7,82.0,152.7,Never,Moderate,Moderate,Balanced,6.6,0
P102465,55,Female,0,0,0,0,0,0,0,24.9,,80.0,87.3,180.7,56.3,105.8,148.0,Current,Moderate,Moderate,Balanced,6.7,0
P102466,50,Female,0,0,0,0,0,0,0,24.8,125.0,75.0,,,,69.9,183.6,Never,Moderate,Moderate,Balanced,6.6,0
P102467,64,Male,0,0,0,0,1,0,0,24.6,136.0,70.0,98.0,188.4,45.5,143.9,184.9,Never,Moderate,Moderate,Healthy,8.1,0
P102468,52,Female,0,0,0,0,0,0,0,37.8,119.0,89.0,91.6,152.4,40.2,81.6,167.7,Never,Moderate,Active,Balanced,9.2,0
P102469,42,Female,0,0,0,1,0,0,0,34.6,138.0,88.0,121.3,179.4,54.4,128.1,101.5,Never,Heavy,Moderate,Balanced,5.4,0
P102470,50,Female,0,0,0,0,0,0,0,30.7,119.0,78.0,98.5,107.2,52.5,67.9,132.3,Former,Rare,Sedentary,Poor,7.5,0
P102471,18,Female,0,0,0,0,0,0,0,19.5,98.0,80.0,101.4,125.7,42.4,87.3,107.8,Current,Rare,Sedentary,Balanced,6.7,0
P102472,66,Female,0,0,0,0,1,0,0,,138.0,84.0,101.0,252.0,66.0,171.7,105.6,Never,Rare,Active,Poor,5.2,0
P102473,90,Male,0,0,0,0,0,1,0,26.5,150.0,72.0,88.5,143.5,39.6,117.4,212.2,Current,Moderate,Sedentary,Balanced,8.4,0
P102474,48,Male,0,0,0,0,1,0,0,,113.0,68.0,79.5,202.6,52.1,,320.1,Never,Moderate,Moderate,Poor,7.0,0
P102475,18,Female,0,0,0,0,1,0,0,29.9,125.0,73.0,109.9,213.0,64.8,135.8,161.5,Never,Rare,Moderate,Balanced,5.7,0
P102476,59,Male,1,1,0,0,0,1,0,22.0,123.0,96.0,92.8,148.1,51.9,107.2,97.6,Former,Rare,Sedentary,Balanced,6.1,1
P102477,47,Female,0,0,0,0,1,0,0,23.0,124.0,72.0,98.0,206.9,51.3,149.1,146.9,Never,Rare,Moderate,Healthy,8.4,0
P102478,31,Female,0,0,0,0,1,0,0,,129.0,,88.9,207.4,50.1,112.1,95.5,Never,Rare,Sedentary,Poor,7.0,0
P102479,67,Female,0,0,0,0,1,0,0,30.8,135.0,74.0,79.8,225.9,45.7,139.2,173.1,Never,Rare,Active,Balanced,7.2,0
P102480,37,Female,0,0,0,0,0,0,0,26.8,133.0,85.0,91.0,177.6,66.2,102.6,69.5,Former,Rare,Sedentary,Poor,6.8,0
P102481,68,Male,0,0,0,0,0,0,1,25.1,124.0,73.0,67.0,145.1,41.6,96.4,91.7,Never,Moderate,Active,Healthy,6.7,0
P102482,19,Male,0,0,0,0,1,0,0,26.4,108.0,84.0,90.2,212.4,48.9,136.4,131.8,Never,Moderate,Active,Poor,7.6,0
P102483,27,Female,0,0,0,0,0,0,0,24.1,113.0,78.0,84.8,125.0,27.3,63.2,153.8,Never,Rare,Moderate,Balanced,7.9,0
P102484,46,Female,1,0,0,0,1,0,0,29.1,137.0,72.0,87.4,211.0,59.0,131.2,117.5,Current,Rare,Moderate,Balanced,6.8,0
P102485,41,Female,0,1,0,1,1,0,0,31.5,130.0,99.0,160.9,252.9,53.9,174.8,141.9,Never,Moderate,Moderate,Balanced,8.0,0
P102486,75,Female,0,1,1,0,1,1,1,32.5,151.0,79.0,110.3,201.4,54.6,143.6,154.2,Former,Rare,Active,Healthy,6.7,0
P102487,71,Female,0,0,0,1,0,0,0,31.8,142.0,82.0,160.5,137.5,57.1,77.6,100.4,Never,Rare,Moderate,Poor,6.5,0
P102488,77,Other,0,0,1,0,0,0,0,31.6,121.0,84.0,89.3,114.2,55.9,17.7,73.4,Current,Rare,Moderate,Poor,6.5,0
P102489,63,Female,0,0,0,0,1,0,0,23.5,114.0,80.0,89.4,228.5,47.4,141.9,120.5,Never,Rare,Active,Poor,8.5,0
P102490,66,Male,1,1,0,0,0,0,0,27.6,145.0,74.0,94.5,152.7,59.6,97.4,8.9,Former,Moderate,Active,Balanced,7.3,0
P102491,61,Male,0,1,0,0,1,0,0,25.7,157.0,86.0,109.8,177.2,67.0,145.3,40.2,Never,Rare,Moderate,Healthy,6.3,0
P102492,55,Female,0,0,0,0,0,0,0,24.5,141.0,87.0,79.9,196.7,33.7,104.5,128.6,Current,Rare,Sedentary,Balanced,6.1,0
P102493,42,Male,0,0,0,0,0,0,0,36.4,119.0,82.0,74.7,173.4,52.4,93.4,217.0,Never,Rare,Moderate,Healthy,7.0,0
P102494,58,Female,0,0,0,0,0,0,0,29.3,124.0,82.0,96.5,137.0,61.3,,57.5,Never,Moderate,Sedentary,Poor,7.1,0
P102495,47,Male,0,0,0,0,0,0,0,24.9,109.0,71.0,,137.9,60.9,,49.2,Never,Rare,Sedentary,Balanced,7.3,0
P102496,40,Male,0,0,0,0,0,0,0,27.8,127.0,75.0,99.6,180.1,52.7,125.9,200.5,Never,Rare,Sedentary,Healthy,8.2,0
P102497,43,Female,0,0,0,0,0,0,0,22.8,124.0,74.0,100.6,199.5,25.1,122.8,152.1,Current,Moderate,Moderate,Balanced,8.5,0
P102498,74,Male,0,0,0,0,0,0,0,19.2,109.0,73.0,81.3,174.2,50.5,76.7,199.8,Never,Rare,Moderate,Balanced,7.7,0
P102499,66,Male,1,0,0,0,0,0,0,25.8,115.0,77.0,88.1,119.7,47.1,83.1,93.9,Never,Rare,Moderate,Balanced,5.2,0
P102500,38,Female,0,1,0,1,1,0,0,32.8,134.0,100.0,175.1,202.8,57.3,131.6,147.4,Never,Rare,Active,Healthy,6.4,0
P102501,79,Other,0,0,1,0,0,0,1,25.8,138.0,79.0,87.6,178.2,47.2,114.7,174.5,Former,Heavy,Sedentary,Balanced,5.6,0
P102502,49,Male,0,1,0,0,1,0,0,27.8,151.0,93.0,74.7,242.3,37.2,158.6,,Current,Rare,Moderate,Healthy,7.0,0
P102503,39,Male,0,0,0,0,1,0,0,26.8,128.0,65.0,94.0,229.9,66.9,151.0,192.1,Never,Moderate,Active,Healthy,8.2,0
P102504,37,Female,0,0,0,0,0,0,0,23.0,103.0,84.0,88.1,152.9,55.2,92.9,170.6,Never,Rare,Sedentary,Healthy,6.6,0
P102505,63,Female,0,0,0,0,0,0,0,20.5,133.0,69.0,84.8,192.2,,124.1,129.8,Former,Heavy,Moderate,Balanced,9.1,0
P102506,40,Female,0,0,0,0,0,0,0,25.2,125.0,70.0,95.8,176.8,43.5,121.0,121.3,Never,Rare,Moderate,Balanced,6.7,0
P102507,58,Female,0,0,0,0,0,0,0,27.5,121.0,86.0,87.2,125.1,31.5,76.4,22.1,Never,Rare,Moderate,Healthy,5.4,0
P102508,55,Male,0,0,0,0,0,0,0,33.4,123.0,74.0,105.0,169.0,58.7,125.5,154.2,Never,Moderate,Moderate,Balanced,7.8,0
P102509,84,Female,0,0,1,0,1,0,0,21.3,138.0,85.0,106.2,236.7,29.4,147.2,166.8,Never,Moderate,Sedentary,Balanced,7.2,1
P102510,57,Female,0,0,0,1,0,0,0,37.3,137.0,77.0,131.2,136.4,51.9,96.5,136.6,Current,Rare,Moderate,Healthy,7.1,0
P102511,35,Female,0,0,0,0,0,0,0,23.8,116.0,68.0,100.5,171.0,55.9,128.5,112.8,Former,Rare,Sedentary,Healthy,6.2,0
P102512,81,Male,0,0,0,0,0,1,1,17.1,143.0,75.0,99.8,182.2,27.0,117.4,211.6,Never,Moderate,Moderate,Healthy,7.5,0
P102513,66,Male,0,1,0,1,1,0,1,29.9,147.0,82.0,177.3,195.0,48.2,148.6,121.2,Former,Rare,Moderate,Poor,7.6,0
P102514,38,Male,0,0,0,0,0,0,0,15.9,94.0,82.0,100.7,,64.1,88.0,175.8,Never,Rare,Moderate,Poor,6.7,0
P102515,38,Female,0,0,0,0,0,0,0,17.7,95.0,80.0,80.7,186.1,36.2,127.4,169.0,Never,Moderate,Sedentary,Healthy,4.9,0
P102516,43,Female,0,0,0,0,1,0,0,30.7,150.0,88.0,115.4,193.2,,143.6,127.1,Current,Moderate,Moderate,Balanced,6.8,0
P102517,41,Female,0,0,0,0,1,0,0,28.9,125.0,74.0,91.4,187.4,56.6,135.3,98.4,Never,Rare,Active,Balanced,7.7,0
P102518,78,Male,0,0,0,0,1,0,0,22.9,135.0,80.0,121.5,185.7,48.4,146.9,160.5,Former,Rare,Sedentary,Balanced,7.7,0
P102519,41,Male,0,0,0,0,0,0,0,23.6,108.0,80.0,121.8,115.7,42.8,79.3,205.7,Current,Rare,Moderate,Balanced,6.3,0
P102520,69,Female,0,0,0,0,0,0,1,18.2,119.0,68.0,103.4,185.5,49.9,122.3,148.7,Never,Heavy,Moderate,Balanced,7.6,0
P102521,43,Male,0,0,0,1,1,0,0,36.6,119.0,80.0,153.1,210.3,31.9,156.3,106.0,Never,Rare,Sedentary,Healthy,7.5,0
P102522,82,Male,0,0,0,0,0,0,0,19.2,103.0,82.0,98.9,139.4,38.4,82.7,148.3,Current,Rare,Sedentary,Balanced,5.0,0
P102523,42,Female,0,0,0,0,0,0,0,29.4,118.0,81.0,88.2,174.3,44.7,110.1,97.6,Never,Rare,Moderate,Healthy,6.8,0
P102524,37,Female,0,0,0,0,0,0,0,23.1,117.0,74.0,89.7,168.7,49.1,112.9,149.9,Never,Rare,Moderate,Poor,8.0,0
P102525,51,Female,1,0,0,0,0,0,0,29.0,123.0,81.0,134.2,184.0,69.1,100.4,14.0,Never,Rare,Moderate,Poor,5.5,0
P102526,31,Female,0,0,0,0,0,0,0,23.1,117.0,86.0,110.1,176.7,60.6,95.3,204.5,Never,Moderate,Active,Poor,3.8,0
P102527,45,Female,0,0,0,0,1,0,0,21.9,111.0,78.0,,226.0,38.0,115.5,153.1,Never,Moderate,Moderate,Healthy,8.3,0
P102528,29,Male,0,0,0,0,1,0,0,20.7,116.0,78.0,95.1,,42.3,167.2,91.0,Former,Moderate,Moderate,Balanced,6.6,0
P102529,77,Male,0,1,0,0,0,0,1,28.4,143.0,82.0,94.6,164.4,53.8,103.5,113.2,Never,Rare,Sedentary,Balanced,7.1,0
P102530,54,Female,0,0,0,0,0,0,0,25.0,104.0,83.0,116.3,156.8,67.6,90.2,235.2,Former,Rare,Moderate,Healthy,6.5,0
P102531,53,Female,0,0,0,0,0,0,0,34.3,146.0,78.0,96.9,156.7,60.3,91.6,115.3,Never,Moderate,Moderate,Poor,7.5,0
P102532,45,Male,0,0,0,0,0,0,0,18.8,113.0,66.0,88.7,161.1,,92.5,223.3,Never,Moderate,Moderate,Balanced,,0
P102533,59,Female,0,1,0,0,0,0,0,23.8,149.0,84.0,,191.1,47.5,103.2,86.7,Former,Rare,Moderate,Balanced,6.4,0
P102534,40,Female,0,0,0,0,0,0,0,20.4,111.0,68.0,74.5,190.3,40.8,109.4,198.2,Never,Rare,Sedentary,Poor,8.0,0
P102535,81,Male,1,0,0,0,0,0,0,26.3,147.0,84.0,88.3,185.8,60.4,126.9,51.4,Former,Rare,Moderate,Balanced,6.7,0
P102536,41,Male,0,0,0,0,0,0,0,16.8,135.0,64.0,88.0,184.4,41.9,121.8,75.6,Never,Rare,Active,Poor,6.6,0
P102537,38,Male,0,0,0,0,0,0,0,22.4,115.0,73.0,103.0,193.9,,114.1,168.7,Never,Rare,Active,Balanced,7.9,0
P102538,31,Other,0,0,0,0,0,0,0,16.4,108.0,76.0,102.8,122.9,41.6,64.0,197.3,Never,Rare,Active,Balanced,7.5,0
P102539,62,Female,0,0,0,0,0,0,0,20.4,134.0,92.0,101.9,54.0,58.8,43.4,147.7,Never,Rare,Moderate,Balanced,7.3,0
P102540,47,Male,0,0,0,0,0,0,0,25.0,118.0,74.0,95.0,177.2,54.6,117.9,,Never,Heavy,Moderate,Poor,7.3,0
P102541,58,Female,0,0,0,0,0,0,0,22.9,137.0,78.0,109.4,156.1,28.6,98.4,178.2,Never,Rare,Moderate,Poor,7.3,0
P102542,44,Female,0,0,0,0,1,0,0,30.0,120.0,72.0,88.3,222.9,48.7,158.1,,Never,Heavy,Active,Balanced,10.4,0
P102543,71,Female,0,1,1,1,1,0,1,34.4,164.0,70.0,169.1,215.5,53.9,130.8,137.5,Current,Rare,Sedentary,Poor,6.4,0
P102544,41,Male,0,0,0,0,1,0,0,31.8,105.0,86.0,77.0,208.5,53.0,149.2,99.4,Former,Moderate,Moderate,Poor,7.6,0
P102545,54,Female,0,0,0,1,0,0,0,30.2,131.0,82.0,181.2,147.4,38.2,101.4,93.7,Never,Rare,Moderate,Healthy,7.1,0
P102546,50,Female,0,0,0,0,0,0,0,21.8,143.0,88.0,91.9,186.1,,119.9,190.2,Never,Moderate,Moderate,Poor,5.2,0
P102547,67,Female,0,0,0,0,0,0,0,31.8,137.0,80.0,106.3,142.1,40.0,100.8,256.0,Former,Moderate,Moderate,Balanced,7.2,0
P102548,52,Female,0,0,0,0,0,0,0,19.6,107.0,74.0,87.7,171.1,43.7,99.9,-4.6,Never,Rare,Active,Healthy,6.7,0
P102549,67,Male,0,0,0,0,0,0,0,29.3,125.0,74.0,107.1,116.1,51.0,62.5,162.5,Never,Moderate,Moderate,Poor,7.6,0
P102550,35,Female,0,0,0,0,0,0,0,27.8,115.0,80.0,79.8,165.3,53.2,102.9,181.0,Current,Heavy,Active,Healthy,7.3,0
P102551,22,Female,0,0,0,0,1,0,0,26.0,120.0,79.0,110.3,208.2,62.4,171.5,96.2,Never,Moderate,Active,Balanced,7.4,0
P102552,58,Female,0,0,0,0,0,0,0,24.7,141.0,79.0,97.5,189.5,45.9,122.5,148.8,Never,Rare,Moderate,Balanced,7.2,0
P102553,38,Male,1,0,0,0,1,0,0,14.9,125.0,84.0,91.4,204.1,27.6,129.5,,Former,Rare,Moderate,Poor,6.7,0
P102554,56,Male,0,0,0,0,0,0,0,26.9,120.0,82.0,99.4,171.7,67.0,86.0,211.3,Former,Rare,Sedentary,Balanced,8.9,0
P102555,49,Female,0,0,0,0,0,0,0,24.0,118.0,85.0,116.1,,44.7,25.5,183.0,Current,Rare,Moderate,Balanced,7.9,0
P102556,34,Male,0,0,0,0,0,0,0,23.9,124.0,,106.0,164.4,64.5,127.2,124.1,Never,Rare,Moderate,Healthy,5.9,0
P102557,37,Female,0,0,0,0,0,0,0,30.3,126.0,78.0,104.7,153.4,57.3,99.4,206.6,Never,Rare,Moderate,Poor,6.8,0
P102558,29,Male,0,0,0,0,0,0,0,17.0,80.0,85.0,76.6,157.8,41.9,118.8,132.1,Former,Heavy,Moderate,Balanced,7.7,0
P102559,23,Female,0,0,0,0,0,0,0,34.2,114.0,90.0,89.6,181.4,34.6,115.8,92.8,Never,Rare,Moderate,Balanced,6.2,0
P102560,56,Female,0,0,0,0,1,0,0,23.1,136.0,77.0,117.8,205.5,67.0,118.1,154.7,Never,Rare,Sedentary,Healthy,6.7,0
P102561,54,Male,0,0,0,0,0,0,0,19.3,115.0,,110.1,181.7,31.4,103.6,161.0,Never,Rare,Sedentary,Healthy,,0
P102562,33,Male,0,0,0,0,0,0,0,30.6,108.0,75.0,100.0,154.8,29.2,67.4,77.3,Never,Rare,Sedentary,Poor,6.2,0
P102563,36,Female,0,0,0,1,0,0,0,33.8,134.0,85.0,143.8,,42.3,85.7,198.7,Former,Moderate,Sedentary,Balanced,6.7,0
P102564,43,Female,0,0,0,0,0,0,0,27.7,106.0,73.0,97.1,139.4,53.0,99.2,150.6,Never,Rare,Sedentary,Poor,6.5,0
P102565,66,Female,0,1,0,0,1,1,0,34.8,129.0,83.0,108.2,196.5,56.7,,,Current,Rare,Moderate,Healthy,8.1,1
P102566,61,Female,0,0,0,0,0,0,0,27.8,156.0,82.0,105.9,136.3,52.1,79.5,230.7,Never,Heavy,Active,Healthy,7.2,0
P102567,62,Male,1,0,0,0,0,0,0,21.7,133.0,76.0,91.4,129.5,44.6,77.5,70.8,Former,Rare,Sedentary,Balanced,5.9,0
P102568,65,Female,0,0,0,0,1,0,0,28.4,126.0,70.0,92.3,182.0,21.1,156.0,139.6,Current,Rare,Sedentary,Balanced,7.8,0
P102569,50,Female,0,1,0,0,0,0,0,25.7,143.0,89.0,87.9,170.7,39.6,88.1,,Former,Moderate,Moderate,Balanced,7.8,0
P102570,49,Female,0,0,0,0,1,0,0,23.1,91.0,75.0,72.3,194.5,34.8,133.8,104.7,Current,Moderate,Moderate,Poor,6.6,0
P102571,57,Female,0,0,0,0,1,0,0,22.5,121.0,83.0,97.6,275.6,41.0,197.6,141.5,Never,Moderate,Moderate,Balanced,6.2,0
P102572,37,Male,0,0,0,0,1,0,0,22.0,93.0,76.0,98.7,241.3,46.5,154.7,66.6,Former,Rare,Active,Poor,6.1,0
P102573,31,Female,0,0,0,0,0,0,0,32.2,102.0,70.0,83.6,147.8,56.1,81.5,245.5,Current,Moderate,Moderate,Healthy,7.5,0
P102574,40,Female,0,1,0,0,1,0,0,25.2,125.0,81.0,93.8,240.9,39.3,171.0,-36.0,Former,Rare,Moderate,Healthy,6.1,0
P102575,47,Male,0,0,0,0,0,0,0,30.4,113.0,86.0,98.3,132.0,38.2,101.6,87.1,Current,Rare,Active,Healthy,5.7,0
P102576,61,Female,0,0,0,0,1,0,0,27.6,129.0,78.0,92.1,167.5,59.5,134.1,160.6,Never,Rare,Active,Balanced,6.5,0
P102577,66,Male,0,0,0,0,0,0,0,24.0,136.0,82.0,92.7,168.6,43.7,85.8,,Never,Rare,Sedentary,Balanced,6.8,0
P102578,31,Female,0,0,0,0,0,0,0,23.0,86.0,67.0,105.9,168.8,62.0,100.1,204.2,Never,Rare,Active,Healthy,7.3,0
P102579,69,Male,0,0,0,0,0,0,0,27.2,142.0,83.0,108.8,148.6,66.4,104.1,43.5,Former,Rare,Moderate,Balanced,7.8,0
P102580,28,Male,0,0,0,0,1,0,0,17.8,99.0,85.0,96.9,202.0,44.5,139.7,146.5,Current,Rare,Moderate,Balanced,6.3,0
P102581,67,Female,0,1,0,0,0,0,0,21.2,137.0,86.0,108.8,174.5,68.1,104.0,172.6,Never,Rare,Active,Balanced,7.2,0
P102582,40,Female,0,0,0,0,0,0,0,19.9,117.0,81.0,95.1,163.2,,121.4,195.2,Former,Rare,Active,Balanced,7.2,0
P102583,64,Male,0,0,0,0,0,0,1,27.4,110.0,84.0,84.7,165.8,64.2,96.9,204.9,Current,Rare,Moderate,Healthy,10.0,0
P102584,39,Male,0,0,0,0,0,0,0,31.1,108.0,87.0,90.7,160.0,50.4,71.9,76.8,Never,Rare,Moderate,Balanced,8.0,0
P102585,65,Female,0,0,0,1,0,0,1,30.0,141.0,80.0,114.5,145.0,53.2,107.0,107.0,Never,Moderate,Moderate,Balanced,5.2,0
P102586,31,Female,0,0,0,0,1,0,0,20.9,113.0,80.0,88.3,202.3,51.8,,140.5,Never,Moderate,Moderate,Poor,7.8,0
P102587,32,Male,0,0,0,0,0,0,0,28.4,117.0,92.0,71.2,170.9,48.3,113.2,129.7,Never,Heavy,Moderate,Healthy,6.0,0
P102588,56,Female,0,0,0,0,1,0,0,29.4,125.0,91.0,83.6,221.1,41.9,148.2,31.6,Never,Moderate,Moderate,Healthy,7.2,0
P102589,53,Male,0,0,0,0,0,0,0,28.3,,79.0,91.4,162.6,59.3,108.8,139.1,Never,Moderate,Sedentary,Balanced,6.9,0
P102590,51,Female,0,0,0,0,0,0,0,23.2,121.0,83.0,83.8,,68.4,105.4,116.4,Never,Moderate,Moderate,Balanced,10.1,0
P102591,61,Male,1,1,1,0,0,0,0,24.5,130.0,89.0,88.9,188.1,47.6,112.8,116.4,Never,Moderate,Sedentary,Healthy,6.4,0
P102592,34,Female,0,0,0,0,0,0,0,32.0,130.0,83.0,72.1,152.0,49.1,90.1,145.7,Never,Rare,Active,Balanced,7.9,0
P102593,52,Female,0,0,0,1,1,0,0,31.4,141.0,82.0,182.7,221.3,64.3,167.8,103.7,Never,Rare,Moderate,Balanced,5.5,0
P102594,52,Female,0,0,0,0,0,0,0,23.7,140.0,77.0,93.2,168.0,59.0,117.3,181.1,Never,Rare,Moderate,Poor,7.0,0
P102595,40,Male,0,0,0,0,0,0,0,21.0,118.0,84.0,104.1,174.3,60.2,117.4,-9.6,Never,Heavy,Moderate,Healthy,5.5,0
P102596,47,Female,0,0,0,0,1,0,0,22.7,118.0,73.0,102.4,187.9,53.8,144.0,138.9,Former,Moderate,Active,Balanced,7.3,0
P102597,37,Female,0,0,0,0,0,0,0,35.6,110.0,77.0,83.0,163.4,,106.4,214.3,Never,Rare,Moderate,Poor,6.1,0
P102598,34,Male,0,0,0,0,1,0,0,30.7,115.0,80.0,87.3,200.7,38.2,132.7,151.0,Never,Heavy,Active,Poor,7.0,0
P102599,55,Female,0,0,0,0,0,0,0,22.4,120.0,85.0,98.2,131.7,45.2,75.2,98.1,Never,Rare,Sedentary,Balanced,7.4,0
P102600,59,Male,0,0,0,1,0,0,0,28.6,126.0,83.0,144.4,166.1,,99.8,32.8,Never,Rare,Moderate,Balanced,7.9,0
P102601,57,Male,0,0,0,0,1,0,0,26.0,133.0,77.0,97.9,210.2,,136.0,114.5,Never,Rare,Active,Healthy,6.8,0
P102602,23,Male,0,0,0,0,1,0,0,17.0,102.0,80.0,68.1,211.9,47.6,138.3,186.4,Former,Rare,Moderate,Healthy,8.5,0
P102603,25,Male,0,0,0,0,0,0,0,27.2,85.0,,101.9,162.3,47.2,,129.3,Former,Rare,Moderate,Healthy,6.8,0
P102604,55,Male,0,1,0,0,1,0,0,26.2,173.0,83.0,103.0,202.9,42.1,136.9,,Never,Moderate,Moderate,Healthy,7.4,0
P102605,39,Female,0,0,0,1,1,0,0,30.1,129.0,72.0,174.7,227.3,47.0,121.3,87.9,Never,Rare,Active,Healthy,7.9,0
P102606,28,Female,0,0,0,0,0,0,0,30.7,126.0,84.0,94.3,171.2,33.9,93.4,66.9,Never,Rare,Moderate,Healthy,6.4,0
P102607,44,Male,0,0,0,0,0,0,0,28.5,115.0,77.0,99.1,161.6,58.6,75.7,36.7,Never,Rare,Sedentary,Healthy,7.3,0
P102608,66,Male,0,0,0,1,0,0,0,30.7,118.0,74.0,180.8,105.4,21.2,82.6,244.3,Never,Rare,Active,Balanced,5.2,0
P102609,64,Female,0,0,0,0,1,0,0,26.9,143.0,85.0,76.1,198.1,56.1,,182.5,Never,Rare,Moderate,Balanced,7.3,0
P102610,54,Female,0,0,0,0,0,0,0,15.3,109.0,78.0,97.0,117.6,38.7,105.3,228.9,Never,Rare,Moderate,Balanced,6.1,0
P102611,72,Male,0,0,0,0,0,0,0,32.5,146.0,81.0,111.8,135.6,37.0,120.9,211.5,Former,Moderate,Sedentary,Poor,7.0,0
P102612,64,Male,0,1,1,0,0,0,0,25.4,158.0,86.0,104.6,161.1,71.6,102.7,81.1,Current,Rare,Active,Poor,,0
P102613,80,Male,0,0,0,0,0,0,0,25.0,133.0,72.0,100.0,175.8,,119.1,113.6,Never,Heavy,Moderate,Balanced,6.4,0
P102614,44,Female,0,0,0,0,1,0,0,26.2,124.0,83.0,97.2,207.9,34.3,123.4,135.1,Current,Rare,Active,Balanced,5.7,0
P102615,82,Female,1,0,0,1,0,1,0,29.1,156.0,80.0,128.8,171.3,65.2,127.1,77.7,Never,Rare,Moderate,Poor,6.8,1
P102616,70,Female,0,0,0,0,1,0,0,22.5,112.0,83.0,86.2,200.5,46.5,131.7,132.3,Current,Rare,Moderate,Healthy,6.6,0
P102617,73,Female,0,0,0,0,0,0,0,21.3,135.0,63.0,83.2,147.9,53.8,88.6,-8.5,Never,Moderate,Moderate,Balanced,6.9,0
P102618,53,Female,0,0,0,0,0,0,0,30.2,112.0,73.0,94.5,153.8,59.7,90.7,237.5,Former,Moderate,Active,Healthy,6.4,0
P102619,34,Male,0,0,0,0,1,0,0,27.1,123.0,75.0,90.1,202.5,36.1,144.3,65.3,Never,Moderate,Moderate,Healthy,5.7,0
P102620,58,Male,0,0,0,0,0,0,0,31.6,126.0,86.0,79.0,130.9,61.4,94.7,153.5,Never,Moderate,Moderate,Poor,6.6,0
P102621,78,Female,0,0,0,1,0,0,0,31.6,,79.0,120.6,167.4,31.0,114.0,122.7,Never,Rare,Moderate,Healthy,6.5,0
P102622,52,Male,0,0,0,0,0,0,0,22.1,103.0,79.0,82.2,139.3,55.1,112.9,147.4,Never,Rare,Sedentary,Balanced,5.9,0
P102623,59,Female,0,0,0,0,1,0,0,25.9,144.0,85.0,104.5,200.3,62.9,124.4,200.8,Never,Moderate,Active,Balanced,5.8,0
P102624,70,Male,0,0,0,0,1,0,1,22.4,117.0,77.0,99.5,256.0,70.1,153.7,162.1,Never,Moderate,Sedentary,Balanced,5.4,0
P102625,52,Female,0,0,0,0,0,0,0,16.4,104.0,64.0,104.5,127.6,53.5,75.6,117.6,Never,Moderate,Active,Healthy,7.0,0
P102626,29,Male,0,0,0,0,0,0,0,33.2,120.0,85.0,97.5,145.8,46.3,92.4,81.1,Current,Rare,Active,Poor,6.2,0
P102627,54,Female,0,0,0,0,0,0,0,25.1,114.0,76.0,94.2,149.3,,88.3,83.7,Never,Rare,Active,Balanced,6.5,0
P102628,28,Female,0,0,0,0,0,0,0,30.8,,86.0,82.3,159.3,49.4,103.6,219.0,Never,Moderate,Moderate,Poor,6.8,0
P102629,68,Female,0,0,0,0,0,0,0,24.3,139.0,78.0,104.6,178.5,33.8,108.4,174.7,Never,Rare,Moderate,Healthy,8.2,0
P102630,57,Female,1,0,0,0,0,0,0,,132.0,87.0,,136.7,50.6,104.5,126.1,Never,Rare,Sedentary,Healthy,6.4,0
P102631,66,Female,0,0,0,0,0,0,0,26.8,130.0,76.0,80.4,186.6,57.1,121.2,191.2,Never,Rare,Sedentary,Balanced,4.7,0
P102632,39,Male,0,0,0,0,1,0,0,35.3,115.0,85.0,75.8,203.9,43.6,143.2,138.7,Never,Moderate,Active,Balanced,8.0,0
P102633,39,Female,0,0,0,0,0,0,0,,129.0,82.0,107.7,151.3,70.7,98.2,134.4,Never,Rare,Sedentary,Poor,6.2,0
P102634,64,Female,0,0,0,0,0,0,0,22.2,133.0,60.0,86.1,136.5,41.2,100.5,154.2,Former,Rare,Sedentary,Balanced,5.3,1
P102635,77,Male,0,0,0,0,0,1,1,24.2,126.0,75.0,77.0,140.6,44.9,98.2,169.3,Never,Moderate,Active,Balanced,8.1,0
P102636,72,Male,0,0,0,0,1,0,0,25.3,140.0,,82.9,,44.6,120.4,125.4,Former,Rare,Moderate,Balanced,6.2,0
P102637,55,Female,1,0,0,0,0,0,0,24.2,118.0,75.0,104.8,180.5,32.1,123.1,104.0,Former,Rare,Sedentary,Healthy,7.0,0
P102638,68,Female,0,1,0,0,0,0,0,,155.0,79.0,,136.7,45.3,80.3,39.5,Never,Moderate,Sedentary,Balanced,6.6,0
P102639,72,Female,0,0,0,0,0,0,0,24.7,,68.0,95.7,135.1,63.9,119.0,88.8,Current,Rare,Moderate,Balanced,7.1,0
P102640,31,Male,0,0,0,0,0,0,0,30.0,118.0,81.0,,131.7,,89.5,129.5,Former,Rare,Moderate,Poor,7.3,0
P102641,63,Female,0,0,0,0,0,0,0,21.9,140.0,73.0,80.7,175.8,,122.2,102.7,Never,Rare,Moderate,Balanced,,0
P102642,32,Male,0,0,0,0,0,0,0,24.3,89.0,69.0,102.7,133.4,,,205.8,Former,Rare,Sedentary,Balanced,7.9,0
P102643,49,Female,0,1,0,1,0,0,0,30.6,,79.0,103.6,150.8,48.5,72.3,111.2,Never,Rare,Sedentary,Poor,7.3,1
P102644,63,Female,0,0,0,1,0,0,0,37.1,134.0,84.0,164.4,158.3,43.4,86.8,139.6,Never,Rare,Active,Healthy,8.0,0
P102645,42,Male,0,0,0,0,1,0,0,21.8,123.0,74.0,108.1,201.8,46.0,136.6,192.1,Former,Moderate,Moderate,Balanced,8.9,0
P102646,48,Male,0,0,0,0,1,0,0,14.2,130.0,88.0,95.1,237.0,47.2,146.9,218.4,Never,Rare,Moderate,Balanced,7.2,0
P102647,65,Female,0,0,0,0,1,1,0,30.5,158.0,80.0,98.8,175.4,40.8,131.5,194.5,Never,Rare,Sedentary,Healthy,,0
P102648,31,Female,0,0,0,0,0,0,0,20.6,87.0,72.0,109.1,175.0,40.4,107.0,95.9,Never,Rare,Active,Balanced,8.6,0
P102649,40,Female,1,0,0,0,0,0,0,28.8,109.0,58.0,92.4,149.9,55.7,108.5,128.4,Never,Rare,Moderate,Healthy,7.2,0
P102650,48,Male,0,0,0,1,0,0,0,30.8,130.0,89.0,145.8,167.3,57.9,97.1,130.7,Never,Rare,Sedentary,Balanced,9.1,0
P102651,79,Male,0,0,0,0,1,0,0,28.5,150.0,78.0,82.7,172.3,57.5,130.4,118.6,Former,Heavy,Moderate,Healthy,8.8,0
P102652,65,Male,1,0,0,0,0,0,0,27.9,129.0,73.0,83.4,139.4,48.0,123.8,,Current,Rare,Active,Balanced,5.7,0
P102653,32,Female,0,0,0,0,0,0,0,25.1,114.0,70.0,102.1,185.0,55.1,117.0,208.2,Former,Heavy,Moderate,Poor,,0
P102654,69,Female,0,0,1,0,0,1,0,27.2,124.0,70.0,87.7,143.6,56.6,84.2,210.9,Current,Rare,Sedentary,Healthy,8.4,0
P102655,48,Female,0,0,0,0,1,0,0,14.3,110.0,74.0,101.3,200.2,60.8,123.6,229.9,Never,Rare,Moderate,Balanced,5.9,0
P102656,49,Female,1,0,0,0,1,0,0,29.8,121.0,66.0,94.7,220.5,57.8,110.1,186.8,Current,Moderate,Active,Balanced,5.7,0
P102657,68,Male,0,1,0,0,0,0,0,22.1,135.0,76.0,105.2,170.3,71.3,129.5,172.4,Never,Rare,Sedentary,Poor,7.5,0
P102658,40,Female,0,0,0,0,0,0,0,14.0,102.0,89.0,84.4,134.5,37.6,87.8,127.4,Never,Heavy,Moderate,Balanced,6.5,0
P102659,52,Female,0,0,0,0,0,0,0,22.0,122.0,70.0,88.4,114.1,59.7,52.2,199.8,Former,Rare,Moderate,Balanced,5.2,0
P102660,40,Female,0,0,0,0,0,0,0,14.0,121.0,80.0,93.5,90.8,59.3,55.0,118.8,Never,Rare,Moderate,Healthy,5.9,0
P102661,65,Other,0,0,0,0,0,1,0,24.9,141.0,80.0,94.2,197.6,41.7,114.9,80.0,Never,Rare,Sedentary,Poor,6.5,0
P102662,76,Female,0,0,0,0,1,1,0,20.7,114.0,87.0,103.1,212.8,,167.6,155.6,Never,Heavy,Sedentary,Balanced,6.1,0
P102663,54,Female,0,0,0,0,0,0,0,25.4,134.0,74.0,100.9,114.5,44.6,74.9,34.2,Never,Rare,Moderate,Healthy,7.8,0
P102664,50,Male,0,0,0,0,1,0,0,26.1,134.0,81.0,88.9,184.6,42.3,145.0,146.2,Never,Moderate,Moderate,Balanced,6.6,0
P102665,65,Female,0,0,0,0,1,0,0,26.6,115.0,86.0,89.8,194.9,52.5,130.2,156.4,Former,Rare,Active,Healthy,4.9,0
P102666,64,Female,0,0,0,0,0,0,0,21.1,119.0,77.0,89.2,,43.5,90.5,297.6,Current,Rare,Moderate,Healthy,7.3,0
P102667,30,Male,0,0,0,0,1,0,0,29.7,112.0,79.0,73.9,201.6,37.3,135.3,42.0,Former,Rare,Sedentary,Balanced,8.0,0
P102668,50,Female,0,0,0,0,0,0,0,26.3,106.0,78.0,103.9,193.9,48.3,110.7,190.8,Never,Rare,Active,Poor,8.9,0
P102669,44,Female,0,0,0,1,0,0,0,28.6,119.0,73.0,120.5,159.2,43.6,127.8,131.9,Never,Rare,Moderate,Healthy,7.9,0
P102670,26,Female,0,0,0,0,0,0,0,24.3,111.0,76.0,92.6,165.7,60.4,124.8,204.1,Never,Rare,Sedentary,Balanced,7.3,0
P102671,54,Male,0,0,0,0,0,0,0,27.6,105.0,83.0,87.4,187.3,50.1,125.4,171.9,Former,Moderate,Moderate,Balanced,6.6,0
P102672,26,Female,0,0,0,0,0,0,0,28.6,119.0,76.0,,179.1,43.0,118.0,,Never,Rare,Active,Healthy,8.4,0
P102673,64,Male,0,0,0,0,0,0,0,25.9,124.0,74.0,97.2,190.9,49.0,,61.5,Never,Rare,Active,Healthy,7.2,0
P102674,61,Female,1,0,0,0,0,0,0,24.6,117.0,80.0,93.9,170.2,60.4,97.2,142.8,Never,Rare,Sedentary,Balanced,7.0,0
P102675,75,Male,0,0,0,0,0,1,0,18.3,129.0,76.0,77.8,140.2,65.5,110.2,148.0,Current,Moderate,Moderate,Balanced,7.2,0
P102676,57,Other,1,0,0,0,1,0,0,28.0,,68.0,102.9,196.9,48.4,,,Never,Rare,Sedentary,Healthy,7.9,0
P102677,62,Female,0,1,0,0,1,0,0,24.6,143.0,76.0,98.9,230.3,42.1,139.2,219.5,Current,Rare,Sedentary,Balanced,8.2,0
P102678,37,Female,0,0,0,0,0,0,0,32.9,110.0,83.0,108.8,131.8,14.9,73.1,120.7,Former,Rare,Active,Poor,8.3,0
P102679,47,Male,0,0,0,0,0,0,0,35.8,111.0,76.0,91.1,105.9,50.2,55.9,170.3,Former,Rare,Sedentary,Poor,,0
P102680,44,Female,0,0,0,0,0,0,0,26.6,111.0,79.0,71.4,197.5,54.6,128.1,16.9,Never,Moderate,Active,Balanced,5.9,0
P102681,52,Female,1,0,0,1,0,0,0,38.9,132.0,83.0,159.0,157.2,39.1,114.1,67.3,Never,Moderate,Sedentary,Healthy,7.7,0
P102682,54,Female,0,0,0,0,0,0,0,17.0,120.0,73.0,84.5,170.0,,106.0,41.3,Never,Rare,Moderate,Balanced,6.1,0
P102683,40,Male,0,0,0,0,0,0,0,21.2,121.0,65.0,,123.6,47.9,,123.2,Never,Moderate,Sedentary,Balanced,7.1,0
P102684,69,Male,0,0,0,0,0,0,0,28.3,130.0,76.0,115.8,187.7,41.2,119.8,145.2,Former,Moderate,Moderate,Balanced,8.2,0
P102685,69,Female,0,0,1,1,0,0,0,25.8,118.0,89.0,150.6,79.9,60.4,61.1,86.9,Never,Rare,Moderate,Healthy,8.6,0
P102686,65,Female,1,0,0,0,1,0,0,20.1,136.0,76.0,101.2,200.6,39.3,112.5,94.9,Never,Rare,Sedentary,Healthy,7.8,0
P102687,52,Male,0,0,0,0,0,0,0,28.1,126.0,76.0,114.7,133.8,58.4,82.5,162.7,Never,Rare,Active,Balanced,7.1,0
P102688,27,Female,0,0,0,0,0,0,0,21.1,113.0,81.0,103.6,187.2,39.2,113.9,97.6,Never,Moderate,Active,Balanced,7.1,0
P102689,28,Female,0,0,0,0,0,0,0,25.2,126.0,83.0,89.7,156.6,52.7,82.7,300.8,Never,Rare,Sedentary,Healthy,5.6,0
P102690,70,Male,1,0,0,1,0,0,0,33.8,131.0,87.0,181.3,150.8,38.6,81.8,162.5,Never,Moderate,Active,Healthy,7.8,0
P102691,57,Male,0,0,0,0,0,0,0,32.7,121.0,93.0,97.1,160.3,56.7,83.7,108.8,Never,Rare,Moderate,Balanced,5.7,0
P102692,56,Female,0,0,0,0,0,0,0,30.7,117.0,81.0,,102.0,47.4,46.0,241.9,Current,Rare,Moderate,Balanced,7.1,0
P102693,67,Female,0,0,0,0,1,0,0,28.5,130.0,86.0,100.4,175.3,34.2,131.5,121.4,Current,Rare,Active,Balanced,6.7,0
P102694,62,Female,0,1,0,0,1,0,0,38.3,168.0,85.0,102.7,213.9,68.2,136.0,124.3,Never,Rare,Sedentary,Balanced,7.7,0
P102695,53,Male,0,0,0,0,1,0,0,20.8,123.0,74.0,114.2,201.9,33.9,146.3,182.5,Former,Rare,Moderate,Poor,7.0,0
P102696,56,Female,0,0,0,0,0,0,0,23.2,124.0,73.0,64.8,188.8,41.0,87.5,66.4,Never,Moderate,Sedentary,Balanced,,0
P102697,55,Male,0,0,0,0,1,0,0,28.4,134.0,79.0,103.8,212.1,19.3,128.4,59.9,Current,Heavy,Active,Balanced,5.1,0
P102698,69,Female,0,0,0,0,0,0,0,34.5,136.0,82.0,98.4,137.5,54.2,88.9,168.7,Never,Rare,Active,Balanced,6.6,0
P102699,48,Female,0,0,0,0,0,0,0,26.8,144.0,79.0,82.9,186.6,47.1,118.8,120.9,Never,Moderate,Moderate,Balanced,8.2,0
P102700,49,Female,0,0,0,0,1,0,0,27.4,140.0,75.0,103.4,227.9,59.5,140.0,214.1,Never,Rare,Moderate,Balanced,6.4,0
P102701,67,Female,0,0,0,0,1,0,0,,124.0,69.0,88.6,192.5,51.8,139.8,70.8,Current,Moderate,Moderate,Poor,6.1,0
P102702,31,Male,0,0,0,0,0,0,0,20.8,113.0,79.0,,175.2,71.1,125.8,167.7,Never,Heavy,Moderate,Poor,6.9,0
P102703,49,Female,0,0,0,0,1,0,0,22.8,127.0,75.0,105.1,219.2,64.8,138.8,43.2,Never,Moderate,Moderate,Healthy,7.4,0
P102704,55,Female,0,0,0,0,0,0,0,28.0,105.0,75.0,91.1,146.1,38.9,115.7,166.6,Former,Rare,Moderate,Healthy,4.7,0
P102705,23,Male,0,0,0,0,1,0,0,24.5,117.0,74.0,85.6,154.9,41.2,138.1,153.9,Never,Moderate,Moderate,Balanced,4.9,0
P102706,44,Female,0,0,0,0,0,0,0,22.4,120.0,87.0,92.7,187.5,61.2,121.2,133.0,Never,Moderate,Active,Poor,7.4,0
P102707,85,Male,0,0,0,0,1,0,0,26.0,123.0,90.0,88.3,229.5,73.0,139.8,219.6,Never,Rare,Active,Healthy,5.7,0
P102708,49,Male,0,0,0,0,1,0,0,28.4,,80.0,102.0,,42.3,135.1,201.7,Current,Rare,Moderate,Balanced,9.2,0
P102709,66,Female,0,0,0,0,1,0,0,26.8,130.0,74.0,100.0,213.2,32.0,114.3,169.1,Former,Moderate,Active,Balanced,7.5,0
P102710,61,Male,0,1,0,1,0,0,0,28.9,146.0,86.0,188.9,139.0,49.7,118.1,73.9,Current,Rare,Active,Healthy,7.4,0
P102711,57,Female,0,0,0,0,1,0,0,22.2,129.0,69.0,93.9,215.5,54.1,144.9,192.3,Former,Rare,Active,Poor,6.1,0
P102712,64,Female,0,0,0,0,0,0,1,,125.0,72.0,112.3,153.5,34.2,62.1,,Current,Rare,Sedentary,Balanced,5.5,0
P102713,52,Female,0,0,0,0,0,0,0,23.8,100.0,69.0,83.6,113.1,37.7,48.9,120.2,Former,Moderate,Sedentary,Balanced,8.1,0
P102714,58,Female,0,1,0,0,0,0,0,25.5,136.0,85.0,,185.9,45.8,120.1,162.7,Current,Rare,Moderate,Healthy,8.5,0
P102715,62,Female,1,0,1,0,1,0,0,29.8,131.0,84.0,115.8,236.0,51.1,,149.2,Never,Rare,Sedentary,Healthy,6.4,0
P102716,59,Female,0,0,0,1,0,0,0,32.9,122.0,71.0,190.2,133.2,,107.6,177.6,Never,Rare,Sedentary,Poor,7.4,0
P102717,71,Female,0,1,0,0,0,0,0,22.0,140.0,90.0,83.2,192.9,73.3,117.1,179.1,Never,Rare,Sedentary,Poor,7.1,0
P102718,56,Female,0,0,0,1,1,0,0,28.5,132.0,82.0,151.1,239.3,60.7,151.9,145.4,Current,Rare,Moderate,Balanced,7.6,0
P102719,62,Male,0,0,0,0,1,0,0,29.6,136.0,90.0,69.9,219.0,41.1,147.1,142.8,Never,Rare,Moderate,Balanced,7.8,0
P102720,51,Female,0,0,0,0,1,0,0,28.8,121.0,84.0,83.5,210.0,61.8,125.3,91.8,Never,Rare,Active,Poor,8.6,0
P102721,75,Female,0,0,0,0,0,0,1,32.0,142.0,88.0,66.2,142.3,60.0,77.1,159.5,Never,Rare,Sedentary,Healthy,7.8,0
P102722,55,Male,0,1,0,0,1,0,0,28.4,139.0,100.0,105.3,243.8,32.8,170.9,199.7,Current,Rare,Sedentary,Balanced,7.8,0
P102723,41,Male,0,0,0,0,1,0,0,24.3,115.0,74.0,110.3,203.1,44.9,126.1,212.6,Never,Rare,Sedentary,Balanced,7.8,0
P102724,51,Female,0,0,0,0,1,0,0,23.8,116.0,74.0,94.8,202.3,65.5,167.6,120.9,Never,Rare,Sedentary,Balanced,5.2,0
P102725,83,Male,0,0,0,0,1,0,0,35.9,137.0,65.0,92.1,212.0,19.4,156.7,119.7,Never,Moderate,Moderate,Balanced,6.7,0
P102726,34,Female,0,0,0,0,0,0,0,14.9,99.0,75.0,101.5,144.2,,100.1,121.4,Never,Rare,Active,Balanced,6.1,0
P102727,43,Female,0,1,0,0,0,0,0,28.4,130.0,95.0,95.2,175.3,29.1,,102.3,Never,Rare,Sedentary,Healthy,5.5,0
P102728,66,Other,0,0,0,1,0,0,0,30.6,132.0,72.0,222.8,197.7,61.2,104.6,48.6,Current,Rare,Moderate,Balanced,8.8,0
P102729,43,Male,0,0,0,0,1,0,0,18.2,104.0,83.0,103.8,175.8,48.5,144.5,46.3,Never,Moderate,Moderate,Balanced,6.5,0
P102730,46,Female,0,0,0,0,0,0,0,29.8,127.0,84.0,109.9,149.5,42.6,103.2,117.8,Former,Rare,Moderate,Healthy,7.2,0
P102731,39,Male,0,0,0,0,1,0,0,,116.0,97.0,82.6,251.3,,160.5,158.5,Never,Rare,Moderate,Healthy,7.6,0
P102732,39,Male,1,0,0,1,0,0,0,33.3,124.0,74.0,130.2,114.3,62.2,53.7,131.5,Never,Rare,Active,Poor,7.5,0
P102733,51,Male,0,0,0,1,0,0,0,27.2,115.0,77.0,115.0,194.3,58.0,120.4,161.2,Former,Heavy,Moderate,Balanced,5.1,0
P102734,57,Female,0,0,0,0,1,0,0,31.1,113.0,82.0,110.2,179.7,58.3,165.1,61.6,Never,Moderate,Active,Healthy,6.8,0
P102735,77,Male,0,1,0,0,0,0,0,24.1,134.0,87.0,111.6,148.9,52.2,118.0,143.7,Never,Rare,Sedentary,Healthy,6.2,0
P102736,52,Male,1,0,0,0,0,0,0,24.3,119.0,86.0,102.7,99.9,42.6,40.1,139.4,Never,Rare,Moderate,Balanced,7.9,0
P102737,60,Male,1,0,0,0,0,0,0,26.1,133.0,74.0,96.5,193.4,45.1,119.0,189.6,Former,Rare,Moderate,Healthy,7.9,0
P102738,79,Male,0,0,0,1,0,1,0,24.9,,94.0,135.5,168.7,44.1,104.5,180.9,Never,Rare,Sedentary,Healthy,6.1,0
P102739,21,Male,0,0,0,0,1,0,0,27.1,106.0,90.0,92.8,235.6,57.1,127.1,300.3,Never,Rare,Moderate,Balanced,7.2,0
P102740,44,Female,0,0,0,0,1,0,0,29.5,116.0,73.0,98.9,179.0,59.9,139.9,131.1,Never,Heavy,Moderate,Poor,,0
P102741,41,Female,0,0,0,0,0,0,0,14.9,118.0,65.0,86.7,155.9,64.4,65.4,96.1,Former,Rare,Sedentary,Healthy,5.9,0
P102742,73,Male,0,0,0,0,0,0,0,24.9,120.0,78.0,108.0,178.2,69.6,108.2,200.8,Never,Rare,Sedentary,Healthy,7.0,0
P102743,68,Male,0,0,0,1,0,0,0,24.5,121.0,81.0,173.0,172.7,47.9,104.0,110.5,Former,Rare,Moderate,Balanced,5.8,0
P102744,46,Female,0,1,0,1,0,0,0,32.8,128.0,75.0,139.9,,66.4,99.7,166.2,Current,Rare,Sedentary,Poor,6.0,0
P102745,55,Male,0,0,0,0,1,0,0,21.8,121.0,70.0,101.3,239.7,,157.2,54.4,Current,Rare,Moderate,Balanced,7.9,0
P102746,60,Female,0,1,0,0,0,0,0,40.3,151.0,95.0,95.8,150.0,51.8,94.0,240.0,Never,Moderate,Active,Poor,7.6,0
P102747,44,Female,0,0,0,0,0,0,0,23.5,106.0,,,154.0,52.6,113.2,,Current,Rare,Active,Balanced,6.0,0
P102748,35,Female,1,0,0,0,1,0,0,22.4,129.0,86.0,107.0,217.8,48.1,111.2,264.7,Former,Rare,Moderate,Balanced,7.0,0
P102749,49,Male,0,0,0,0,0,0,0,29.2,114.0,76.0,95.2,191.9,,95.2,134.3,Former,Rare,Active,Healthy,5.5,0
P102750,60,Male,0,0,0,0,1,0,0,21.4,107.0,73.0,106.7,,77.8,176.6,194.7,Current,Rare,Sedentary,Balanced,5.5,0
P102751,46,Female,0,0,0,0,1,0,0,18.0,119.0,66.0,63.0,203.5,54.5,108.5,175.7,Never,Rare,Active,Balanced,6.6,0
P102752,48,Male,0,0,0,0,0,0,0,,129.0,80.0,95.4,135.7,,74.5,,Never,Rare,Moderate,Poor,5.9,0
P102753,68,Female,0,0,0,1,1,0,0,25.7,116.0,72.0,167.0,237.8,35.7,151.9,-34.5,Never,Moderate,Sedentary,Healthy,7.3,0
P102754,54,Female,0,0,0,0,0,0,0,26.5,112.0,81.0,94.6,135.3,53.1,91.3,151.4,Never,Moderate,Moderate,Balanced,7.6,0
P102755,77,Male,0,0,0,0,0,0,0,28.7,127.0,82.0,105.2,159.6,56.4,83.3,184.0,Never,Rare,Sedentary,Balanced,9.2,0
P102756,64,Female,0,0,1,0,0,0,0,30.0,135.0,79.0,83.7,171.0,74.5,98.8,176.8,Never,Rare,Sedentary,Poor,8.5,0
P102757,73,Male,0,1,0,0,0,0,0,,162.0,90.0,93.5,161.4,43.7,101.8,103.3,Current,Rare,Moderate,Healthy,6.9,0
P102758,58,Female,0,0,0,0,1,0,0,26.3,121.0,85.0,86.2,190.4,32.5,139.8,59.8,Never,Rare,Moderate,Healthy,7.6,0
P102759,38,Male,0,0,0,0,1,0,0,33.6,121.0,79.0,85.8,219.9,47.4,144.4,186.0,Never,Moderate,Sedentary,Poor,6.7,0
P102760,32,Female,0,0,0,0,0,0,0,17.6,120.0,80.0,100.2,198.4,,102.5,161.9,Never,Rare,Moderate,Poor,7.2,0
P102761,40,Male,0,0,0,0,0,0,0,18.7,121.0,67.0,99.6,134.1,,89.9,158.5,Never,Rare,Active,Healthy,7.5,0
P102762,54,Male,0,0,0,0,1,0,0,28.0,125.0,83.0,60.3,217.7,28.9,153.8,237.2,Never,Rare,Moderate,Balanced,8.0,0
P102763,33,Male,1,0,0,0,0,0,0,30.2,126.0,88.0,99.3,148.2,31.2,85.8,,Never,Moderate,Active,Balanced,6.0,0
P102764,57,Female,0,1,0,0,0,0,0,22.9,133.0,90.0,98.4,138.6,55.4,112.0,,Never,Rare,Moderate,Balanced,5.8,0
P102765,57,Other,0,0,0,0,1,0,0,16.8,106.0,78.0,110.7,153.1,59.0,136.7,98.9,Never,Rare,Active,Poor,7.9,0
P102766,86,Female,0,0,0,0,0,0,0,22.8,138.0,86.0,101.4,177.0,40.2,92.6,66.5,Never,Rare,Active,Balanced,6.5,1
P102767,30,Male,0,0,0,0,1,0,0,21.7,106.0,79.0,88.7,209.2,70.6,142.1,60.5,Never,Rare,Sedentary,Balanced,8.4,0
P102768,41,Female,1,0,0,0,1,0,0,25.2,118.0,84.0,97.3,222.7,57.6,124.0,82.8,Never,Rare,Moderate,Balanced,7.2,0
P102769,38,Male,0,0,0,0,1,0,0,,108.0,68.0,89.7,248.4,53.1,153.3,40.7,Never,Rare,Moderate,Balanced,5.8,0
P102770,55,Male,0,0,0,0,0,0,0,23.7,128.0,84.0,101.4,124.6,46.7,80.0,165.5,Never,Heavy,Sedentary,Balanced,6.0,0
P102771,47,Female,0,0,0,0,0,0,0,31.7,129.0,82.0,87.5,148.3,44.6,94.0,249.9,Never,Rare,Moderate,Poor,7.9,0
P102772,76,Male,1,0,0,0,0,0,0,19.7,109.0,65.0,91.3,,32.7,81.4,87.0,Never,Rare,Moderate,Balanced,6.8,0
P102773,45,Female,0,0,0,1,1,0,0,28.3,109.0,91.0,145.3,174.4,62.2,138.1,143.2,Former,Rare,Active,Healthy,8.6,0
P102774,41,Female,0,0,0,0,0,0,0,32.0,114.0,76.0,98.1,169.1,63.0,122.0,239.7,Current,Rare,Sedentary,Balanced,9.7,0
P102775,64,Male,0,1,0,0,0,0,0,21.5,124.0,83.0,88.4,199.9,50.5,117.8,79.9,Never,Rare,Moderate,Balanced,7.4,0
P102776,63,Female,0,0,0,0,0,0,0,25.5,125.0,87.0,97.6,147.1,59.6,83.8,103.9,Current,Moderate,Moderate,Balanced,7.7,0
P102777,40,Female,0,0,0,0,1,0,0,18.9,102.0,80.0,74.3,190.3,,135.8,177.1,Former,Rare,Sedentary,Balanced,7.5,0
P102778,78,Female,0,0,0,0,0,0,0,25.5,149.0,70.0,102.2,,53.0,52.5,82.6,Former,Moderate,Sedentary,Poor,5.6,0
P102779,60,Female,0,1,1,1,0,0,0,29.0,141.0,75.0,112.5,143.4,42.6,93.7,57.2,Never,Rare,Moderate,Poor,6.8,0
P102780,63,Female,0,1,1,0,0,1,0,20.1,130.0,81.0,,187.8,32.8,100.7,214.4,Former,Rare,Active,Balanced,7.7,1
P102781,36,Female,0,1,0,0,0,0,0,30.1,147.0,84.0,99.0,141.8,61.3,110.1,188.7,Never,Rare,Moderate,Balanced,,0
P102782,51,Female,0,0,0,0,0,0,0,24.4,117.0,79.0,94.7,160.3,74.5,102.0,231.4,Never,Heavy,Moderate,Poor,6.5,0
P102783,40,Female,0,0,0,1,0,0,0,23.0,106.0,73.0,180.0,170.6,23.9,110.6,136.3,Never,Heavy,Active,Healthy,7.4,0
P102784,72,Male,0,0,0,0,1,1,0,25.1,119.0,77.0,86.9,236.2,62.9,152.4,,Current,Rare,Moderate,Poor,8.0,0
P102785,40,Male,0,0,0,0,1,0,0,33.0,114.0,91.0,110.7,233.2,58.8,136.8,162.6,Never,Rare,Moderate,Healthy,7.8,0
P102786,51,Female,0,0,0,0,1,0,0,26.7,130.0,82.0,103.0,189.6,60.3,156.2,132.4,Never,Rare,Moderate,Balanced,7.6,0
P102787,61,Male,1,0,0,0,0,0,0,32.2,129.0,69.0,81.1,194.1,55.8,106.9,200.2,Former,Moderate,Moderate,Healthy,7.4,0
P102788,70,Female,1,0,0,0,0,0,0,30.6,116.0,79.0,96.6,183.9,69.5,100.5,136.3,Former,Rare,Moderate,Balanced,6.6,0
P102789,79,Female,0,1,1,0,0,1,0,31.6,151.0,82.0,95.4,141.6,34.7,79.5,108.4,Current,Rare,Moderate,Poor,8.9,0
P102790,19,Male,0,0,0,0,0,0,0,23.8,116.0,79.0,102.8,190.2,69.0,122.7,172.1,Never,Rare,Active,Balanced,6.8,0
P102791,18,Female,0,0,0,0,0,0,0,22.9,113.0,79.0,85.5,136.6,38.2,67.4,223.6,Never,Moderate,Sedentary,Healthy,,0
P102792,48,Male,0,0,0,1,1,0,0,26.3,132.0,89.0,,207.2,66.8,120.8,83.9,Never,Heavy,Moderate,Healthy,,0
P102793,33,Male,0,0,0,0,1,0,0,30.2,110.0,80.0,95.5,192.6,74.7,138.0,,Never,Moderate,Active,Balanced,7.5,0
P102794,43,Female,0,0,0,0,1,0,0,21.1,116.0,76.0,97.6,201.6,57.0,123.7,227.8,Never,Rare,Moderate,Balanced,5.8,0
P102795,44,Male,0,0,0,0,1,0,0,23.6,128.0,88.0,103.3,202.5,36.9,142.6,133.4,Never,Rare,Sedentary,Balanced,4.9,0
P102796,47,Male,1,1,0,0,0,0,0,22.4,114.0,98.0,87.6,151.7,43.4,106.6,134.1,Never,Moderate,Moderate,Healthy,4.8,0
P102797,55,Male,1,0,0,0,0,0,0,32.1,112.0,88.0,77.8,167.8,35.1,105.1,164.2,Current,Moderate,Moderate,Healthy,6.8,0
P102798,53,Female,0,1,0,0,0,0,0,25.1,138.0,82.0,86.3,123.1,60.2,107.2,73.7,Never,Heavy,Moderate,Balanced,6.1,0
P102799,51,Other,0,0,0,0,0,0,0,17.3,104.0,74.0,107.3,171.5,63.0,96.1,,Never,Rare,Moderate,Balanced,7.5,0
P102800,49,Female,0,0,0,0,0,0,0,29.3,,74.0,102.7,189.1,43.4,91.6,170.8,Never,Rare,Active,Poor,,0
P102801,26,Female,0,0,0,0,0,0,0,20.7,95.0,67.0,90.8,178.9,63.7,112.7,154.3,Former,Rare,Moderate,Healthy,6.3,0
P102802,60,Female,1,1,1,0,0,0,0,29.3,126.0,83.0,102.3,174.2,43.6,113.2,182.0,Never,Heavy,Active,Healthy,6.5,0
P102803,38,Other,0,0,0,0,0,0,0,35.6,115.0,89.0,103.3,172.2,47.6,119.7,,Never,Rare,Moderate,Balanced,6.7,0
P102804,44,Female,0,0,0,0,0,0,0,27.6,100.0,69.0,100.1,106.2,23.7,73.5,144.6,Current,Rare,Active,Healthy,6.3,0
P102805,51,Female,0,0,0,1,1,0,0,33.6,,82.0,181.1,204.4,72.7,,114.9,Never,Rare,Sedentary,Poor,6.4,0
P102806,71,Female,0,0,0,0,0,0,0,32.6,132.0,77.0,94.1,157.9,49.2,103.5,85.3,Current,Moderate,Sedentary,Healthy,8.3,0
P102807,43,Female,0,0,0,0,0,0,0,19.8,117.0,,113.7,163.3,42.8,99.3,152.1,Never,Rare,Moderate,Poor,9.5,0
P102808,38,Male,0,0,0,0,0,0,0,19.0,103.0,69.0,100.6,129.4,43.6,83.1,170.1,Never,Moderate,Moderate,Poor,7.7,0
P102809,54,Male,0,0,0,0,0,0,0,23.4,108.0,72.0,107.7,146.0,56.8,61.8,201.2,Never,Rare,Moderate,Healthy,8.8,0
P102810,71,Male,1,0,0,0,0,0,0,29.9,131.0,80.0,97.9,89.5,69.6,23.4,91.0,Never,Rare,Moderate,Balanced,5.9,0
P102811,57,Male,0,1,0,0,0,0,0,26.1,128.0,94.0,81.1,171.6,58.7,119.0,227.5,Never,Rare,Sedentary,Balanced,8.7,0
P102812,62,Male,0,0,0,0,0,0,0,27.6,136.0,82.0,123.3,171.3,63.0,113.5,167.8,Never,Moderate,Moderate,Poor,5.5,0
P102813,35,Female,1,0,0,0,1,0,0,20.0,126.0,84.0,86.0,198.6,45.2,130.9,149.0,Never,Rare,Moderate,Balanced,5.8,0
P102814,38,Male,0,0,0,0,0,0,0,23.4,118.0,74.0,99.9,185.5,44.0,94.6,181.5,Former,Rare,Moderate,Balanced,7.5,0
P102815,42,Male,1,0,0,0,1,0,0,19.4,108.0,66.0,115.8,205.4,58.4,127.4,212.5,Never,Rare,Active,Balanced,9.4,0
P102816,70,Female,0,1,0,0,1,0,0,23.4,152.0,84.0,93.2,,,126.7,232.1,Never,Rare,Active,Balanced,8.8,0
P102817,48,Female,0,0,0,0,1,0,0,30.6,129.0,81.0,103.9,229.7,14.3,140.7,167.1,Never,Rare,Active,Balanced,6.4,0
P102818,72,Female,0,0,0,1,1,0,0,27.2,139.0,84.0,194.8,219.7,40.2,171.1,193.7,Current,Heavy,Moderate,Balanced,7.9,0
P102819,55,Male,0,0,0,0,1,0,0,22.1,117.0,83.0,74.4,234.3,49.2,166.5,233.4,Former,Rare,Moderate,Healthy,,0
P102820,51,Male,0,0,0,0,0,0,0,25.9,115.0,79.0,96.9,156.6,47.1,81.8,218.5,Former,Rare,Moderate,Poor,7.6,0
P102821,44,Male,0,1,0,0,1,0,0,22.6,134.0,93.0,72.5,227.2,65.8,146.2,141.9,Never,Rare,Moderate,Healthy,8.1,0
P102822,58,Female,0,0,0,0,1,0,0,17.6,95.0,80.0,98.5,209.9,54.8,157.8,130.0,Former,Rare,Moderate,Balanced,8.1,0
P102823,31,Female,0,0,0,0,0,0,0,,117.0,65.0,82.9,103.9,48.7,,105.2,Never,Rare,Sedentary,Balanced,8.7,0
P102824,74,Male,0,1,0,0,0,0,0,33.3,145.0,87.0,97.4,144.7,52.1,73.2,165.2,Never,Moderate,Moderate,Balanced,7.5,0
P102825,57,Female,0,0,0,0,0,0,0,,127.0,74.0,125.0,185.7,41.7,112.1,98.2,Never,Heavy,Moderate,Poor,5.5,0
P102826,54,Female,0,0,0,0,0,0,0,25.9,107.0,77.0,,189.6,31.7,128.3,65.6,Never,Moderate,Sedentary,Balanced,7.5,0
P102827,21,Female,0,0,0,0,0,0,0,37.2,132.0,71.0,107.4,148.3,54.7,109.9,64.7,Former,Rare,Moderate,Healthy,8.0,0
P102828,82,Female,0,0,0,0,1,0,0,21.6,140.0,91.0,78.7,225.9,76.2,137.0,115.7,Former,Rare,Sedentary,Balanced,7.2,0
P102829,64,Male,0,0,0,0,0,0,0,26.7,123.0,82.0,115.9,139.9,43.4,121.1,122.4,Never,Rare,Active,Balanced,5.9,0
P102830,63,Female,0,0,0,0,0,0,0,23.8,119.0,70.0,83.2,168.8,44.0,100.5,105.1,Never,Rare,Active,Balanced,5.8,0
P102831,44,Female,1,0,0,0,0,0,0,30.8,118.0,72.0,90.3,199.3,62.8,128.1,125.1,Current,Rare,Moderate,Balanced,6.6,0
P102832,60,Female,1,0,0,0,0,0,0,24.2,129.0,86.0,,153.3,52.8,116.1,99.9,Never,Rare,Moderate,Balanced,6.5,0
P102833,30,Male,0,0,0,0,0,0,0,30.0,109.0,83.0,85.5,98.5,92.4,54.2,99.8,Former,Rare,Sedentary,Healthy,8.5,0
P102834,57,Male,0,0,0,1,0,0,0,35.0,140.0,78.0,118.2,155.9,32.4,105.3,246.8,Never,Rare,Active,Poor,6.7,0
P102835,47,Male,0,0,0,0,1,0,0,19.6,119.0,74.0,105.7,261.7,34.4,201.1,97.7,Former,Moderate,Moderate,Healthy,9.0,0
P102836,66,Male,0,0,0,1,0,1,0,32.4,136.0,78.0,154.9,124.6,39.8,91.2,55.5,Former,Rare,Moderate,Balanced,7.1,0
P102837,62,Male,0,1,0,0,0,0,0,16.4,130.0,83.0,97.6,170.9,49.2,110.4,119.8,Never,Rare,Moderate,Balanced,7.4,0
P102838,40,Female,1,0,0,0,1,0,0,20.3,99.0,73.0,94.3,218.6,45.6,101.9,188.9,Never,Moderate,Active,Healthy,7.5,0
P102839,51,Female,0,0,0,0,0,0,0,15.3,130.0,76.0,120.9,115.7,48.5,36.4,129.8,Never,Rare,Active,Balanced,7.9,0
P102840,72,Female,0,0,0,0,1,0,0,30.3,141.0,82.0,81.2,199.8,47.0,141.8,165.6,Never,Rare,Moderate,Healthy,8.2,0
P102841,69,Male,0,0,0,0,0,0,0,25.3,119.0,90.0,102.2,177.7,41.2,112.1,33.9,Never,Rare,Moderate,Healthy,4.7,0
P102842,70,Female,0,0,0,0,0,0,0,37.0,119.0,82.0,84.2,132.1,48.2,97.5,-42.2,Current,Rare,Moderate,Balanced,5.8,0
P102843,60,Male,1,0,0,0,0,0,0,34.0,131.0,80.0,108.1,171.2,41.4,118.9,197.9,Never,Rare,Active,Healthy,5.4,0
P102844,45,Female,0,0,0,0,1,0,0,21.2,123.0,80.0,108.8,223.0,,155.2,109.1,Current,Moderate,Moderate,Balanced,7.1,0
P102845,57,Male,0,0,1,0,0,0,0,30.1,124.0,85.0,81.7,151.6,49.1,96.0,74.8,Former,Rare,Sedentary,Poor,7.6,0
P102846,54,Male,0,0,0,0,0,0,0,25.5,118.0,73.0,112.4,184.1,55.3,91.0,161.8,Never,Rare,Sedentary,Balanced,5.7,0
P102847,73,Male,1,0,0,0,1,0,0,20.7,130.0,83.0,98.6,191.1,73.4,136.4,,Never,Rare,Active,Healthy,7.3,0
P102848,39,Female,0,0,0,0,1,0,0,32.8,141.0,77.0,108.6,203.5,47.2,137.8,,Never,Rare,Moderate,Poor,8.6,0
P102849,70,Male,0,0,0,0,0,0,0,27.1,144.0,,94.6,108.4,41.5,63.4,260.8,Never,Heavy,Sedentary,Poor,7.3,0
P102850,43,Female,0,0,0,0,0,0,0,29.1,110.0,77.0,89.3,187.0,63.2,110.7,84.8,Never,Rare,Moderate,Poor,,0
P102851,71,Female,0,0,0,0,1,0,0,22.1,142.0,75.0,103.6,244.2,35.1,162.5,56.8,Never,Moderate,Active,Healthy,7.2,0
P102852,24,Male,0,0,0,0,0,0,0,29.2,106.0,85.0,,174.5,58.9,,85.9,Never,Rare,Sedentary,Balanced,8.5,0
P102853,88,Female,0,0,0,1,0,1,1,27.6,141.0,75.0,128.2,157.3,48.3,99.4,152.9,Former,Rare,Sedentary,Healthy,6.5,0
P102854,55,Female,0,0,0,0,0,0,0,25.5,123.0,,95.8,122.4,35.9,38.5,149.1,Former,Rare,Moderate,Healthy,7.5,0
P102855,35,Female,0,0,0,0,0,0,0,35.9,111.0,92.0,91.0,129.7,,88.7,74.2,Never,Rare,Active,Poor,7.3,0
P102856,35,Female,0,0,0,0,1,0,0,27.6,96.0,75.0,109.7,203.6,62.7,157.6,294.9,Never,Moderate,Active,Balanced,10.3,0
P102857,60,Female,0,0,0,0,0,0,0,30.9,123.0,81.0,109.6,133.0,45.6,86.1,116.8,Current,Rare,Active,Balanced,8.0,0
P102858,43,Female,0,0,0,0,0,0,0,21.6,123.0,74.0,82.8,177.5,,122.2,176.6,Never,Rare,Active,Poor,7.4,0
P102859,42,Male,0,0,0,0,0,0,0,18.3,116.0,66.0,119.9,76.8,49.0,42.4,116.0,Never,Rare,Moderate,Balanced,6.0,0
P102860,84,Female,0,0,0,0,0,1,0,22.8,124.0,84.0,105.0,109.0,41.8,62.7,86.9,Never,Rare,Sedentary,Poor,,0
P102861,46,Male,0,0,0,0,0,0,0,,109.0,81.0,95.7,130.8,55.5,88.8,,Current,Heavy,Active,Healthy,7.4,0
P102862,49,Male,0,0,0,1,0,0,0,24.9,109.0,86.0,105.0,165.1,65.4,110.1,120.9,Current,Rare,Active,Balanced,7.3,0
P102863,50,Male,0,0,0,0,0,0,0,25.5,123.0,70.0,82.3,136.9,26.7,94.5,-33.1,Never,Rare,Active,Balanced,9.5,0
P102864,34,Male,0,0,0,0,0,0,0,36.4,129.0,76.0,97.9,112.9,64.7,60.8,218.4,Never,Heavy,Moderate,Balanced,8.0,0
P102865,69,Female,0,0,0,0,1,1,0,22.6,141.0,68.0,98.9,265.3,43.7,196.5,192.8,Current,Rare,Moderate,Balanced,6.6,1
P102866,57,Male,0,0,0,0,0,0,0,21.1,123.0,76.0,89.2,172.3,55.6,98.8,169.0,Never,Heavy,Sedentary,Poor,8.8,0
P102867,49,Male,0,0,0,0,0,0,0,31.6,127.0,87.0,86.1,151.8,59.8,73.7,143.0,Never,Rare,Sedentary,Balanced,7.0,0
P102868,83,Male,0,0,0,0,1,1,1,18.6,140.0,73.0,76.6,198.7,69.2,158.6,197.0,Never,Moderate,Moderate,Balanced,6.3,0
P102869,41,Female,0,0,0,1,0,0,0,29.2,113.0,81.0,,170.1,59.4,104.3,203.6,Former,Rare,Moderate,Healthy,6.6,0
P102870,73,Female,0,0,0,0,1,0,0,23.9,,89.0,111.7,221.0,34.3,146.4,97.8,Never,Rare,Active,Balanced,7.1,0
P102871,61,Other,0,0,0,0,1,0,0,31.1,112.0,79.0,104.8,177.8,37.7,162.6,125.6,Never,Moderate,Moderate,Healthy,,0
P102872,39,Female,0,0,0,0,1,0,0,33.4,128.0,77.0,93.8,216.0,73.3,161.0,187.0,Never,Rare,Moderate,Healthy,8.1,1
P102873,69,Male,0,0,0,0,1,0,0,16.7,127.0,80.0,93.9,194.1,29.4,141.4,152.7,Never,Rare,Moderate,Healthy,7.5,0
P102874,37,Male,0,1,0,0,0,0,0,27.6,134.0,86.0,113.0,179.3,56.1,114.4,200.6,Never,Rare,Sedentary,Balanced,5.9,0
P102875,39,Female,0,1,0,0,1,0,0,30.4,136.0,93.0,96.0,211.6,57.6,154.0,136.5,Former,Rare,Active,Healthy,6.1,0
P102876,61,Male,0,0,0,0,1,0,0,28.4,127.0,81.0,94.0,203.5,52.1,127.6,157.9,Former,Moderate,Moderate,Balanced,6.1,0
P102877,48,Male,0,0,0,0,0,0,0,29.6,113.0,65.0,90.9,154.8,51.9,105.8,148.5,Former,Moderate,Sedentary,Healthy,7.9,0
P102878,41,Male,0,0,0,0,1,0,0,19.6,106.0,64.0,88.0,208.0,60.7,139.4,159.9,Never,Rare,Moderate,Balanced,9.1,0
P102879,46,Female,0,0,0,0,0,0,0,20.6,105.0,91.0,109.1,168.2,54.8,123.0,191.3,Former,Heavy,Moderate,Balanced,6.8,0
P102880,29,Male,0,1,0,1,0,0,0,38.7,126.0,83.0,104.2,162.9,55.4,119.2,-4.9,Current,Rare,Active,Balanced,,0
P102881,21,Male,0,0,0,0,0,0,0,23.6,94.0,69.0,,159.4,56.6,118.7,57.7,Never,Moderate,Moderate,Balanced,6.9,0
P102882,61,Male,0,0,0,0,0,0,0,24.3,135.0,85.0,83.7,,54.2,102.0,236.2,Current,Moderate,Sedentary,Balanced,6.5,0
P102883,18,Male,0,0,0,0,0,0,0,,104.0,78.0,102.8,151.9,62.7,66.6,278.1,Never,Rare,Active,Healthy,,0
P102884,39,Male,0,0,0,0,0,0,0,23.2,120.0,61.0,90.3,188.4,43.3,123.8,96.5,Never,Moderate,Sedentary,Healthy,6.5,0
P102885,23,Male,0,0,0,0,0,0,0,,118.0,85.0,81.0,185.8,48.6,120.2,175.2,Never,Moderate,Moderate,Poor,7.7,0
P102886,61,Female,0,0,0,0,1,0,0,30.4,122.0,76.0,101.1,214.6,35.6,103.4,199.3,Current,Rare,Active,Balanced,7.3,0
P102887,81,Female,0,0,0,0,0,0,1,31.3,161.0,76.0,83.5,175.2,32.6,116.5,86.8,Never,Rare,Active,Poor,6.2,0
P102888,47,Female,0,0,0,0,0,0,0,18.5,116.0,78.0,102.5,109.7,41.7,,136.6,Never,Rare,Moderate,Balanced,5.1,0
P102889,56,Female,0,0,0,0,0,0,0,23.7,135.0,82.0,105.8,,47.9,72.8,174.4,Never,Rare,Moderate,Poor,6.1,0
P102890,60,Female,0,0,0,0,1,0,0,14.8,115.0,82.0,99.6,171.4,45.5,148.7,151.6,Former,Rare,Moderate,Balanced,6.9,0
P102891,38,Female,0,0,0,0,0,0,0,19.8,101.0,86.0,62.3,175.8,52.3,104.8,107.5,Never,Rare,Moderate,Balanced,7.8,0
P102892,86,Female,0,0,0,0,1,0,0,22.8,122.0,,105.2,207.3,47.1,159.4,139.0,Never,Rare,Moderate,Poor,7.6,0
P102893,29,Female,0,0,0,0,0,0,0,19.0,131.0,83.0,83.0,188.4,76.2,111.9,47.7,Never,Rare,Moderate,Balanced,6.7,0
P102894,44,Female,0,0,0,0,0,0,0,24.7,113.0,83.0,88.1,156.4,47.0,99.7,203.7,Current,Rare,Active,Poor,4.9,0
P102895,61,Female,0,0,0,0,0,0,0,22.4,124.0,85.0,105.8,129.0,48.6,73.9,111.6,Never,Rare,Moderate,Balanced,7.3,0
P102896,45,Female,0,0,0,0,1,0,0,32.6,128.0,80.0,102.1,215.8,66.9,123.2,95.7,Never,Rare,Sedentary,Healthy,6.5,0
P102897,59,Male,0,0,0,0,0,0,0,21.8,118.0,80.0,84.5,170.6,46.9,128.2,174.8,Former,Heavy,Sedentary,Healthy,6.0,0
P102898,32,Male,0,0,1,0,0,0,0,,85.0,73.0,105.0,149.7,61.6,110.3,99.5,Never,Rare,Moderate,Healthy,4.8,0
P102899,45,Female,0,0,0,0,1,0,0,28.7,113.0,77.0,93.4,,61.2,133.5,138.6,Former,Rare,Sedentary,Poor,5.4,0
P102900,79,Male,1,1,1,0,0,0,0,18.0,137.0,87.0,84.1,168.7,33.9,103.0,157.7,Never,Rare,Sedentary,Poor,7.3,0
P102901,27,Female,0,0,0,0,0,0,0,21.3,92.0,85.0,105.4,182.7,45.1,100.9,138.8,Never,Moderate,Moderate,Healthy,8.0,0
P102902,58,Male,0,0,0,0,0,0,0,36.5,163.0,76.0,111.1,98.6,46.4,52.2,148.8,Current,Rare,Moderate,Healthy,7.4,0
P102903,76,Male,0,0,0,0,1,0,0,28.3,129.0,77.0,99.2,,25.9,152.8,181.4,Current,Moderate,Moderate,Balanced,7.9,0
P102904,65,Female,0,0,0,0,1,0,0,15.5,114.0,83.0,100.3,256.9,41.3,169.0,189.9,Current,Rare,Moderate,Poor,7.7,0
P102905,73,Female,0,0,0,0,0,0,0,25.0,120.0,86.0,89.1,148.0,69.8,75.8,193.5,Current,Rare,Sedentary,Balanced,6.8,0
P102906,61,Female,0,0,0,1,0,0,1,28.4,137.0,88.0,114.3,192.4,51.6,118.2,146.0,Never,Rare,Moderate,Balanced,6.6,0
P102907,64,Male,0,0,0,1,1,0,0,28.8,121.0,86.0,160.4,207.6,39.4,145.2,35.6,Never,Rare,Active,Poor,4.7,0
P102908,83,Male,0,1,0,1,0,0,1,29.2,147.0,91.0,97.0,177.9,51.1,108.8,240.5,Never,Rare,Active,Healthy,6.4,0
P102909,39,Male,0,0,0,0,0,0,0,26.3,116.0,87.0,78.0,122.0,34.8,58.8,97.0,Never,Rare,Active,Balanced,8.7,0
P102910,43,Female,0,0,0,0,1,0,0,24.2,108.0,76.0,86.5,240.4,73.7,159.0,179.4,Never,Heavy,Sedentary,Poor,6.2,0
P102911,59,Female,0,0,0,0,0,0,0,22.4,123.0,78.0,106.5,161.5,54.7,76.9,156.6,Former,Moderate,Moderate,Healthy,7.5,0
P102912,64,Male,0,0,0,0,0,0,0,27.8,129.0,74.0,107.0,158.5,55.7,90.8,58.0,Never,Rare,Moderate,Balanced,7.9,0
P102913,41,Male,0,0,0,0,1,0,0,27.5,127.0,91.0,77.2,200.9,36.7,149.4,-62.2,Current,Rare,Active,Poor,8.0,0
P102914,29,Male,0,0,0,0,1,0,0,26.0,107.0,68.0,98.2,217.4,40.9,124.4,125.3,Never,Rare,Moderate,Balanced,7.2,0
P102915,49,Female,1,0,0,0,1,0,0,24.0,102.0,69.0,100.7,192.1,49.0,132.0,138.8,Former,Heavy,Moderate,Balanced,4.2,0
P102916,69,Female,0,0,0,0,1,0,0,19.3,117.0,82.0,103.5,228.2,45.7,177.4,115.7,Never,Moderate,Sedentary,Healthy,6.6,1
P102917,53,Female,0,0,0,0,0,0,0,26.7,137.0,,89.6,146.2,36.5,88.7,99.7,Never,Moderate,Moderate,Balanced,7.1,0
P102918,45,Male,0,0,0,1,1,0,1,33.5,130.0,67.0,166.4,237.3,46.2,160.3,165.2,Never,Moderate,Active,Poor,7.7,0
P102919,60,Male,0,0,0,0,0,0,0,32.2,117.0,72.0,127.7,185.4,34.8,119.2,103.5,Never,Moderate,Moderate,Balanced,8.1,0
P102920,34,Male,0,0,0,0,0,0,0,,112.0,77.0,77.0,170.3,67.5,96.0,66.9,Never,Rare,Moderate,Poor,5.4,0
P102921,65,Male,0,0,0,0,0,0,0,25.1,124.0,74.0,112.1,155.1,59.4,94.3,189.3,Current,Moderate,Moderate,Balanced,6.3,0
P102922,66,Male,0,0,0,0,1,0,0,,135.0,79.0,90.2,238.7,37.2,166.8,185.6,Never,Heavy,Moderate,Healthy,8.4,1
P102923,48,Female,0,0,0,0,1,0,0,24.0,109.0,77.0,93.9,248.7,55.1,153.0,170.8,Never,Moderate,Moderate,Healthy,7.1,0
P102924,37,Female,0,0,0,0,1,0,0,28.9,123.0,80.0,104.2,260.7,42.2,157.3,177.9,Former,Rare,Sedentary,Healthy,7.3,0
P102925,61,Male,0,0,0,1,0,0,0,28.6,128.0,87.0,,110.7,68.3,91.3,86.1,Current,Moderate,Moderate,Balanced,8.4,0
P102926,58,Female,0,1,0,0,0,0,0,30.4,147.0,99.0,125.1,167.8,52.4,100.0,140.1,Never,Moderate,Sedentary,Balanced,8.0,0
P102927,55,Female,0,0,0,0,0,0,0,22.4,121.0,81.0,97.7,158.5,30.9,112.9,126.3,Former,Rare,Sedentary,Balanced,7.6,0
P102928,49,Male,0,0,0,0,1,0,0,23.5,116.0,85.0,97.6,187.8,61.4,166.1,170.8,Never,Moderate,Active,Balanced,5.7,0
P102929,41,Female,0,0,0,0,1,0,0,26.0,102.0,82.0,103.7,191.0,48.3,159.3,144.8,Never,Heavy,Moderate,Balanced,,0
P102930,55,Male,0,0,0,1,1,0,0,24.8,132.0,74.0,167.5,199.0,44.5,162.1,104.9,Never,Moderate,Sedentary,Balanced,6.8,0
P102931,38,Male,0,0,0,1,0,0,0,31.3,116.0,85.0,99.2,143.7,50.7,121.0,212.7,Former,Moderate,Active,Balanced,6.5,0
P102932,40,Female,0,0,0,0,0,0,0,22.6,105.0,77.0,93.1,174.0,46.4,109.3,114.3,Current,Moderate,Moderate,Poor,5.4,0
P102933,64,Male,0,0,0,0,0,0,0,27.1,136.0,72.0,94.2,,72.9,73.1,173.4,Current,Heavy,Active,Healthy,7.2,0
P102934,47,Male,0,0,0,0,0,0,0,15.5,88.0,76.0,88.0,161.8,44.7,112.6,97.1,Never,Rare,Moderate,Balanced,6.1,0
P102935,49,Female,0,0,0,0,1,0,0,14.0,103.0,,74.6,225.8,54.0,132.3,137.9,Never,Rare,Active,Balanced,6.8,0
P102936,40,Female,0,0,0,1,0,0,0,37.6,120.0,71.0,182.1,158.7,37.5,102.4,246.6,Never,Moderate,Active,Poor,6.7,0
P102937,41,Male,0,0,0,0,0,0,0,21.7,101.0,94.0,117.2,108.5,62.8,71.2,249.6,Never,Moderate,Active,Balanced,6.9,0
P102938,34,Female,0,0,0,0,1,0,0,29.5,122.0,81.0,82.2,200.9,37.3,116.8,109.2,Never,Rare,Moderate,Healthy,7.5,0
P102939,28,Male,0,1,0,1,1,0,0,30.5,144.0,96.0,182.6,225.8,52.7,140.4,120.7,Former,Moderate,Sedentary,Balanced,5.4,0
P102940,69,Male,1,0,1,0,1,0,0,31.0,148.0,70.0,87.5,227.4,44.4,163.3,105.8,Never,Rare,Active,Poor,7.9,0
P102941,38,Male,0,0,0,0,0,0,0,19.4,,64.0,95.4,154.9,55.8,120.6,107.3,Never,Moderate,Moderate,Balanced,7.2,0
P102942,18,Female,0,0,0,0,1,0,0,21.6,120.0,75.0,82.9,195.5,56.1,130.4,75.3,Never,Moderate,Moderate,Poor,6.7,0
P102943,43,Male,0,0,1,0,1,0,0,28.9,115.0,75.0,88.6,204.0,56.6,120.2,68.1,Current,Rare,Active,Balanced,7.7,0
P102944,66,Male,0,0,0,0,0,1,0,19.2,135.0,75.0,92.8,158.2,48.2,116.3,82.8,Never,Rare,Moderate,Balanced,6.6,0
P102945,71,Female,0,0,0,0,0,0,0,37.0,139.0,88.0,74.9,163.8,51.8,114.3,150.2,Never,Rare,Active,Healthy,7.5,0
P102946,37,Male,1,0,0,0,1,0,0,28.0,113.0,76.0,82.4,211.0,55.7,191.8,53.1,Never,Rare,Moderate,Poor,7.5,0
P102947,58,Female,0,0,0,0,1,0,0,27.3,118.0,85.0,113.9,240.1,43.3,152.0,110.2,Never,Rare,Moderate,Healthy,6.9,0
P102948,69,Female,1,0,0,0,1,0,0,14.0,119.0,73.0,112.0,,55.2,139.8,188.8,Current,Rare,Moderate,Healthy,6.6,0
P102949,69,Male,0,1,0,0,0,0,0,19.3,138.0,90.0,108.0,180.5,55.0,121.2,217.3,Former,Heavy,Active,Balanced,6.8,0
P102950,68,Female,0,0,0,0,0,0,0,19.7,101.0,66.0,87.3,143.0,36.8,110.3,84.0,Former,Rare,Active,Healthy,6.6,0
P102951,36,Male,0,0,0,0,0,0,0,25.1,,84.0,102.9,186.7,46.6,107.2,156.6,Never,Rare,Moderate,Healthy,4.9,0
P102952,41,Female,0,0,0,0,0,0,0,29.6,120.0,82.0,104.7,148.8,67.4,86.7,19.5,Never,Moderate,Moderate,Poor,6.9,0
P102953,25,Female,0,0,0,0,0,0,0,15.8,95.0,76.0,79.8,158.2,61.8,88.0,134.0,Current,Moderate,Moderate,Balanced,7.7,0
P102954,54,Male,0,0,0,0,1,0,0,25.8,128.0,83.0,114.6,219.8,66.3,132.0,57.0,Never,Rare,Moderate,Poor,8.0,0
P102955,35,Male,0,0,0,0,0,0,0,25.5,108.0,74.0,,184.0,43.4,129.3,36.2,Never,Moderate,Moderate,Healthy,8.2,0
P102956,59,Female,0,1,0,0,0,0,0,27.9,141.0,115.0,101.1,193.2,62.6,125.9,198.8,Never,Heavy,Active,Balanced,7.0,0
P102957,42,Female,0,0,0,0,1,0,0,26.5,128.0,73.0,,235.5,36.3,141.8,186.6,Never,Rare,Active,Healthy,5.5,0
P102958,67,Female,0,0,0,0,1,0,0,33.3,137.0,91.0,92.1,,59.5,153.2,173.3,Never,Moderate,Sedentary,Balanced,6.8,0
P102959,76,Female,0,0,0,1,0,0,0,28.6,136.0,86.0,181.6,145.0,43.3,97.0,103.5,Never,Rare,Sedentary,Balanced,7.1,0
P102960,53,Male,0,0,0,0,1,0,0,31.6,128.0,82.0,100.6,203.8,26.9,171.1,220.1,Current,Moderate,Active,Balanced,6.8,0
P102961,34,Male,0,0,0,0,0,0,0,30.3,123.0,87.0,87.8,144.3,,79.1,98.7,Never,Rare,Moderate,Balanced,6.3,0
P102962,65,Male,0,0,0,0,0,0,0,19.7,123.0,82.0,94.0,136.7,48.9,109.1,109.6,Never,Rare,Active,Healthy,5.8,0
P102963,61,Male,0,0,0,0,0,0,0,18.0,,72.0,,163.3,,113.9,197.8,Never,Rare,Moderate,Healthy,7.2,0
P102964,37,Other,0,0,1,0,0,0,0,17.6,112.0,79.0,106.8,107.8,58.0,61.3,224.4,Never,Moderate,Moderate,Balanced,8.5,0
P102965,49,Female,0,1,0,1,0,0,0,34.6,133.0,81.0,131.4,151.5,31.9,117.4,146.5,Never,Rare,Active,Balanced,6.1,0
P102966,59,Female,0,1,0,0,1,0,0,34.0,143.0,92.0,53.5,180.6,42.0,136.5,103.1,Never,Rare,Moderate,Poor,7.6,0
P102967,49,Male,0,0,0,0,0,0,0,30.5,123.0,74.0,97.7,196.6,55.2,109.4,271.3,Current,Rare,Moderate,Balanced,7.3,0
P102968,63,Female,0,0,0,0,0,0,0,26.7,130.0,85.0,102.4,184.2,37.8,118.2,257.6,Former,Rare,Moderate,Balanced,5.6,0
P102969,80,Male,0,1,1,0,0,0,1,28.1,177.0,79.0,101.6,190.3,58.0,130.0,72.5,Current,Rare,Moderate,Poor,6.1,1
P102970,59,Male,0,0,0,0,1,0,0,22.7,,76.0,84.2,176.2,40.1,148.2,75.8,Never,Moderate,Moderate,Balanced,7.8,0
P102971,53,Female,0,0,0,1,0,0,0,30.4,137.0,74.0,149.3,139.3,70.7,,140.9,Former,Heavy,Moderate,Balanced,7.0,0
P102972,67,Male,0,0,0,1,0,0,0,31.2,111.0,85.0,121.3,151.9,51.2,110.7,164.1,Former,Heavy,Sedentary,Poor,9.0,0
P102973,63,Female,0,0,0,1,1,0,1,36.1,127.0,76.0,187.9,185.9,33.0,130.1,250.2,Never,Moderate,Sedentary,Poor,6.6,0
P102974,61,Male,0,1,0,0,0,0,0,20.6,149.0,86.0,93.6,181.0,43.0,,168.5,Former,Rare,Sedentary,Healthy,7.8,0
P102975,31,Female,1,0,0,0,1,0,0,25.6,94.0,84.0,92.9,,44.3,163.9,106.7,Never,Heavy,Moderate,Balanced,6.9,0
P102976,90,Male,0,0,0,0,1,0,0,,151.0,83.0,94.4,188.0,39.9,139.1,132.6,Former,Rare,Moderate,Poor,7.9,0
P102977,47,Female,0,0,0,0,0,0,0,26.2,120.0,75.0,112.5,149.5,67.7,108.2,92.4,Current,Rare,Moderate,Healthy,6.5,0
P102978,45,Male,0,0,0,0,0,0,0,17.2,113.0,72.0,95.7,154.2,,93.5,222.9,Never,Heavy,Moderate,Balanced,7.3,0
P102979,57,Male,0,0,0,0,1,0,0,23.7,141.0,84.0,,204.0,42.7,104.8,141.2,Current,Rare,Moderate,Poor,6.8,0
P102980,33,Female,0,0,0,0,1,0,0,19.7,111.0,76.0,87.9,202.7,36.0,133.5,238.3,Never,Rare,Active,Balanced,8.3,0
P102981,77,Male,0,1,0,0,0,1,0,19.3,160.0,77.0,,178.2,67.1,101.6,102.3,Former,Rare,Sedentary,Balanced,5.0,1
P102982,80,Male,0,1,0,0,0,0,1,24.3,147.0,88.0,92.8,113.5,,,116.7,Former,Rare,Moderate,Poor,5.7,0
P102983,65,Male,0,0,0,0,1,0,0,23.8,118.0,78.0,97.4,,41.5,183.1,122.3,Never,Heavy,Active,Poor,6.3,1
P102984,34,Male,0,0,0,0,0,0,0,,106.0,84.0,105.1,174.9,54.5,115.3,136.5,Never,Heavy,Sedentary,Balanced,,0
P102985,54,Male,0,0,0,0,1,0,0,28.0,125.0,72.0,84.5,222.7,71.7,114.2,173.4,Current,Rare,Active,Balanced,7.2,0
P102986,39,Male,0,0,0,0,1,0,0,21.7,95.0,94.0,105.9,191.4,54.0,138.9,102.6,Never,Rare,Active,Balanced,7.1,0
P102987,51,Female,0,0,0,0,1,0,0,30.0,121.0,74.0,102.2,219.0,43.5,151.4,169.3,Never,Rare,Moderate,Balanced,6.8,0
P102988,43,Female,0,0,0,0,0,0,0,23.8,116.0,78.0,72.0,178.8,45.8,117.1,57.0,Never,Moderate,Moderate,Healthy,7.7,0
P102989,61,Male,0,0,0,0,0,0,0,22.8,121.0,78.0,94.5,121.5,33.2,54.8,145.0,Never,Rare,Sedentary,Healthy,7.4,0
P102990,64,Female,0,1,0,1,0,0,0,30.3,135.0,89.0,181.5,133.3,52.1,80.6,150.1,Former,Moderate,Moderate,Balanced,8.9,0
P102991,44,Female,0,1,0,0,1,0,0,27.3,122.0,93.0,99.1,204.0,67.6,138.7,195.9,Former,Moderate,Active,Balanced,6.6,0
P102992,52,Female,0,0,0,0,0,0,0,28.1,126.0,75.0,79.7,193.6,83.0,110.4,160.1,Never,Rare,Moderate,Balanced,6.9,0
P102993,43,Female,0,0,0,0,0,0,0,26.2,112.0,88.0,73.1,142.5,66.1,89.7,216.7,Never,Rare,Active,Balanced,6.6,0
P102994,32,Female,0,0,0,0,1,0,0,28.9,124.0,,94.4,210.3,53.5,127.1,133.0,Never,Moderate,Moderate,Poor,7.9,0
P102995,64,Female,0,0,0,0,1,0,0,33.0,142.0,72.0,70.9,177.6,86.3,136.2,376.4,Never,Moderate,Sedentary,Balanced,6.2,0
P102996,59,Female,0,0,0,0,0,0,0,31.1,140.0,82.0,100.6,142.0,52.8,119.9,67.8,Never,Rare,Sedentary,Balanced,7.4,0
P102997,58,Male,0,0,1,0,0,0,0,15.8,112.0,72.0,90.5,,50.3,94.4,237.2,Former,Rare,Active,Balanced,8.1,0
P102998,63,Female,0,0,0,0,0,0,1,30.7,148.0,73.0,95.6,193.5,43.0,116.4,137.3,Never,Rare,Moderate,Poor,6.2,0
P102999,82,Male,0,0,0,0,1,0,0,18.3,127.0,79.0,87.7,,33.5,178.9,251.8,Never,Rare,Moderate,Balanced,7.8,0
P103000,60,Female,0,1,0,0,0,0,0,30.0,154.0,84.0,104.7,171.3,43.8,86.8,99.6,Former,Rare,Moderate,Balanced,6.6,0
P103001,41,Female,0,0,0,0,0,0,0,20.9,109.0,80.0,124.4,160.3,22.6,121.9,202.9,Current,Rare,Sedentary,Poor,6.1,0
P103002,70,Male,1,0,0,0,1,0,0,24.9,116.0,80.0,97.2,200.0,60.3,144.6,222.8,Never,Rare,Sedentary,Healthy,9.9,0
P103003,34,Male,0,0,0,0,0,0,0,21.4,110.0,65.0,99.5,188.9,57.0,115.2,225.0,Never,Moderate,Active,Healthy,8.2,0
P103004,46,Female,0,0,0,0,0,0,0,30.0,135.0,83.0,121.6,184.1,50.4,,96.5,Never,Moderate,Active,Balanced,5.5,0
P103005,47,Male,0,0,0,1,1,0,0,32.8,127.0,60.0,122.7,218.0,52.9,157.9,25.9,Current,Heavy,Moderate,Poor,6.3,0
P103006,61,Female,1,0,0,0,1,0,0,31.1,132.0,82.0,88.9,194.7,62.9,159.4,111.6,Current,Rare,Active,Healthy,7.7,0
P103007,53,Female,0,1,0,0,0,0,0,34.6,142.0,84.0,108.5,94.8,48.8,69.8,239.7,Never,Rare,Moderate,Poor,6.6,0
P103008,41,Male,0,0,0,0,0,0,0,25.3,132.0,,,127.2,32.4,75.6,-22.0,Never,Rare,Active,Healthy,7.5,0
P103009,77,Male,0,0,0,1,0,1,1,40.1,147.0,83.0,168.5,151.1,40.8,57.8,159.3,Former,Rare,Sedentary,Balanced,8.5,0
P103010,45,Male,0,0,0,0,1,0,0,21.5,106.0,89.0,93.0,237.3,78.9,190.2,45.4,Never,Moderate,Moderate,Healthy,6.9,0
P103011,60,Male,1,0,0,1,1,0,1,28.5,132.0,81.0,115.3,246.7,49.8,162.3,89.1,Never,Rare,Moderate,Healthy,7.9,0
P103012,50,Female,0,0,0,0,0,0,0,28.5,122.0,75.0,90.2,159.8,54.6,85.7,141.7,Never,Rare,Active,Poor,6.1,0
P103013,45,Female,0,0,0,0,0,0,0,29.9,127.0,89.0,82.9,199.2,44.8,117.0,40.3,Current,Rare,Active,Balanced,8.2,0
P103014,64,Male,0,1,0,0,1,0,0,24.9,150.0,94.0,106.1,319.4,36.0,189.0,251.2,Never,Moderate,Sedentary,Healthy,6.6,0
P103015,50,Female,0,0,0,0,1,0,0,21.1,103.0,73.0,98.7,250.5,49.6,153.6,170.2,Current,Rare,Sedentary,Balanced,5.3,0
P103016,40,Male,0,0,0,0,0,0,0,21.3,105.0,75.0,77.5,163.6,36.0,126.3,156.6,Never,Rare,Active,Poor,7.7,0
P103017,34,Female,0,0,0,0,1,0,0,25.8,135.0,78.0,81.8,178.0,29.3,144.8,271.2,Never,Heavy,Sedentary,Balanced,7.8,0
P103018,58,Female,0,0,0,0,0,0,0,23.2,109.0,72.0,109.3,130.8,40.0,44.6,179.8,Never,Rare,Moderate,Balanced,6.2,0
P103019,73,Male,0,0,0,0,0,0,0,32.7,122.0,89.0,97.0,134.3,45.4,84.7,113.2,Former,Moderate,Moderate,Balanced,7.5,0
P103020,66,Female,0,1,0,1,0,0,0,,130.0,100.0,125.4,108.2,51.3,95.8,93.7,Never,Rare,Active,Balanced,6.8,0
P103021,49,Male,0,0,0,0,1,0,0,26.1,122.0,77.0,89.1,241.3,47.1,140.1,92.0,Never,Rare,Moderate,Balanced,7.6,0
P103022,61,Female,1,0,0,1,0,0,0,28.6,132.0,96.0,166.2,188.7,67.3,109.2,130.6,Never,Moderate,Sedentary,Balanced,,1
P103023,67,Male,0,0,0,0,0,0,0,28.7,122.0,83.0,90.5,169.2,27.3,97.1,100.2,Never,Moderate,Moderate,Balanced,7.7,0
P103024,65,Male,0,0,0,0,0,0,0,27.0,144.0,77.0,99.6,138.3,50.9,115.8,82.4,Never,Rare,Sedentary,Balanced,7.6,0
P103025,58,Male,0,1,1,0,0,0,0,28.1,151.0,87.0,83.8,102.7,57.9,69.4,161.9,Current,Rare,Sedentary,Balanced,4.8,0
P103026,28,Male,0,0,1,0,0,0,0,31.4,116.0,81.0,85.5,159.4,28.8,,124.6,Never,Rare,Sedentary,Healthy,5.7,0
P103027,53,Male,0,0,0,0,1,0,0,24.4,106.0,83.0,70.0,244.5,48.3,,160.1,Never,Heavy,Sedentary,Balanced,8.1,1
P103028,46,Male,0,0,0,0,0,0,0,34.0,130.0,79.0,102.4,130.3,58.4,65.5,57.8,Never,Moderate,Active,Balanced,6.6,0
P103029,68,Female,0,1,0,0,1,0,0,26.1,138.0,71.0,101.9,205.0,51.9,102.4,173.7,Never,Rare,Active,Balanced,6.7,0
P103030,49,Female,0,0,0,0,0,0,0,32.7,127.0,74.0,80.1,187.3,,117.8,98.7,Former,Rare,Moderate,Balanced,7.6,0
P103031,45,Female,0,0,0,0,0,0,0,23.2,117.0,74.0,92.9,172.9,44.1,121.9,112.3,Current,Rare,Active,Balanced,5.9,0
P103032,43,Male,0,0,0,0,0,0,0,25.9,137.0,67.0,80.0,173.0,44.8,103.1,202.0,Never,Rare,Active,Balanced,4.7,0
P103033,37,Male,0,0,0,0,0,0,0,24.1,121.0,83.0,87.3,170.3,43.9,,-7.2,Never,Rare,Moderate,Healthy,9.1,0
P103034,50,Female,0,0,0,0,0,0,0,19.0,109.0,68.0,71.9,185.4,41.9,118.6,106.8,Never,Rare,Moderate,Healthy,7.4,0
P103035,75,Male,0,0,0,1,0,0,0,23.4,126.0,75.0,148.4,122.5,55.5,56.3,203.5,Former,Rare,Active,Balanced,6.6,0
P103036,66,Female,0,0,0,0,0,0,0,31.6,137.0,87.0,102.2,193.3,51.1,96.2,135.1,Never,Moderate,Sedentary,Healthy,4.8,0
P103037,46,Male,1,0,0,0,0,0,0,25.4,113.0,80.0,104.4,131.8,56.6,114.2,161.1,Never,Moderate,Moderate,Balanced,9.0,0
P103038,46,Female,0,0,0,0,1,0,0,19.6,108.0,78.0,86.7,261.8,33.6,151.1,136.4,Never,Rare,Moderate,Healthy,7.5,0
P103039,50,Male,0,0,0,0,1,0,0,19.1,112.0,64.0,126.9,169.9,55.0,134.4,177.1,Former,Rare,Sedentary,Poor,6.1,0
P103040,44,Female,0,0,0,0,0,0,0,22.1,116.0,72.0,70.9,156.5,43.1,77.9,201.7,Never,Moderate,Active,Poor,7.4,0
P103041,48,Female,0,0,0,0,0,0,0,26.9,125.0,79.0,84.7,189.7,41.3,119.8,186.3,Never,Rare,Sedentary,Poor,6.3,0
P103042,78,Female,0,0,0,0,0,0,0,26.5,143.0,74.0,113.4,184.4,46.5,114.2,214.1,Never,Rare,Sedentary,Balanced,7.1,0
P103043,67,Female,0,1,0,0,0,0,0,23.2,135.0,82.0,113.0,123.8,66.3,72.6,141.2,Former,Rare,Active,Balanced,6.7,0
P103044,62,Female,0,0,0,0,1,0,0,27.6,124.0,86.0,102.5,187.1,54.1,,151.8,Former,Rare,Active,Poor,7.3,0
P103045,64,Male,1,0,1,0,1,0,0,29.7,137.0,79.0,104.5,,71.5,143.9,82.1,Never,Rare,Sedentary,Balanced,7.1,0
P103046,73,Male,0,0,1,0,0,1,0,19.3,112.0,73.0,107.0,157.0,50.6,,19.9,Never,Moderate,Moderate,Balanced,9.0,0
P103047,54,Female,0,1,0,0,1,0,0,24.0,144.0,73.0,82.5,183.7,62.6,158.8,66.8,Current,Heavy,Moderate,Balanced,6.1,0
P103048,84,Male,0,0,0,0,0,0,0,20.0,133.0,71.0,70.9,156.7,43.3,100.7,131.8,Never,Rare,Moderate,Balanced,8.1,0
P103049,65,Female,1,0,0,0,1,0,0,18.4,116.0,73.0,,195.2,62.4,135.6,204.3,Former,Moderate,Moderate,Healthy,6.8,0
P103050,43,Male,0,0,0,0,0,0,0,27.8,134.0,89.0,91.3,120.2,54.5,76.8,239.9,Current,Rare,Moderate,Healthy,7.3,0
P103051,50,Male,0,0,0,0,0,0,0,26.1,118.0,86.0,101.5,160.8,42.6,116.1,147.3,Never,Rare,Sedentary,Balanced,7.6,0
P103052,40,Male,0,0,0,0,0,0,0,26.7,111.0,82.0,81.4,198.2,26.5,115.4,167.9,Never,Rare,Sedentary,Balanced,6.6,0
P103053,54,Female,0,0,0,0,1,0,0,27.0,123.0,71.0,82.7,252.8,47.5,188.6,224.0,Never,Rare,Moderate,Balanced,6.6,0
P103054,41,Female,0,1,0,0,0,0,0,37.0,150.0,83.0,90.8,163.3,76.6,117.5,101.2,Never,Rare,Moderate,Healthy,6.2,0
P103055,64,Male,0,0,0,1,1,0,0,,120.0,66.0,142.9,206.1,43.7,149.4,139.7,Former,Moderate,Active,Balanced,7.7,0
P103056,36,Male,0,0,0,0,1,0,0,30.6,113.0,84.0,,183.3,49.9,130.2,147.5,Never,Heavy,Active,Balanced,7.3,0
P103057,65,Male,0,0,0,0,1,0,0,26.3,139.0,82.0,104.1,191.0,40.2,132.7,49.6,Never,Moderate,Sedentary,Healthy,5.7,0
P103058,87,Female,0,0,0,0,1,1,1,38.6,159.0,80.0,97.9,201.7,40.3,,178.2,Never,Rare,Sedentary,Healthy,6.1,0
P103059,66,Female,0,1,0,0,0,0,0,27.6,156.0,86.0,81.4,122.9,49.3,86.2,130.7,Current,Rare,Sedentary,Healthy,7.2,0
P103060,54,Female,1,1,0,0,1,0,0,24.0,137.0,81.0,85.0,175.9,43.3,142.4,126.7,Never,Rare,Moderate,Healthy,7.3,0
P103061,60,Male,0,0,0,0,1,0,0,18.9,118.0,70.0,107.6,193.6,42.4,132.6,156.2,Former,Heavy,Active,Balanced,8.9,0
P103062,35,Male,0,0,0,0,0,0,0,21.1,96.0,72.0,102.2,132.3,,68.6,70.3,Never,Rare,Sedentary,Balanced,6.9,0
P103063,60,Male,0,0,0,0,1,0,0,24.9,112.0,84.0,86.0,260.0,54.6,168.3,191.1,Never,Rare,Sedentary,Healthy,9.5,0
P103064,49,Female,0,0,0,0,0,0,0,24.6,120.0,68.0,96.0,123.4,64.8,78.5,146.3,Never,Moderate,Moderate,Balanced,7.6,0
P103065,60,Male,1,0,0,0,0,0,0,23.0,125.0,82.0,104.8,169.8,48.6,103.7,226.6,Never,Rare,Sedentary,Balanced,7.2,0
P103066,58,Female,0,0,0,0,1,0,0,25.9,128.0,65.0,94.5,223.0,49.2,145.6,,Never,Heavy,Moderate,Poor,7.2,0
P103067,63,Male,0,0,0,0,0,0,0,29.4,128.0,68.0,77.3,189.6,44.6,114.5,155.3,Current,Moderate,Sedentary,Balanced,8.1,0
P103068,52,Female,0,0,0,0,0,0,0,19.4,104.0,75.0,,142.7,41.3,76.3,123.4,Never,Rare,Sedentary,Balanced,8.3,0
P103069,28,Male,0,0,0,0,1,0,0,24.6,112.0,79.0,104.9,218.5,,119.2,170.1,Never,Moderate,Sedentary,Balanced,7.9,0
P103070,31,Female,0,0,0,0,1,0,0,36.0,152.0,78.0,90.5,210.1,50.6,142.6,130.5,Never,Moderate,Moderate,Balanced,5.0,0
P103071,57,Male,0,0,0,0,1,0,0,30.6,121.0,74.0,96.1,194.5,68.6,,19.3,Never,Rare,Moderate,Poor,5.9,0
P103072,28,Female,0,0,0,0,0,0,0,17.8,97.0,69.0,113.4,129.8,35.3,71.2,175.8,Current,Moderate,Moderate,Balanced,7.6,0
P103073,49,Female,0,0,0,0,0,0,0,21.0,106.0,73.0,103.2,191.5,63.4,116.8,127.9,Current,Moderate,Moderate,Balanced,7.2,0
P103074,65,Male,0,0,0,0,0,0,0,18.3,146.0,79.0,107.9,167.4,53.9,95.5,42.3,Former,Rare,Moderate,Balanced,7.2,0
P103075,37,Male,0,0,0,0,0,0,0,18.7,110.0,81.0,,140.4,42.5,83.3,168.0,Never,Moderate,Active,Healthy,8.5,0
P103076,30,Male,0,0,0,0,1,0,0,19.3,117.0,86.0,76.6,208.1,44.7,145.2,194.0,Never,Rare,Moderate,Balanced,7.2,0
P103077,60,Male,0,0,0,0,0,0,0,18.0,130.0,71.0,86.1,109.4,35.8,83.0,245.4,Never,Moderate,Sedentary,Healthy,5.6,0
P103078,37,Male,0,0,0,0,1,0,0,33.1,125.0,86.0,98.4,220.1,41.4,154.3,86.2,Never,Moderate,Moderate,Healthy,7.4,0
P103079,46,Male,0,0,0,0,0,0,0,25.7,126.0,75.0,106.4,104.7,43.9,68.7,170.7,Never,Rare,Moderate,Balanced,6.5,0
P103080,44,Female,0,0,0,1,0,0,0,29.3,119.0,89.0,174.7,169.8,40.1,,183.4,Never,Rare,Active,Poor,7.2,0
P103081,55,Male,1,0,0,0,0,0,0,29.5,123.0,61.0,129.4,129.0,14.7,85.8,90.0,Never,Moderate,Moderate,Balanced,6.1,1
P103082,46,Female,0,0,0,1,0,0,0,28.0,124.0,72.0,186.0,153.5,,99.8,76.8,Former,Moderate,Sedentary,Balanced,7.2,0
P103083,56,Male,0,0,0,1,0,0,0,27.8,108.0,79.0,212.2,189.5,45.3,110.1,115.5,Never,Rare,Moderate,Healthy,7.0,0
P103084,18,Male,0,0,0,0,0,0,0,23.9,100.0,78.0,103.9,172.9,,98.0,29.8,Never,Moderate,Active,Balanced,6.9,0
P103085,37,Female,0,0,0,0,0,0,0,27.5,122.0,70.0,86.4,161.7,33.9,98.8,181.5,Former,Rare,Moderate,Balanced,7.5,0
P103086,50,Female,0,0,0,0,0,0,0,34.0,130.0,76.0,95.4,186.2,52.0,121.0,60.8,Current,Rare,Moderate,Healthy,7.2,0
P103087,57,Female,0,0,0,0,1,0,0,27.2,128.0,80.0,85.4,210.1,62.5,166.6,,Never,Rare,Moderate,Balanced,7.9,0
P103088,70,Male,0,0,0,0,1,1,0,20.8,144.0,75.0,93.4,232.7,41.1,142.2,131.1,Never,Rare,Sedentary,Balanced,4.6,0
P103089,68,Male,0,0,0,0,1,0,0,23.9,,78.0,106.7,202.9,51.9,117.6,166.8,Never,Moderate,Active,Balanced,6.0,0
P103090,70,Male,1,0,0,0,0,0,0,29.1,146.0,71.0,124.6,174.1,36.0,109.3,98.1,Never,Rare,Moderate,Healthy,5.4,0
P103091,36,Female,0,0,0,0,1,0,0,19.8,107.0,84.0,100.4,197.2,67.6,150.1,145.5,Never,Rare,Active,Balanced,8.1,0
P103092,28,Female,0,0,0,0,0,0,0,28.2,116.0,78.0,113.6,172.5,72.3,106.7,137.1,Never,Rare,Moderate,Balanced,7.5,0
P103093,76,Female,0,0,0,0,1,0,0,24.9,145.0,74.0,80.1,200.5,54.5,127.1,179.8,Former,Moderate,Moderate,Balanced,7.9,0
P103094,63,Male,0,0,0,0,1,0,0,22.5,136.0,82.0,93.4,205.2,42.0,146.2,140.1,Never,Rare,Active,Healthy,9.1,0
P103095,18,Male,0,0,0,0,0,0,0,29.6,96.0,83.0,104.0,134.1,40.7,84.0,166.4,Never,Rare,Active,Healthy,7.7,0
P103096,60,Female,0,0,0,0,1,0,0,35.2,127.0,74.0,87.6,201.1,47.9,140.9,69.0,Former,Rare,Moderate,Balanced,6.7,0
P103097,20,Male,0,0,0,0,0,0,0,27.4,110.0,77.0,99.3,166.1,46.2,121.4,44.5,Former,Rare,Active,Healthy,5.9,0
P103098,41,Female,0,0,0,0,0,0,0,27.7,135.0,79.0,101.2,167.8,42.0,123.9,231.0,Current,Rare,Active,Healthy,8.7,0
P103099,34,Female,0,0,0,1,1,0,0,33.5,126.0,88.0,130.8,223.7,45.8,135.8,154.2,Former,Rare,Active,Balanced,8.4,0
P103100,38,Male,0,0,0,0,0,0,0,26.6,120.0,72.0,90.4,186.8,19.7,128.0,171.0,Former,Rare,Moderate,Balanced,5.6,0
P103101,45,Male,0,0,0,0,1,0,0,27.6,111.0,80.0,,215.8,48.5,153.4,161.6,Never,Moderate,Active,Balanced,6.4,0
P103102,57,Female,0,0,0,0,0,0,0,22.2,112.0,68.0,89.0,166.7,45.6,93.0,161.6,Never,Rare,Moderate,Poor,5.8,0
P103103,48,Female,0,0,0,0,0,0,0,31.3,102.0,86.0,78.4,138.3,51.7,111.4,88.7,Never,Rare,Moderate,Balanced,6.7,0
P103104,70,Female,0,0,0,0,1,1,0,40.8,114.0,89.0,70.9,175.1,62.0,135.5,93.0,Former,Moderate,Moderate,Balanced,6.0,0
P103105,74,Female,0,0,0,0,1,0,0,25.2,142.0,77.0,90.0,186.8,48.0,151.1,,Never,Moderate,Sedentary,Balanced,8.2,0
P103106,41,Male,0,0,0,0,0,0,0,14.0,105.0,65.0,69.5,192.6,45.1,129.0,95.9,Former,Moderate,Moderate,Poor,6.9,0
P103107,49,Male,0,0,0,0,0,0,0,29.4,119.0,80.0,84.1,,61.9,78.9,153.4,Never,Rare,Sedentary,Balanced,,0
P103108,44,Male,1,1,0,0,0,0,0,24.3,124.0,80.0,86.2,177.3,48.5,89.3,,Never,Moderate,Moderate,Balanced,7.5,0
P103109,64,Male,0,1,0,1,0,0,0,28.5,137.0,96.0,201.3,155.8,54.0,120.8,43.6,Never,Rare,Moderate,Balanced,7.3,0
P103110,62,Female,0,1,0,0,0,0,0,26.6,126.0,82.0,92.6,157.0,67.7,116.4,185.8,Former,Rare,Active,Balanced,6.1,0
P103111,20,Male,0,0,0,0,0,0,0,,100.0,73.0,115.1,174.1,67.7,117.9,135.9,Current,Rare,Active,Balanced,7.7,0
P103112,27,Female,0,0,0,0,1,0,0,29.8,128.0,87.0,79.3,206.4,41.7,121.2,166.5,Never,Rare,Active,Balanced,8.7,0
P103113,64,Female,0,0,0,0,0,0,0,25.6,125.0,83.0,95.9,93.5,50.4,41.2,184.2,Never,Rare,Moderate,Poor,6.9,0
P103114,57,Male,0,0,0,0,1,0,0,25.3,124.0,84.0,71.1,208.3,43.3,167.0,49.7,Never,Rare,Sedentary,Healthy,6.9,0
P103115,58,Male,0,1,0,0,0,0,0,30.0,144.0,78.0,91.1,170.4,58.1,115.8,117.3,Never,Rare,Moderate,Balanced,7.2,0
P103116,50,Male,0,0,0,1,1,0,0,24.5,116.0,76.0,165.2,200.7,47.5,111.0,93.0,Current,Rare,Active,Healthy,9.0,0
P103117,66,Male,0,0,1,1,0,0,0,25.6,137.0,94.0,150.8,162.2,,78.0,155.2,Former,Rare,Moderate,Healthy,7.5,0
P103118,63,Male,0,0,0,1,0,0,0,23.5,132.0,78.0,176.3,154.8,64.8,88.0,117.7,Never,Rare,Active,Balanced,6.5,0
P103119,66,Male,0,0,0,0,0,0,0,18.5,121.0,74.0,119.6,143.5,28.7,103.9,200.2,Current,Rare,Moderate,Balanced,8.4,0
P103120,59,Male,0,0,0,1,0,0,0,36.2,140.0,80.0,164.8,131.4,50.3,76.6,183.6,Never,Rare,Sedentary,Balanced,7.7,0
P103121,65,Male,0,0,0,1,0,0,0,23.1,113.0,83.0,166.9,115.9,48.8,71.1,154.0,Former,Rare,Sedentary,Balanced,6.4,0
P103122,46,Female,1,0,0,0,0,0,0,14.6,112.0,75.0,80.7,161.9,37.8,117.0,167.9,Former,Rare,Sedentary,Balanced,7.9,0
P103123,47,Female,0,0,0,0,1,0,0,30.5,114.0,86.0,103.8,178.9,45.0,148.6,191.0,Never,Rare,Sedentary,Healthy,7.8,0
P103124,55,Female,0,0,0,0,0,0,0,30.1,126.0,69.0,109.9,148.2,62.9,95.8,162.4,Never,Rare,Active,Balanced,8.4,0
P103125,25,Other,0,0,0,0,1,0,0,19.5,104.0,79.0,117.2,174.1,61.0,131.2,285.4,Former,Rare,Moderate,Balanced,6.7,0
P103126,56,Female,0,0,0,0,0,0,0,24.4,,81.0,90.5,165.5,25.6,97.9,181.8,Never,Moderate,Moderate,Poor,7.7,0
P103127,74,Female,0,0,0,1,0,0,0,29.4,128.0,73.0,149.7,179.2,38.1,105.8,142.2,Former,Moderate,Moderate,Balanced,6.6,0
P103128,76,Female,1,0,0,0,1,0,0,30.2,122.0,74.0,122.4,199.4,,138.4,278.6,Former,Rare,Sedentary,Balanced,7.5,0
P103129,53,Female,0,1,1,0,0,0,0,26.6,134.0,87.0,103.2,157.6,60.5,103.0,161.5,Never,Moderate,Active,Poor,5.3,0
P103130,58,Male,0,0,0,0,0,0,0,37.6,142.0,83.0,112.0,181.7,52.3,114.4,102.3,Never,Rare,Sedentary,Balanced,7.5,0
P103131,73,Female,0,0,1,0,1,0,0,23.2,128.0,85.0,86.3,245.1,51.7,187.0,142.1,Never,Rare,Moderate,Balanced,8.3,0
P103132,49,Male,1,0,0,0,0,0,0,23.8,142.0,83.0,110.7,168.6,56.3,117.6,128.2,Never,Rare,Active,Balanced,10.2,0
P103133,33,Female,1,0,0,0,1,0,0,16.4,113.0,74.0,84.2,166.1,56.1,130.1,243.3,Former,Rare,Sedentary,Healthy,,0
P103134,33,Male,0,0,0,0,1,0,0,23.2,108.0,85.0,111.5,203.3,51.0,127.5,131.1,Former,Moderate,Moderate,Balanced,7.1,0
P103135,67,Male,0,0,0,1,0,0,0,29.5,135.0,69.0,160.5,122.7,44.9,85.0,115.0,Former,Rare,Active,Poor,6.4,0
P103136,61,Female,0,0,0,0,0,0,0,21.5,123.0,75.0,106.4,125.0,46.3,75.9,126.3,Never,Moderate,Active,Balanced,9.1,0
P103137,58,Female,0,0,0,0,0,0,0,32.6,125.0,81.0,99.9,140.0,48.1,87.3,166.5,Never,Rare,Sedentary,Balanced,8.9,0
P103138,79,Male,0,1,0,1,0,0,0,29.0,154.0,84.0,149.0,146.5,61.6,92.6,105.3,Never,Moderate,Sedentary,Poor,8.2,0
P103139,54,Female,0,0,0,0,0,0,0,24.4,130.0,77.0,84.9,192.1,36.7,112.4,217.6,Never,Moderate,Active,Poor,6.4,0
P103140,24,Female,0,0,0,0,1,0,0,19.0,99.0,79.0,109.8,196.8,61.4,130.1,35.9,Never,Moderate,Moderate,Poor,8.5,0
P103141,49,Male,0,0,0,1,0,0,0,26.9,132.0,73.0,141.9,176.3,46.1,119.2,,Never,Moderate,Moderate,Balanced,7.1,0
P103142,43,Male,0,0,0,0,0,0,0,17.8,122.0,66.0,125.8,137.4,,103.6,152.2,Former,Moderate,Active,Healthy,5.5,0
P103143,36,Female,0,0,0,0,0,0,0,16.7,115.0,76.0,91.5,198.3,26.7,110.6,176.2,Never,Moderate,Moderate,Balanced,5.6,0
P103144,57,Male,0,0,0,0,1,0,0,23.9,112.0,79.0,86.6,215.5,31.8,,146.7,Current,Moderate,Moderate,Healthy,7.3,0
P103145,58,Male,0,1,0,0,0,0,0,35.2,159.0,82.0,94.3,116.1,52.5,79.7,195.2,Never,Moderate,Sedentary,Healthy,7.3,0
P103146,38,Female,0,0,0,0,1,0,0,26.8,142.0,80.0,100.0,216.2,53.0,113.3,141.4,Never,Rare,Active,Balanced,6.2,0
P103147,31,Female,0,0,0,0,0,0,0,26.8,123.0,72.0,103.4,137.4,29.8,73.5,94.7,Never,Moderate,Active,Healthy,,0
P103148,57,Female,0,1,0,0,1,0,0,29.0,,73.0,91.2,203.3,42.9,156.9,93.0,Former,Rare,Active,Poor,9.0,0
P103149,49,Female,0,0,0,0,0,0,0,22.5,120.0,75.0,98.2,198.1,55.8,106.4,76.2,Current,Heavy,Sedentary,Balanced,5.4,0
P103150,53,Male,0,0,0,0,0,0,0,31.7,128.0,87.0,98.4,192.5,46.8,94.7,86.4,Never,Moderate,Moderate,Balanced,6.1,0
P103151,53,Male,0,0,0,1,0,0,0,22.8,101.0,82.0,141.3,144.9,59.1,97.4,108.5,Never,Rare,Moderate,Balanced,6.6,0
P103152,44,Male,0,0,0,0,0,0,0,30.4,139.0,85.0,84.6,169.9,,86.5,163.2,Never,Rare,Moderate,Healthy,6.8,0
P103153,35,Female,0,0,0,0,1,0,0,30.3,112.0,76.0,91.1,208.3,60.0,133.8,124.3,Never,Rare,Moderate,Poor,7.3,0
P103154,55,Male,0,0,0,0,1,0,0,29.0,125.0,81.0,94.8,,33.6,137.5,169.5,Never,Rare,Active,Balanced,6.7,0
P103155,50,Female,0,0,0,0,0,0,0,31.6,126.0,86.0,107.8,184.1,43.1,97.4,130.5,Never,Moderate,Active,Balanced,5.8,0
P103156,47,Male,0,0,0,0,0,0,0,24.7,136.0,80.0,98.5,167.6,61.5,97.2,153.9,Never,Heavy,Moderate,Healthy,7.3,0
P103157,54,Female,1,0,0,0,1,0,0,27.2,117.0,,105.4,211.3,56.0,144.3,134.0,Never,Rare,Moderate,Balanced,9.0,0
P103158,51,Female,0,0,0,0,0,0,0,21.3,124.0,77.0,105.2,147.6,36.5,107.8,186.7,Never,Rare,Moderate,Healthy,8.1,0
P103159,67,Male,0,0,0,0,0,1,0,29.7,136.0,78.0,113.5,167.5,51.0,107.7,86.8,Current,Rare,Moderate,Balanced,7.8,0
P103160,89,Female,1,0,0,1,1,1,0,,159.0,79.0,160.7,203.7,44.6,135.7,67.9,Never,Rare,Moderate,Balanced,8.6,1
P103161,43,Male,0,0,0,0,1,0,0,30.7,114.0,89.0,96.9,191.7,40.5,135.8,120.9,Never,Rare,Moderate,Balanced,6.9,0
P103162,60,Female,0,0,0,0,0,0,0,21.9,116.0,74.0,85.3,162.1,60.2,105.9,237.7,Never,Rare,Active,Balanced,8.2,0
P103163,58,Female,1,0,0,0,0,0,0,35.3,128.0,71.0,105.9,194.6,,90.5,205.5,Former,Moderate,Sedentary,Balanced,7.4,0
P103164,51,Female,0,0,0,1,0,0,0,33.4,125.0,81.0,100.7,138.7,49.2,86.0,121.2,Never,Rare,Active,Balanced,6.3,0
P103165,53,Female,0,0,0,0,0,0,0,26.3,121.0,79.0,93.1,118.3,45.4,82.9,142.8,Never,Moderate,Sedentary,Balanced,7.5,0
P103166,69,Male,0,0,0,0,1,0,0,19.9,137.0,74.0,75.7,231.0,40.8,127.3,193.7,Never,Moderate,Moderate,Balanced,6.0,0
P103167,63,Male,0,0,0,0,0,0,0,21.6,123.0,68.0,104.1,181.5,38.3,126.6,158.3,Never,Rare,Moderate,Healthy,8.0,0
P103168,50,Male,1,1,0,0,0,0,0,29.9,126.0,98.0,114.5,142.4,34.5,106.9,163.0,Never,Rare,Sedentary,Balanced,8.5,0
P103169,55,Male,0,0,0,0,0,0,0,26.2,113.0,78.0,83.2,186.0,51.8,127.4,152.3,Former,Moderate,Moderate,Balanced,,0
P103170,63,Male,1,0,0,0,0,0,0,27.9,157.0,92.0,,161.4,56.5,129.8,,Current,Rare,Moderate,Balanced,8.3,0
P103171,54,Male,0,0,0,0,0,0,0,27.6,121.0,69.0,92.3,129.4,44.2,69.6,162.0,Former,Rare,Active,Healthy,8.5,0
P103172,86,Female,1,0,0,1,0,1,0,30.5,146.0,88.0,161.9,173.6,45.1,126.5,47.2,Former,Rare,Moderate,Poor,6.5,0
P103173,36,Male,0,0,0,0,1,0,0,26.3,100.0,79.0,92.9,240.5,58.5,182.9,57.6,Former,Moderate,Sedentary,Balanced,5.5,0
P103174,57,Male,1,0,0,0,1,0,0,18.8,105.0,70.0,96.6,235.5,33.4,,106.5,Never,Rare,Moderate,Healthy,9.7,0
P103175,25,Male,0,0,0,0,1,0,0,,118.0,66.0,104.5,191.4,60.2,130.7,88.9,Former,Rare,Sedentary,Poor,6.9,0
P103176,88,Female,0,0,0,0,0,0,0,,132.0,79.0,82.0,125.5,50.7,79.9,151.1,Current,Rare,Active,Poor,5.1,0
P103177,50,Male,0,0,0,0,0,0,0,17.8,107.0,,79.5,122.4,48.6,56.3,142.7,Never,Rare,Moderate,Poor,7.3,0
P103178,80,Male,0,0,0,0,0,0,0,27.0,133.0,69.0,75.6,158.1,47.8,82.6,106.8,Current,Rare,Moderate,Healthy,6.5,0
P103179,30,Male,0,0,0,0,1,0,0,18.2,101.0,63.0,,172.9,29.0,,241.6,Never,Moderate,Moderate,Balanced,6.3,0
P103180,71,Male,0,0,0,0,0,1,0,19.0,128.0,66.0,101.0,115.1,38.3,88.8,191.5,Never,Rare,Active,Balanced,6.5,0
P103181,52,Other,0,0,0,0,0,0,0,18.4,131.0,76.0,87.5,160.8,52.2,90.6,129.4,Current,Rare,Active,Balanced,7.8,1
P103182,58,Male,0,1,0,1,1,0,0,30.7,,86.0,124.2,220.9,40.4,147.8,,Never,Rare,Sedentary,Poor,6.4,0
P103183,62,Female,0,1,0,0,1,0,0,27.6,141.0,86.0,104.4,227.8,72.8,155.7,148.5,Never,Moderate,Sedentary,Balanced,7.0,1
P103184,40,Female,0,0,0,0,0,0,0,23.7,105.0,67.0,88.0,194.2,41.5,122.8,123.4,Never,Rare,Moderate,Healthy,9.0,0
P103185,52,Male,0,0,0,0,0,0,0,26.1,134.0,87.0,100.2,168.9,52.7,109.8,125.1,Never,Rare,Active,Balanced,7.7,0
P103186,71,Female,1,1,0,0,0,0,0,26.1,,81.0,86.5,154.3,60.2,127.2,131.4,Never,Rare,Sedentary,Balanced,,0
P103187,42,Female,0,0,0,0,0,0,0,32.0,114.0,76.0,87.2,166.9,61.2,116.3,70.6,Never,Moderate,Sedentary,Balanced,7.8,0
P103188,83,Male,0,0,0,0,1,0,0,30.7,143.0,71.0,84.3,200.1,48.4,121.9,123.5,Former,Heavy,Sedentary,Healthy,8.1,0
P103189,57,Male,0,0,0,0,1,0,0,21.6,117.0,75.0,122.1,204.4,60.0,114.6,119.7,Never,Rare,Moderate,Balanced,7.4,0
P103190,37,Female,0,0,0,0,1,0,0,22.8,98.0,78.0,112.6,242.8,43.0,162.4,106.1,Never,Moderate,Sedentary,Healthy,7.7,0
P103191,60,Female,0,0,0,0,0,0,0,19.6,127.0,70.0,79.2,168.2,46.3,120.5,93.6,Never,Moderate,Active,Balanced,6.5,0
P103192,49,Female,0,0,0,0,1,0,0,24.5,120.0,87.0,74.1,198.8,,135.1,96.4,Never,Moderate,Sedentary,Poor,5.9,0
P103193,54,Male,0,0,0,0,1,0,0,27.6,122.0,72.0,78.2,198.0,44.7,154.7,68.4,Former,Rare,Sedentary,Balanced,8.2,0
P103194,44,Male,0,0,0,0,0,0,0,24.7,114.0,87.0,100.0,152.4,61.1,108.5,102.8,Never,Rare,Moderate,Balanced,8.4,0
P103195,66,Male,0,0,0,0,0,0,0,23.4,127.0,72.0,123.6,169.1,71.3,111.9,169.5,Never,Rare,Active,Poor,7.0,0
P103196,74,Female,0,1,0,0,1,1,0,19.5,139.0,84.0,86.5,195.1,21.2,140.2,144.1,Never,Rare,Moderate,Balanced,7.0,1
P103197,61,Male,0,0,0,0,1,0,0,20.8,103.0,72.0,115.4,221.5,71.9,177.6,-3.9,Never,Rare,Sedentary,Healthy,7.3,0
P103198,43,Female,0,0,0,0,0,0,0,24.1,105.0,69.0,95.9,188.8,52.0,102.4,196.5,Current,Rare,Active,Poor,6.5,0
P103199,57,Female,0,0,0,0,1,0,0,28.8,127.0,69.0,100.8,188.0,,136.6,83.1,Never,Rare,Moderate,Balanced,9.2,0
P103200,20,Male,0,0,0,0,0,0,0,22.0,97.0,74.0,107.8,172.9,53.9,99.5,124.6,Former,Moderate,Sedentary,Balanced,6.0,0
P103201,67,Male,0,0,0,0,0,0,0,20.2,128.0,70.0,91.7,170.2,61.3,85.8,110.3,Never,Rare,Moderate,Balanced,7.3,0
P103202,44,Female,0,0,0,0,0,0,0,32.2,133.0,89.0,103.9,122.7,57.5,64.3,172.7,Never,Moderate,Sedentary,Healthy,7.2,0
P103203,31,Male,0,0,0,0,0,0,0,25.4,107.0,73.0,73.6,152.2,68.9,79.8,33.0,Former,Rare,Moderate,Healthy,7.2,0
P103204,46,Female,0,0,0,0,1,0,0,20.4,108.0,74.0,92.2,253.2,39.7,155.8,18.2,Current,Moderate,Sedentary,Poor,7.2,0
P103205,54,Male,0,0,0,0,1,0,0,21.2,132.0,81.0,86.0,180.2,34.2,139.8,48.1,Current,Rare,Moderate,Balanced,7.6,0
P103206,60,Female,0,1,0,0,0,0,0,27.4,128.0,67.0,107.3,97.1,32.1,,151.7,Former,Rare,Active,Poor,10.4,0
P103207,83,Female,0,0,0,0,0,0,0,29.5,135.0,71.0,100.4,154.6,50.2,81.3,27.1,Never,Moderate,Moderate,Poor,7.5,0
P103208,45,Male,0,0,0,0,0,0,0,19.4,123.0,87.0,81.0,162.1,59.5,93.4,,Current,Rare,Moderate,Poor,6.9,0
P103209,51,Male,0,0,0,0,0,0,0,29.2,111.0,,82.7,175.6,41.3,116.7,130.6,Never,Rare,Active,Healthy,7.8,0
P103210,75,Female,0,1,0,0,1,0,0,25.9,160.0,87.0,102.7,185.0,68.2,135.7,85.1,Never,Heavy,Moderate,Poor,8.8,0
P103211,52,Male,0,1,0,1,1,0,1,32.7,160.0,91.0,205.0,223.9,58.9,120.7,166.8,Never,Moderate,Sedentary,Poor,7.2,0
P103212,56,Male,0,0,0,0,1,0,0,20.4,101.0,81.0,102.5,207.1,29.4,118.9,97.4,Former,Rare,Active,Balanced,8.3,0
P103213,59,Female,0,0,0,0,0,0,0,22.4,128.0,59.0,92.0,159.4,24.4,86.1,159.0,Never,Rare,Moderate,Healthy,7.6,0
P103214,55,Female,0,1,0,0,1,0,0,22.6,148.0,87.0,84.5,184.3,42.2,140.2,149.9,Current,Heavy,Sedentary,Balanced,5.4,0
P103215,58,Female,0,1,0,0,0,0,0,17.8,138.0,85.0,77.5,159.3,48.6,109.6,149.0,Never,Rare,Active,Healthy,5.4,0
P103216,45,Female,0,0,0,1,0,0,0,,107.0,78.0,162.5,105.8,44.6,,165.6,Never,Rare,Active,Balanced,6.6,0
P103217,55,Male,0,0,0,0,0,0,0,33.6,,83.0,91.4,135.0,69.7,97.2,,Never,Rare,Active,Poor,,0
P103218,69,Male,0,0,0,0,0,0,0,24.7,132.0,77.0,87.5,118.2,50.8,94.2,132.5,Current,Rare,Active,Healthy,8.7,0
P103219,31,Female,0,0,0,0,0,0,0,20.2,105.0,88.0,83.5,102.9,55.3,39.9,172.0,Never,Rare,Sedentary,Healthy,8.0,0
P103220,64,Male,0,0,0,0,1,0,0,20.9,115.0,83.0,99.3,250.3,64.9,203.4,297.7,Former,Rare,Active,Poor,8.2,0
P103221,41,Male,0,0,0,1,0,0,0,31.3,140.0,68.0,,144.0,55.1,82.3,158.8,Current,Rare,Moderate,Healthy,7.2,0
P103222,62,Female,0,0,0,0,0,0,0,25.0,139.0,72.0,95.0,162.3,47.4,84.3,162.0,Current,Moderate,Moderate,Balanced,8.5,0
P103223,67,Male,0,0,0,1,0,0,0,35.0,131.0,68.0,142.2,90.0,27.5,38.6,58.5,Former,Moderate,Active,Healthy,6.9,0
P103224,61,Male,0,1,0,0,0,0,0,,143.0,84.0,89.9,168.8,42.0,,130.4,Never,Rare,Moderate,Poor,8.6,0
P103225,76,Male,0,0,0,0,0,0,0,22.6,129.0,79.0,95.9,168.1,49.0,109.8,131.9,Never,Rare,Active,Balanced,5.6,0
P103226,52,Female,0,0,0,0,1,0,0,26.2,121.0,82.0,100.5,195.4,47.4,146.7,99.1,Former,Rare,Moderate,Healthy,,0
P103227,56,Female,0,0,0,0,0,0,0,29.8,,89.0,82.4,185.5,29.1,118.5,89.3,Never,Moderate,Moderate,Poor,7.7,1
P103228,66,Male,0,0,0,0,0,0,0,23.0,126.0,61.0,88.0,,51.2,111.6,69.6,Current,Moderate,Sedentary,Healthy,6.2,0
P103229,48,Male,0,0,0,0,1,0,0,23.7,111.0,85.0,106.0,213.1,60.5,169.7,79.5,Current,Rare,Moderate,Healthy,6.2,0
P103230,55,Female,0,0,0,0,0,0,0,25.5,134.0,69.0,87.3,137.2,,45.7,123.4,Former,Heavy,Active,Healthy,6.9,0
P103231,50,Male,1,0,0,0,1,0,0,28.4,114.0,75.0,123.7,180.6,69.9,131.8,184.8,Never,Heavy,Moderate,Balanced,6.7,0
P103232,47,Female,0,0,0,1,0,0,0,32.2,108.0,89.0,111.1,177.5,46.6,108.0,123.8,Former,Rare,Sedentary,Healthy,7.9,0
P103233,18,Male,0,0,0,0,0,0,0,14.3,89.0,84.0,82.5,167.6,73.9,94.1,175.5,Never,Rare,Moderate,Balanced,9.1,0
P103234,75,Female,0,0,0,0,1,0,0,30.8,155.0,74.0,109.1,177.7,37.8,147.0,,Former,Rare,Active,Balanced,6.6,0
P103235,19,Female,0,0,0,1,1,0,0,,,86.0,135.9,224.4,54.1,131.7,134.9,Never,Rare,Moderate,Poor,7.5,0
P103236,71,Male,0,0,0,0,0,0,0,20.8,125.0,73.0,98.4,172.8,61.0,120.8,90.8,Never,Moderate,Active,Balanced,5.7,0
P103237,30,Female,0,0,0,0,1,0,0,17.3,101.0,80.0,106.9,201.1,48.7,123.7,163.4,Never,Rare,Active,Poor,5.8,0
P103238,71,Male,0,0,0,0,0,0,0,17.3,123.0,80.0,107.4,186.5,43.3,119.8,98.0,Former,Moderate,Moderate,Healthy,6.1,0
P103239,44,Male,0,0,0,0,0,0,0,17.8,110.0,80.0,,174.4,51.9,122.6,92.7,Never,Moderate,Active,Poor,6.3,0
P103240,59,Female,0,1,1,0,0,0,0,20.2,146.0,75.0,99.7,169.8,,126.2,278.2,Never,Rare,Moderate,Healthy,7.2,0
P103241,44,Male,0,0,0,0,0,0,0,22.9,101.0,63.0,102.7,187.9,40.9,123.5,136.3,Never,Moderate,Moderate,Balanced,8.7,0
P103242,68,Male,0,0,0,0,1,0,0,24.7,126.0,88.0,71.3,197.4,47.2,146.8,72.2,Former,Rare,Moderate,Healthy,6.1,0
P103243,29,Female,0,0,0,0,1,0,0,25.5,,91.0,86.7,219.5,46.4,202.1,74.3,Former,Moderate,Sedentary,Balanced,7.1,0
P103244,59,Male,0,0,0,0,0,0,0,17.2,112.0,66.0,90.5,100.1,24.6,29.6,224.5,Never,Moderate,Moderate,Balanced,7.0,0
P103245,43,Male,0,0,0,0,0,0,0,24.0,115.0,63.0,123.1,171.6,47.8,90.7,197.8,Never,Heavy,Sedentary,Balanced,6.1,0
P103246,63,Female,0,0,0,0,0,0,0,26.4,135.0,79.0,100.2,161.3,42.2,94.4,126.8,Never,Moderate,Active,Healthy,4.8,1
P103247,63,Male,0,0,1,0,0,1,0,23.8,111.0,83.0,98.7,165.6,36.1,,162.0,Never,Rare,Moderate,Balanced,6.6,0
P103248,51,Male,1,0,0,0,0,0,0,16.6,102.0,66.0,90.2,169.9,49.8,50.1,155.7,Former,Rare,Moderate,Balanced,6.9,0
P103249,41,Female,0,0,0,0,0,0,0,19.0,96.0,71.0,108.8,160.6,58.1,95.4,,Never,Moderate,Moderate,Balanced,5.9,0
P103250,55,Female,0,0,0,0,0,0,0,28.2,138.0,81.0,89.3,168.8,52.9,128.7,178.5,Never,Moderate,Sedentary,Balanced,7.1,0
P103251,61,Female,1,0,1,0,1,0,0,27.3,125.0,80.0,69.9,210.9,78.1,146.1,67.9,Current,Heavy,Sedentary,Balanced,5.5,0
P103252,51,Male,0,0,0,0,1,0,0,25.4,119.0,75.0,74.6,168.8,44.8,138.3,178.9,Never,Moderate,Moderate,Balanced,7.7,0
P103253,54,Female,0,1,0,0,0,0,0,29.8,140.0,88.0,97.9,148.4,,121.4,227.2,Former,Heavy,Moderate,Poor,5.9,0
P103254,56,Male,0,0,0,0,0,0,0,22.4,120.0,79.0,90.3,141.5,48.8,92.8,113.7,Never,Moderate,Sedentary,Balanced,7.2,0
P103255,48,Male,1,0,0,0,0,0,0,24.0,105.0,77.0,98.9,175.8,38.1,88.0,88.8,Current,Moderate,Moderate,Healthy,7.4,0
P103256,19,Female,0,0,0,0,0,0,0,17.6,85.0,81.0,100.0,139.4,45.4,94.2,167.1,Never,Rare,Moderate,Healthy,7.5,0
P103257,31,Male,0,0,0,0,0,0,0,36.7,121.0,71.0,118.1,124.0,29.2,72.3,35.0,Never,Rare,Sedentary,Poor,7.4,0
P103258,90,Other,0,0,0,0,0,0,0,18.7,133.0,78.0,85.4,174.4,55.1,105.4,100.4,Never,Moderate,Active,Healthy,6.8,0
P103259,48,Female,0,0,0,0,1,0,0,24.7,128.0,81.0,92.3,222.3,61.1,151.7,67.3,Never,Rare,Moderate,Healthy,5.9,0
P103260,42,Female,0,0,0,0,0,0,0,20.0,100.0,75.0,80.4,163.5,58.0,55.8,12.6,Never,Rare,Moderate,Balanced,6.8,0
P103261,70,Male,0,0,0,0,1,0,0,28.0,120.0,76.0,95.7,226.4,46.5,147.8,120.5,Current,Rare,Active,Balanced,7.3,0
P103262,50,Male,1,0,0,0,0,0,0,27.3,94.0,80.0,83.3,164.7,60.2,,147.6,Current,Rare,Sedentary,Balanced,7.5,0
P103263,32,Male,0,0,0,0,0,0,0,20.9,102.0,78.0,83.4,175.4,45.9,107.7,63.3,Never,Rare,Active,Balanced,8.5,0
P103264,46,Female,0,0,0,0,1,0,0,25.0,121.0,72.0,,201.7,54.3,106.9,80.8,Former,Moderate,Moderate,Balanced,6.5,0
P103265,80,Female,0,0,0,0,1,0,0,,136.0,75.0,111.0,222.2,46.0,,134.9,Never,Rare,Active,Poor,6.8,0
P103266,68,Female,0,0,0,0,0,0,0,24.9,124.0,74.0,74.9,130.6,55.5,77.0,156.1,Never,Rare,Active,Healthy,6.2,0
P103267,40,Female,0,0,0,0,0,0,0,25.4,124.0,79.0,98.4,187.3,34.9,124.6,75.4,Former,Moderate,Moderate,Balanced,5.7,0
P103268,45,Male,1,0,0,0,1,0,0,28.1,125.0,83.0,,222.7,61.3,141.6,109.6,Never,Moderate,Moderate,Balanced,8.6,0
P103269,71,Male,0,0,0,0,0,0,0,22.4,116.0,71.0,98.0,133.2,50.9,,112.2,Never,Moderate,Moderate,Balanced,5.6,0
P103270,60,Female,1,0,0,0,0,0,0,24.8,134.0,71.0,109.2,174.4,47.8,111.0,51.5,Never,Heavy,Sedentary,Poor,5.1,0
P103271,53,Female,0,0,0,0,0,0,0,24.1,128.0,82.0,111.8,175.0,58.3,102.3,162.1,Never,Rare,Active,Healthy,6.4,0
P103272,61,Female,0,0,0,0,0,0,0,25.3,122.0,,83.5,188.8,50.1,89.4,,Never,Heavy,Sedentary,Healthy,7.8,1
P103273,52,Male,0,1,0,1,0,0,0,31.9,130.0,86.0,138.1,161.1,53.9,92.7,129.8,Never,Rare,Active,Balanced,8.7,0
P103274,56,Male,1,1,0,0,0,0,0,29.4,146.0,75.0,97.0,,57.5,101.7,96.8,Never,Moderate,Moderate,Balanced,7.4,0
P103275,44,Male,0,0,0,0,1,0,0,23.1,106.0,72.0,93.1,,34.0,157.9,,Never,Rare,Moderate,Healthy,9.4,0
P103276,43,Male,0,0,0,0,1,0,0,27.9,130.0,80.0,96.9,191.0,15.7,160.2,178.5,Former,Rare,Active,Balanced,7.9,0
P103277,32,Female,0,0,0,0,0,0,0,28.9,118.0,82.0,91.5,123.1,47.5,82.6,121.8,Never,Moderate,Moderate,Poor,7.8,0
P103278,49,Female,1,1,0,0,1,0,0,29.2,147.0,91.0,83.0,211.0,44.6,,172.0,Never,Rare,Moderate,Healthy,5.6,0
P103279,40,Other,1,0,0,0,0,0,0,27.0,101.0,75.0,90.8,160.1,77.7,69.9,94.7,Never,Rare,Moderate,Healthy,8.0,0
P103280,42,Male,0,0,0,0,0,0,0,23.9,105.0,74.0,94.4,119.4,,67.8,205.2,Never,Rare,Active,Balanced,,0
P103281,73,Female,0,0,0,1,1,0,1,32.1,139.0,69.0,158.7,258.4,38.7,175.9,224.2,Never,Rare,Sedentary,Balanced,5.8,1
P103282,54,Male,0,0,0,0,1,0,0,27.9,135.0,69.0,96.1,222.4,29.4,132.9,212.7,Former,Rare,Sedentary,Balanced,8.0,0
P103283,40,Male,0,0,0,0,1,0,0,28.2,115.0,74.0,76.0,208.8,32.0,111.8,219.3,Never,Rare,Active,Balanced,4.9,0
P103284,38,Female,0,0,0,0,0,0,0,24.2,117.0,71.0,98.7,148.2,54.4,104.0,248.4,Never,Rare,Active,Balanced,7.7,0
P103285,63,Female,0,1,0,0,0,0,0,28.1,158.0,,89.9,168.7,67.3,89.1,168.6,Never,Rare,Sedentary,Poor,8.1,0
P103286,70,Male,0,1,1,0,1,0,0,33.3,163.0,85.0,106.0,173.5,43.4,139.8,194.6,Never,Moderate,Sedentary,Balanced,5.7,1
P103287,33,Male,0,0,0,0,0,0,0,20.1,106.0,70.0,106.5,131.3,51.5,56.3,69.6,Never,Moderate,Sedentary,Balanced,5.7,0
P103288,26,Male,0,0,0,0,0,0,0,26.1,104.0,84.0,89.6,132.7,52.5,109.8,303.6,Never,Rare,Moderate,Poor,7.6,0
P103289,63,Female,0,0,0,0,1,0,0,34.6,104.0,74.0,95.5,213.3,46.7,129.5,109.2,Never,Rare,Active,Balanced,7.4,0
P103290,56,Female,0,0,0,0,0,0,0,26.1,132.0,77.0,73.7,134.3,63.4,69.3,111.1,Never,Moderate,Active,Balanced,6.4,0
P103291,36,Female,0,0,0,1,0,0,0,30.1,139.0,74.0,133.2,108.2,47.4,89.4,59.3,Never,Moderate,Sedentary,Poor,6.9,0
P103292,38,Female,0,0,0,0,0,0,0,25.2,85.0,77.0,99.1,134.1,54.9,43.5,304.1,Current,Rare,Moderate,Balanced,7.2,0
P103293,56,Female,0,0,0,0,0,0,0,23.3,120.0,79.0,100.5,175.9,73.0,128.6,262.3,Current,Rare,Active,Healthy,7.8,0
P103294,52,Male,1,0,0,0,0,0,0,24.6,124.0,65.0,103.0,179.4,63.2,110.7,79.8,Former,Rare,Sedentary,Healthy,7.3,0
P103295,74,Female,0,0,0,1,1,0,0,22.3,133.0,66.0,175.1,202.7,60.0,136.9,134.2,Current,Rare,Moderate,Balanced,6.0,0
P103296,50,Female,0,0,0,0,1,0,0,34.3,116.0,83.0,67.6,196.4,65.7,152.6,154.3,Never,Rare,Moderate,Poor,5.2,0
P103297,70,Female,1,0,0,0,0,1,0,22.3,132.0,,102.3,190.5,42.6,98.6,210.3,Never,Rare,Active,Balanced,5.6,1
P103298,78,Female,0,0,0,0,0,0,0,21.4,133.0,82.0,114.6,197.3,60.8,119.9,182.4,Former,Rare,Active,Healthy,6.2,0
P103299,81,Male,0,0,0,0,0,1,0,28.4,134.0,82.0,91.1,188.9,61.4,120.8,162.5,Former,Rare,Active,Poor,6.2,0
P103300,51,Female,0,0,0,0,0,0,0,19.4,117.0,79.0,88.5,173.4,63.9,123.0,,Never,Moderate,Moderate,Poor,7.2,0
P103301,65,Female,0,1,0,0,0,0,0,29.6,140.0,90.0,107.7,178.1,38.7,119.4,,Never,Rare,Moderate,Balanced,6.5,0
P103302,71,Male,0,0,0,1,0,0,0,17.9,128.0,77.0,197.7,67.0,27.6,60.2,268.2,Never,Heavy,Moderate,Balanced,8.6,0
P103303,62,Female,0,0,0,0,0,0,0,28.1,130.0,84.0,100.8,137.8,54.4,94.6,206.1,Never,Rare,Sedentary,Balanced,6.5,0
P103304,41,Male,0,0,0,0,0,0,0,25.4,110.0,77.0,102.9,185.4,54.3,76.0,161.0,Never,Rare,Sedentary,Healthy,6.4,0
P103305,30,Male,0,0,0,0,0,0,0,20.4,109.0,72.0,109.4,155.5,63.9,83.6,187.1,Former,Rare,Active,Healthy,8.5,0
P103306,49,Other,0,0,0,0,0,0,0,19.2,130.0,87.0,95.7,174.3,49.3,101.9,119.8,Never,Moderate,Moderate,Poor,4.2,0
P103307,70,Female,0,0,0,0,1,0,0,22.5,129.0,67.0,120.3,189.4,55.1,133.5,122.5,Never,Rare,Active,Balanced,5.1,0
P103308,38,Male,0,0,0,0,1,0,0,27.1,106.0,76.0,113.3,215.5,31.1,152.7,195.9,Never,Rare,Sedentary,Poor,6.2,0
P103309,52,Female,0,0,0,0,0,0,0,29.0,121.0,71.0,102.1,131.1,43.6,,169.4,Never,Rare,Moderate,Balanced,7.8,0
P103310,42,Male,0,0,0,0,1,0,0,22.1,101.0,81.0,106.4,236.3,49.8,169.1,130.4,Former,Rare,Sedentary,Balanced,7.4,0
P103311,55,Male,0,0,0,0,1,0,0,29.3,136.0,78.0,82.2,192.1,59.3,130.9,176.1,Former,Rare,Active,Healthy,6.5,0
P103312,62,Male,0,0,0,0,0,0,0,23.2,131.0,72.0,113.2,177.8,55.6,116.0,188.9,Never,Rare,Active,Balanced,6.8,0
P103313,32,Female,0,0,0,0,1,0,0,29.2,114.0,88.0,,177.5,45.6,145.5,73.8,Current,Rare,Moderate,Balanced,5.6,0
P103314,44,Female,0,0,0,0,0,0,0,25.0,112.0,84.0,90.0,131.6,60.4,72.3,102.1,Never,Rare,Moderate,Poor,7.3,0
P103315,39,Male,0,0,0,0,0,0,0,26.0,118.0,79.0,118.9,185.3,51.0,98.0,104.5,Never,Rare,Moderate,Healthy,6.8,0
P103316,26,Male,0,0,0,0,0,0,0,34.0,101.0,78.0,,158.7,39.6,90.6,72.7,Current,Rare,Sedentary,Balanced,5.5,0
P103317,83,Female,0,0,0,0,1,0,1,33.8,144.0,71.0,85.8,212.7,59.8,138.3,221.4,Never,Rare,Active,Balanced,,0
P103318,50,Female,0,0,0,0,1,0,0,20.0,128.0,68.0,89.6,192.4,,138.6,74.3,Never,Rare,Sedentary,Balanced,6.0,0
P103319,46,Male,0,0,0,0,1,0,0,32.8,,82.0,96.0,273.9,46.0,188.2,91.6,Never,Rare,Sedentary,Balanced,5.9,0
P103320,62,Male,0,0,0,0,0,0,0,28.6,132.0,82.0,82.2,169.0,45.5,98.4,53.9,Never,Rare,Moderate,Healthy,5.9,0
P103321,42,Male,0,0,0,0,1,0,0,14.0,107.0,77.0,82.7,202.6,42.9,130.0,69.1,Never,Rare,Moderate,Balanced,8.3,0
P103322,66,Female,1,0,0,0,1,0,0,28.9,138.0,81.0,87.0,172.4,47.2,138.6,219.1,Never,Rare,Moderate,Balanced,7.6,0
P103323,46,Female,0,0,0,1,1,0,0,32.8,120.0,69.0,197.0,240.5,63.4,162.3,77.9,Never,Heavy,Moderate,Balanced,6.6,0
P103324,34,Female,0,0,0,0,0,0,0,31.9,129.0,79.0,79.6,133.1,43.5,113.4,98.3,Current,Rare,Active,Poor,8.2,0
P103325,61,Female,0,0,0,0,0,0,0,26.1,126.0,75.0,85.5,162.6,51.0,95.8,95.6,Never,Rare,Active,Healthy,9.7,0
P103326,55,Female,0,0,0,0,1,0,0,26.0,144.0,77.0,,190.9,53.8,139.3,166.3,Never,Rare,Active,Balanced,7.8,0
P103327,31,Male,0,0,0,0,0,0,0,,120.0,80.0,96.0,145.1,40.5,68.6,26.9,Never,Rare,Sedentary,Poor,6.7,0
P103328,35,Female,0,0,0,1,0,0,0,30.0,127.0,77.0,134.6,122.2,51.1,75.3,103.4,Never,Rare,Active,Healthy,,0
P103329,73,Male,0,0,0,0,0,1,0,29.1,127.0,73.0,124.9,,,87.3,225.3,Never,Moderate,Moderate,Balanced,7.3,0
P103330,63,Female,0,1,0,1,0,0,0,30.3,152.0,88.0,153.3,164.7,52.5,93.1,149.5,Former,Rare,Active,Balanced,9.0,0
P103331,56,Male,0,0,0,0,0,0,0,21.5,113.0,,83.0,190.3,46.8,126.6,72.9,Never,Moderate,Moderate,Poor,7.5,0
P103332,18,Female,0,0,0,0,0,0,0,25.2,94.0,72.0,83.3,128.8,46.5,76.7,162.6,Never,Rare,Moderate,Balanced,7.6,0
P103333,79,Male,0,1,0,1,0,0,0,20.0,156.0,90.0,177.4,168.2,52.2,73.6,89.7,Never,Moderate,Active,Healthy,4.9,0
P103334,44,Male,0,0,0,0,0,0,0,29.4,124.0,77.0,96.6,175.6,45.6,119.5,212.4,Never,Rare,Sedentary,Balanced,6.4,0
P103335,58,Female,0,0,0,0,0,0,0,15.6,105.0,69.0,74.9,156.7,46.3,96.4,111.5,Never,Moderate,Moderate,Balanced,7.2,0
P103336,38,Female,0,0,0,0,0,0,0,31.9,120.0,80.0,85.6,165.7,,101.9,228.1,Never,Rare,Moderate,Balanced,7.4,0
P103337,66,Female,0,0,0,1,0,0,0,24.9,141.0,80.0,129.7,155.0,40.7,114.8,181.2,Never,Rare,Moderate,Balanced,7.0,0
P103338,58,Female,0,0,0,0,0,0,0,21.7,115.0,73.0,85.4,125.8,65.3,107.9,117.0,Never,Rare,Sedentary,Balanced,8.1,0
P103339,64,Female,0,1,0,0,0,0,0,28.5,151.0,87.0,81.7,166.9,51.4,110.1,110.8,Former,Heavy,Moderate,Balanced,7.5,0
P103340,27,Male,0,0,0,0,0,0,0,28.9,110.0,73.0,70.3,148.3,39.1,98.2,,Never,Rare,Active,Poor,6.9,0
P103341,51,Female,0,0,0,0,0,0,0,29.1,135.0,88.0,,127.1,27.7,74.1,75.6,Never,Heavy,Active,Poor,5.9,0
P103342,37,Female,0,0,0,0,0,0,0,25.3,91.0,73.0,94.7,175.4,27.6,118.2,35.1,Never,Rare,Sedentary,Balanced,8.3,0
P103343,41,Female,0,0,0,0,1,0,0,29.3,138.0,76.0,108.0,190.9,56.0,142.9,99.7,Never,Moderate,Sedentary,Balanced,6.6,0
P103344,55,Female,1,0,0,0,1,0,0,25.3,121.0,80.0,104.6,223.3,55.8,121.0,154.3,Never,Rare,Moderate,Poor,8.4,0
P103345,26,Female,0,0,0,0,1,0,0,19.1,100.0,69.0,107.2,193.2,50.9,143.1,139.7,Current,Rare,Moderate,Balanced,6.5,0
P103346,21,Female,0,0,0,1,0,0,0,36.2,,,164.6,,56.8,111.4,133.7,Former,Rare,Active,Poor,3.4,0
P103347,31,Male,0,0,0,0,0,0,0,27.8,108.0,76.0,98.8,173.6,48.3,104.4,151.3,Current,Moderate,Moderate,Balanced,6.6,0
P103348,52,Male,0,0,0,0,0,0,0,22.1,126.0,83.0,111.0,172.4,42.1,121.6,172.6,Never,Moderate,Moderate,Healthy,8.0,0
P103349,64,Female,1,0,0,0,1,0,0,28.0,125.0,86.0,99.4,222.2,49.2,163.5,47.8,Current,Heavy,Active,Poor,4.7,0
P103350,66,Female,1,0,0,0,0,0,0,29.8,146.0,90.0,106.9,161.5,34.6,94.1,126.6,Never,Rare,Sedentary,Balanced,7.8,0
P103351,52,Male,0,0,0,0,1,0,0,18.1,119.0,68.0,92.1,197.7,58.1,145.3,125.3,Current,Rare,Sedentary,Balanced,7.5,0
P103352,32,Male,0,0,0,0,0,0,0,30.6,98.0,65.0,119.8,162.6,37.4,108.9,204.6,Never,Moderate,Active,Balanced,3.7,0
P103353,18,Male,0,0,0,0,1,0,0,29.6,115.0,71.0,66.9,222.4,80.8,115.4,135.5,Never,Heavy,Sedentary,Balanced,6.4,0
P103354,76,Male,1,0,0,0,1,1,0,,132.0,78.0,70.0,206.1,37.8,113.1,139.4,Never,Moderate,Active,Balanced,5.9,0
P103355,46,Male,0,0,0,0,1,0,0,28.9,125.0,78.0,,231.0,55.9,140.7,95.9,Former,Rare,Moderate,Balanced,7.3,0
P103356,88,Male,0,1,1,0,0,0,1,28.5,160.0,88.0,110.0,171.7,57.0,100.3,161.2,Never,Rare,Sedentary,Healthy,7.6,1
P103357,78,Female,0,0,0,0,1,0,1,21.2,139.0,83.0,99.8,213.2,48.8,149.3,160.9,Current,Heavy,Moderate,Balanced,9.6,0
P103358,44,Female,0,0,0,0,1,0,0,34.9,106.0,80.0,95.1,204.4,48.9,136.2,130.9,Never,Rare,Sedentary,Balanced,7.4,0
P103359,64,Female,0,0,0,0,0,0,0,26.3,103.0,83.0,88.1,130.0,56.4,89.9,-9.4,Never,Moderate,Moderate,Balanced,8.3,0
P103360,57,Male,0,0,0,1,0,0,0,31.1,142.0,69.0,127.9,141.5,39.7,89.3,49.4,Never,Rare,Active,Balanced,9.1,0
P103361,33,Male,0,0,0,0,1,0,0,27.6,100.0,76.0,100.0,207.3,56.5,132.3,79.0,Never,Rare,Moderate,Balanced,6.2,0
P103362,75,Male,0,0,0,0,0,0,0,22.1,137.0,87.0,93.9,133.2,64.8,81.0,212.4,Never,Rare,Active,Balanced,7.4,0
P103363,54,Male,1,0,0,0,1,0,0,30.9,129.0,71.0,96.0,195.6,,133.8,141.0,Never,Heavy,Moderate,Balanced,6.9,0
P103364,54,Male,0,0,0,0,1,0,0,23.6,121.0,,109.8,198.3,23.1,140.6,178.0,Current,Moderate,Sedentary,Poor,6.3,0
P103365,58,Male,1,0,0,0,1,0,0,29.4,128.0,75.0,111.6,194.5,61.3,134.8,5.2,Current,Rare,Moderate,Poor,5.6,0
P103366,71,Female,0,0,0,1,0,1,1,31.7,128.0,75.0,140.7,120.4,50.7,75.2,63.1,Former,Rare,Moderate,Balanced,7.1,0
P103367,56,Male,0,0,0,0,0,0,0,30.1,148.0,77.0,78.0,,50.0,115.7,130.0,Never,Rare,Moderate,Healthy,7.7,0
P103368,52,Male,0,0,0,0,0,0,0,24.9,126.0,89.0,94.1,198.3,36.0,111.8,78.1,Current,Rare,Moderate,Balanced,5.4,0
P103369,32,Male,0,0,0,0,1,0,0,29.9,105.0,79.0,95.8,230.8,55.5,171.2,146.1,Current,Rare,Moderate,Healthy,8.3,0
P103370,50,Female,1,0,0,0,1,0,0,28.7,124.0,83.0,97.3,246.8,57.0,158.4,179.8,Never,Moderate,Moderate,Balanced,8.6,0
P103371,67,Male,0,0,0,0,0,0,1,29.1,148.0,,83.5,100.3,52.5,66.2,118.4,Never,Rare,Active,Balanced,6.2,0
P103372,51,Male,0,0,0,0,1,0,0,22.3,104.0,76.0,92.4,214.7,58.5,150.0,54.5,Former,Rare,Sedentary,Balanced,7.3,0
P103373,18,Male,0,0,0,0,0,0,0,20.5,82.0,84.0,119.5,188.4,37.4,121.9,68.9,Former,Rare,Sedentary,Balanced,6.9,0
P103374,63,Female,0,0,0,0,1,0,0,26.3,126.0,77.0,104.2,180.6,59.5,131.1,121.3,Former,Rare,Moderate,Balanced,6.9,0
P103375,47,Female,0,0,0,0,0,0,0,23.7,121.0,81.0,83.2,188.4,68.3,112.1,140.5,Never,Rare,Sedentary,Poor,6.0,0
P103376,46,Male,0,0,0,0,0,0,0,28.3,100.0,82.0,96.5,138.9,37.8,126.3,115.1,Never,Rare,Sedentary,Healthy,6.3,0
P103377,35,Female,0,0,0,0,1,0,0,20.7,116.0,79.0,103.9,233.4,43.6,145.8,140.3,Former,Rare,Moderate,Healthy,7.6,0
P103378,57,Male,1,0,0,0,1,0,0,29.3,114.0,78.0,109.8,,43.9,151.5,,Current,Moderate,Moderate,Balanced,7.7,0
P103379,52,Male,0,0,0,0,0,0,0,16.9,118.0,80.0,92.8,162.9,46.6,108.2,188.0,Never,Rare,Moderate,Healthy,5.8,0
P103380,46,Male,0,0,0,0,0,0,0,33.6,131.0,72.0,70.0,85.8,33.6,61.3,90.7,Never,Moderate,Moderate,Balanced,8.2,0
P103381,73,Male,0,0,0,0,1,0,0,24.9,130.0,72.0,89.9,207.8,55.1,155.4,134.9,Never,Rare,Moderate,Balanced,4.8,0
P103382,46,Female,0,0,0,0,0,0,0,23.8,119.0,75.0,101.3,110.1,54.6,67.9,231.9,Never,Moderate,Moderate,Balanced,6.4,0
P103383,40,Female,0,0,0,0,0,0,0,26.7,115.0,89.0,112.7,153.0,46.4,90.9,126.9,Former,Rare,Moderate,Balanced,9.4,0
P103384,36,Male,0,0,0,0,0,0,0,21.2,112.0,84.0,84.1,143.1,45.1,91.1,152.3,Never,Moderate,Moderate,Balanced,8.8,0
P103385,51,Male,1,0,0,0,0,0,0,29.6,126.0,87.0,98.7,153.0,52.3,92.5,111.5,Never,Rare,Moderate,Balanced,6.5,0
P103386,52,Male,0,1,0,0,1,0,0,28.9,145.0,93.0,85.7,205.5,44.2,122.8,238.9,Never,Rare,Sedentary,Poor,7.1,0
P103387,67,Female,0,1,0,1,1,0,0,26.0,153.0,88.0,155.4,182.2,38.5,143.7,117.8,Never,Moderate,Moderate,Balanced,6.7,0
P103388,38,Male,0,0,0,0,1,0,0,21.3,117.0,68.0,106.4,210.6,49.0,147.0,,Former,Rare,Moderate,Balanced,7.5,0
P103389,64,Male,1,0,0,0,0,0,0,25.9,133.0,75.0,90.9,134.6,40.8,86.5,,Never,Rare,Active,Poor,7.8,0
P103390,65,Male,0,0,0,0,1,0,0,30.2,,71.0,89.0,193.5,57.7,130.5,224.0,Never,Rare,Moderate,Healthy,6.8,0
P103391,41,Female,0,0,0,0,0,0,0,25.3,135.0,87.0,100.1,156.3,42.2,97.5,188.0,Never,Rare,Sedentary,Healthy,5.9,0
P103392,37,Female,0,0,0,0,0,0,0,19.9,104.0,68.0,91.7,154.8,43.7,123.7,169.1,Never,Rare,Moderate,Healthy,9.0,0
P103393,66,Female,0,0,0,0,0,0,0,24.8,,73.0,80.9,,53.4,116.2,13.6,Former,Rare,Moderate,Healthy,7.9,0
P103394,80,Male,0,0,0,0,0,0,0,14.9,123.0,76.0,83.8,158.2,45.3,122.7,84.9,Never,Rare,Moderate,Healthy,5.9,0
P103395,48,Male,0,1,0,1,0,0,0,30.4,124.0,86.0,147.1,165.2,36.6,100.6,170.9,Former,Rare,Moderate,Balanced,7.3,0
P103396,41,Female,0,0,0,0,1,0,0,27.1,113.0,96.0,91.8,207.6,52.8,164.8,135.8,Never,Rare,Sedentary,Balanced,7.1,0
P103397,43,Female,0,0,0,0,0,0,0,29.9,129.0,78.0,94.8,152.7,43.3,84.4,56.3,Never,Rare,Moderate,Balanced,7.1,0
P103398,35,Male,0,1,0,0,1,0,0,17.3,130.0,79.0,,241.3,51.2,147.3,64.7,Never,Rare,Active,Healthy,6.5,0
P103399,62,Female,0,1,1,0,0,0,0,30.0,119.0,87.0,71.5,149.9,58.2,73.4,90.3,Never,Rare,Active,Balanced,4.9,1
P103400,42,Male,0,0,0,0,0,0,0,33.9,121.0,83.0,95.0,132.5,43.5,47.6,113.3,Never,Moderate,Moderate,Healthy,7.6,0
P103401,65,Female,0,0,0,0,0,0,0,23.0,119.0,72.0,81.9,167.5,51.8,111.3,43.3,Never,Rare,Active,Balanced,,0
P103402,59,Male,0,0,0,0,1,0,0,28.0,135.0,90.0,88.9,193.7,40.7,144.7,110.1,Never,Rare,Active,Balanced,7.0,0
P103403,51,Male,1,0,0,0,0,0,0,,117.0,87.0,88.5,129.9,,82.5,155.1,Never,Rare,Moderate,Healthy,7.3,0
P103404,27,Female,0,0,0,0,1,0,0,27.4,112.0,93.0,88.3,222.2,54.3,146.3,96.6,Never,Rare,Active,Balanced,6.2,0
P103405,60,Male,0,1,0,0,0,0,0,33.9,145.0,91.0,94.6,177.2,64.7,121.8,274.9,Never,Moderate,Active,Poor,6.0,0
P103406,32,Male,0,0,0,0,1,0,0,18.9,101.0,75.0,88.0,193.6,48.7,141.7,191.5,Never,Moderate,Active,Poor,8.5,0
P103407,39,Male,0,0,0,0,0,0,0,21.2,129.0,87.0,121.5,159.9,20.2,94.3,86.8,Never,Moderate,Sedentary,Balanced,10.5,0
P103408,68,Male,0,1,0,0,1,0,0,30.9,163.0,85.0,80.7,186.3,72.4,161.1,267.7,Former,Rare,Sedentary,Balanced,6.7,0
P103409,62,Female,0,0,0,0,0,0,0,26.5,129.0,86.0,96.7,138.6,52.5,124.7,162.1,Never,Rare,Active,Balanced,7.3,0
P103410,51,Female,1,0,0,0,0,0,0,18.1,107.0,74.0,,168.7,56.0,94.0,71.6,Never,Moderate,Active,Balanced,7.7,0
P103411,55,Female,1,0,0,0,0,0,0,33.8,137.0,,110.7,154.0,58.3,87.6,154.3,Never,Rare,Sedentary,Balanced,6.7,0
P103412,37,Male,0,0,0,0,1,0,0,25.6,118.0,76.0,92.7,236.6,35.9,161.6,57.9,Never,Rare,Active,Poor,7.7,0
P103413,71,Male,0,0,0,0,0,0,0,26.2,148.0,72.0,85.2,144.2,57.3,119.9,198.9,Never,Moderate,Moderate,Balanced,4.8,0
P103414,45,Female,0,0,0,0,0,0,0,21.2,103.0,67.0,89.6,100.9,64.8,79.3,142.4,Never,Rare,Sedentary,Poor,7.0,0
P103415,60,Female,1,0,0,0,0,0,0,29.8,133.0,80.0,83.0,149.1,59.3,71.8,77.7,Never,Moderate,Active,Poor,7.6,0
P103416,61,Female,0,0,0,0,1,0,0,27.0,116.0,73.0,91.6,200.9,55.9,135.1,226.5,Never,Rare,Sedentary,Healthy,9.1,0
P103417,49,Male,0,0,0,0,0,0,0,28.6,136.0,76.0,104.5,165.6,32.5,115.9,,Current,Moderate,Sedentary,Poor,8.6,0
P103418,40,Female,0,1,0,0,0,0,0,39.5,132.0,91.0,85.5,137.8,50.6,77.4,146.6,Never,Rare,Moderate,Healthy,7.3,0
P103419,41,Female,0,0,1,0,0,0,0,28.5,120.0,75.0,91.0,143.5,33.7,92.2,147.7,Never,Moderate,Moderate,Balanced,6.5,0
P103420,45,Female,0,0,0,0,0,0,0,35.8,126.0,83.0,88.7,161.0,25.5,104.7,222.3,Never,Rare,Moderate,Balanced,8.3,0
P103421,45,Male,0,1,0,0,0,0,0,30.8,138.0,88.0,84.8,176.1,38.3,100.3,109.5,Never,Rare,Moderate,Healthy,9.3,0
P103422,39,Male,0,0,0,0,0,0,0,22.7,108.0,,93.9,126.5,51.7,96.6,147.2,Never,Moderate,Active,Balanced,7.0,0
P103423,59,Male,1,0,0,0,0,0,0,31.2,137.0,74.0,106.0,173.2,40.3,105.2,222.6,Current,Rare,Sedentary,Poor,7.8,0
P103424,44,Female,1,0,0,0,0,0,0,27.5,127.0,76.0,89.6,145.1,59.5,114.6,86.7,Current,Rare,Moderate,Balanced,6.2,0
P103425,50,Other,0,0,0,0,0,0,0,23.4,119.0,82.0,,119.5,58.4,90.9,167.1,Former,Rare,Active,Balanced,6.6,1
P103426,75,Female,1,0,1,0,1,0,0,25.0,120.0,85.0,103.7,216.2,73.7,115.0,233.0,Current,Moderate,Moderate,Healthy,7.6,0
P103427,55,Female,0,1,0,1,0,0,0,29.4,122.0,80.0,121.9,152.0,60.6,87.5,143.9,Never,Heavy,Active,Healthy,6.4,0
P103428,75,Male,0,0,1,0,0,0,0,20.2,139.0,86.0,86.1,190.9,39.7,125.8,,Never,Rare,Moderate,Balanced,7.0,0
P103429,68,Male,0,0,1,0,0,0,0,24.1,110.0,75.0,88.0,137.1,55.6,71.1,133.8,Former,Rare,Sedentary,Balanced,6.7,0
P103430,69,Female,0,0,0,0,0,0,0,39.7,141.0,94.0,87.2,194.1,22.2,116.6,118.7,Never,Rare,Sedentary,Balanced,7.5,0
P103431,28,Female,0,0,0,0,1,0,0,,125.0,82.0,96.5,,67.7,135.4,169.8,Former,Rare,Moderate,Balanced,6.8,0
P103432,71,Male,0,0,0,0,1,0,1,14.6,123.0,75.0,113.7,231.3,50.3,146.7,72.5,Current,Rare,Moderate,Poor,7.2,0
P103433,73,Female,0,0,0,0,0,0,0,24.2,140.0,71.0,97.7,143.3,60.5,,112.4,Never,Rare,Moderate,Balanced,8.6,0
P103434,36,Female,0,0,0,0,1,0,0,14.0,92.0,88.0,110.1,244.4,55.1,163.9,181.7,Never,Rare,Moderate,Healthy,7.5,0
P103435,64,Male,0,0,0,0,0,0,0,26.5,127.0,66.0,107.0,158.6,27.6,110.8,76.9,Never,Rare,Moderate,Balanced,6.7,0
P103436,62,Other,0,0,0,0,1,0,0,24.1,114.0,70.0,90.5,227.4,39.9,128.0,200.8,Never,Heavy,Sedentary,Healthy,7.2,0
P103437,74,Male,0,1,0,0,1,0,0,19.4,125.0,78.0,,230.6,43.1,140.1,73.8,Never,Rare,Moderate,Balanced,6.6,0
P103438,18,Male,0,0,0,0,1,0,0,30.8,107.0,90.0,80.9,211.0,65.3,144.6,109.3,Never,Rare,Sedentary,Balanced,7.3,0
P103439,61,Male,0,0,0,0,1,0,0,25.0,116.0,72.0,76.4,192.2,60.9,143.0,141.5,Never,Moderate,Sedentary,Balanced,,0
P103440,63,Female,0,1,0,0,0,0,0,30.8,149.0,,89.6,70.4,57.2,47.4,222.5,Never,Rare,Active,Poor,5.8,0
P103441,60,Male,0,0,0,0,1,0,0,22.6,111.0,90.0,107.6,192.4,43.1,148.6,189.4,Current,Rare,Moderate,Healthy,8.7,0
P103442,43,Female,1,0,0,0,0,0,0,35.1,126.0,75.0,103.7,132.4,75.4,64.0,149.5,Current,Moderate,Sedentary,Poor,8.5,0
P103443,32,Male,0,0,0,0,0,0,0,30.5,108.0,,99.6,188.6,74.5,114.0,56.9,Never,Rare,Moderate,Balanced,6.5,0
P103444,52,Male,0,0,0,0,1,0,0,27.1,125.0,75.0,71.3,195.2,42.3,132.2,138.5,Never,Heavy,Moderate,Healthy,5.0,0
P103445,66,Female,0,0,0,0,0,0,0,28.5,131.0,83.0,91.2,161.4,24.3,103.6,97.6,Never,Rare,Sedentary,Balanced,8.5,0
P103446,47,Female,0,0,0,0,0,0,0,30.6,122.0,80.0,110.9,154.8,47.1,118.2,128.1,Never,Moderate,Active,Balanced,5.1,0
P103447,45,Female,0,0,0,0,0,0,0,23.3,120.0,91.0,99.3,192.7,33.5,113.6,123.6,Current,Rare,Active,Healthy,6.1,0
P103448,38,Female,0,0,0,0,0,0,0,24.9,111.0,84.0,106.8,169.1,54.2,106.7,99.7,Never,Rare,Active,Poor,6.5,0
P103449,23,Male,0,0,0,0,1,1,0,22.2,95.0,88.0,89.6,213.5,48.1,140.3,,Current,Rare,Moderate,Balanced,7.5,0
P103450,51,Male,0,0,0,0,0,0,0,30.8,118.0,76.0,121.4,176.0,67.4,119.0,111.3,Former,Moderate,Sedentary,Balanced,7.5,0
P103451,56,Female,0,0,0,0,0,0,0,18.5,99.0,79.0,104.4,,41.0,86.8,227.4,Never,Moderate,Moderate,Healthy,6.8,0
P103452,56,Female,0,0,0,0,1,0,0,22.2,112.0,67.0,112.7,183.8,73.1,,242.2,Current,Moderate,Sedentary,Healthy,8.7,0
P103453,73,Male,0,0,0,0,0,0,0,15.6,111.0,67.0,99.0,167.6,40.8,110.8,92.2,Former,Rare,Moderate,Poor,7.6,0
P103454,49,Male,0,0,0,0,0,0,0,20.4,,89.0,,,36.8,120.9,58.5,Never,Rare,Active,Balanced,8.1,0
P103455,67,Male,0,0,0,0,0,0,0,20.8,121.0,80.0,,,31.4,,212.5,Never,Moderate,Moderate,Balanced,6.3,0
P103456,37,Male,0,0,0,0,1,0,0,33.0,120.0,86.0,110.3,247.6,61.0,142.5,292.2,Never,Rare,Moderate,Balanced,5.1,0
P103457,66,Female,0,0,0,0,0,0,0,20.2,119.0,77.0,103.0,177.5,54.4,116.9,152.7,Never,Rare,Sedentary,Balanced,8.1,0
P103458,50,Female,0,0,0,0,0,0,0,29.7,125.0,76.0,71.2,191.3,29.2,106.4,180.3,Never,Rare,Sedentary,Poor,8.5,0
P103459,54,Male,1,0,0,0,0,0,0,22.2,126.0,83.0,77.1,142.8,63.5,76.1,57.9,Never,Moderate,Moderate,Balanced,4.3,0
P103460,75,Male,0,0,0,0,1,1,0,24.0,136.0,76.0,110.5,202.3,45.9,103.8,165.3,Former,Rare,Moderate,Poor,7.7,0
P103461,41,Female,0,0,0,0,0,0,0,22.7,113.0,80.0,86.8,185.2,57.5,101.3,106.3,Never,Moderate,Moderate,Balanced,6.1,0
P103462,38,Female,0,0,0,0,0,0,0,23.7,117.0,82.0,95.0,104.7,23.3,58.5,159.1,Current,Moderate,Active,Balanced,,0
P103463,39,Female,0,0,0,0,0,0,0,32.3,106.0,83.0,86.9,199.5,,113.1,167.4,Current,Moderate,Moderate,Balanced,6.0,0
P103464,34,Female,0,0,0,0,1,0,0,16.3,106.0,70.0,106.7,219.9,37.2,150.4,151.9,Never,Rare,Active,Balanced,,0
P103465,53,Female,0,0,0,0,0,0,0,33.8,112.0,,91.7,191.3,52.1,,207.1,Never,Heavy,Sedentary,Poor,7.4,0
P103466,25,Male,0,0,0,0,0,0,0,22.9,100.0,82.0,90.9,122.4,61.3,66.4,79.6,Never,Rare,Sedentary,Healthy,6.8,0
P103467,47,Female,0,0,0,0,0,0,0,23.0,105.0,83.0,123.1,192.6,45.9,,157.1,Never,Moderate,Moderate,Balanced,6.4,0
P103468,50,Female,0,1,0,0,0,0,0,25.7,139.0,94.0,78.9,190.9,65.0,,250.7,Never,Rare,Sedentary,Balanced,6.0,0
P103469,19,Female,0,0,0,0,0,0,0,30.0,110.0,87.0,,120.4,52.2,95.9,127.8,Never,Rare,Moderate,Balanced,7.7,0
P103470,66,Female,0,0,0,0,1,0,0,18.8,123.0,84.0,116.2,206.4,38.6,123.5,132.8,Never,Moderate,Sedentary,Balanced,6.8,0
P103471,54,Male,0,0,0,1,0,0,0,28.1,125.0,85.0,,182.7,38.3,,190.5,Never,Rare,Moderate,Healthy,5.8,0
P103472,55,Female,0,0,0,0,1,0,0,20.4,122.0,84.0,99.2,200.5,43.6,158.7,95.8,Current,Moderate,Moderate,Healthy,6.9,0
P103473,67,Female,0,0,0,1,1,0,0,30.2,128.0,86.0,171.5,231.7,63.7,165.7,78.5,Former,Moderate,Moderate,Healthy,,0
P103474,39,Male,0,0,0,0,0,0,0,29.8,123.0,81.0,101.3,154.9,62.5,93.7,129.0,Former,Rare,Active,Balanced,6.7,0
P103475,56,Female,0,1,0,0,0,0,0,26.8,142.0,79.0,100.1,122.4,62.0,75.2,247.3,Current,Moderate,Moderate,Healthy,6.5,0
P103476,47,Female,0,0,0,0,0,0,0,29.4,129.0,76.0,109.7,155.6,33.2,81.7,-13.6,Current,Rare,Moderate,Balanced,7.7,0
P103477,49,Male,0,0,0,0,0,0,0,,132.0,93.0,115.5,144.4,36.4,65.8,124.1,Never,Rare,Active,Balanced,6.9,0
P103478,31,Male,0,0,0,0,0,0,0,28.1,112.0,72.0,123.5,150.6,43.0,115.5,84.0,Current,Moderate,Moderate,Balanced,7.6,0
P103479,59,Female,0,0,0,0,1,0,0,29.1,124.0,64.0,86.4,205.8,56.2,141.6,99.0,Former,Rare,Sedentary,Healthy,7.1,0
P103480,38,Male,0,0,0,1,1,0,0,30.8,138.0,78.0,170.8,233.4,,180.3,208.7,Never,Moderate,Moderate,Healthy,8.8,0
P103481,56,Female,0,0,0,0,0,0,0,24.9,134.0,77.0,92.4,152.3,52.7,74.6,112.7,Never,Rare,Active,Balanced,6.8,0
P103482,51,Female,0,0,0,1,0,0,0,27.5,,83.0,164.9,198.7,67.1,108.3,124.4,Never,Rare,Sedentary,Poor,5.4,0
P103483,32,Male,0,0,0,1,0,0,0,26.8,101.0,77.0,124.5,154.7,35.8,91.3,127.2,Former,Rare,Active,Poor,8.8,0
P103484,60,Female,0,0,0,0,0,0,0,24.9,,80.0,79.6,,20.8,129.3,,Never,Rare,Moderate,Healthy,7.4,0
P103485,63,Male,1,0,0,0,0,0,0,25.8,,82.0,90.8,187.0,59.6,115.6,,Former,Heavy,Active,Balanced,,0
P103486,75,Female,0,0,0,0,1,0,0,26.4,134.0,,110.2,181.4,53.4,146.4,199.2,Never,Moderate,Sedentary,Balanced,7.6,0
P103487,51,Female,0,0,0,0,0,0,0,23.2,112.0,88.0,93.9,,36.1,94.2,,Never,Rare,Sedentary,Balanced,6.0,0
P103488,53,Female,0,0,0,0,0,0,0,31.5,125.0,81.0,80.9,152.9,,112.0,77.2,Never,Rare,Moderate,Poor,7.2,0
P103489,63,Male,0,0,0,0,1,0,0,20.0,124.0,85.0,91.8,224.0,41.5,154.9,182.7,Current,Moderate,Sedentary,Healthy,6.9,0
P103490,45,Other,0,0,0,0,0,0,0,18.2,122.0,86.0,111.1,199.7,38.8,85.0,110.5,Never,Rare,Active,Balanced,7.1,0
P103491,35,Male,0,0,0,0,0,0,0,26.1,108.0,72.0,89.8,178.7,53.4,,179.4,Never,Rare,Sedentary,Balanced,4.8,0
P103492,64,Male,0,0,0,0,0,0,0,27.3,109.0,74.0,115.8,133.6,52.0,119.2,121.3,Never,Moderate,Active,Poor,6.1,0
P103493,80,Female,0,1,0,1,0,0,0,32.9,161.0,84.0,139.1,127.6,38.0,70.6,143.1,Never,Rare,Moderate,Healthy,6.7,0
P103494,65,Female,0,0,0,0,1,0,0,31.7,133.0,83.0,75.2,223.2,28.3,160.9,172.9,Never,Rare,Active,Poor,7.7,0
P103495,56,Male,0,0,0,0,0,0,0,29.1,117.0,80.0,97.5,136.5,74.2,121.7,210.7,Never,Rare,Sedentary,Balanced,8.2,0
P103496,46,Male,0,0,0,0,0,0,0,16.3,120.0,67.0,107.6,195.4,44.3,122.1,104.5,Never,Rare,Moderate,Balanced,6.5,0
P103497,48,Female,0,0,0,0,0,0,0,16.6,107.0,65.0,108.4,127.2,33.0,71.0,,Current,Rare,Moderate,Balanced,5.9,0
P103498,56,Female,0,0,0,1,1,0,0,34.1,131.0,80.0,107.7,219.1,70.8,165.1,83.0,Never,Rare,Moderate,Poor,7.6,0
P103499,39,Male,0,0,0,0,0,0,0,28.9,129.0,80.0,79.6,176.0,42.1,113.1,170.0,Never,Heavy,Sedentary,Balanced,8.5,0
P103500,39,Female,0,0,0,0,0,0,0,23.0,111.0,81.0,92.5,189.9,43.7,129.9,33.7,Never,Rare,Active,Balanced,,0
P103501,51,Female,0,0,0,0,0,0,0,23.9,119.0,85.0,108.2,195.3,49.0,126.0,239.9,Never,Moderate,Moderate,Balanced,5.5,0
P103502,33,Female,0,0,0,1,1,0,0,35.2,106.0,87.0,113.5,214.3,67.4,131.2,197.1,Former,Rare,Moderate,Poor,6.8,0
P103503,33,Female,1,0,0,0,0,0,0,24.9,131.0,90.0,,,39.5,88.6,60.5,Former,Rare,Active,Balanced,5.7,0
P103504,41,Male,0,0,0,0,0,0,0,22.0,116.0,87.0,95.0,197.9,36.4,105.5,94.4,Current,Rare,Sedentary,Poor,,0
P103505,53,Female,0,0,0,0,0,0,0,26.1,107.0,73.0,97.5,158.6,35.2,101.0,92.5,Never,Rare,Active,Healthy,6.7,0
P103506,49,Female,1,0,0,0,0,0,0,23.7,116.0,78.0,112.6,154.2,42.9,106.3,190.5,Former,Rare,Moderate,Balanced,5.4,0
P103507,81,Male,0,0,0,0,0,0,0,25.6,137.0,77.0,94.7,132.2,69.5,104.9,20.4,Current,Heavy,Sedentary,Balanced,7.0,0
P103508,48,Female,0,0,0,0,0,0,0,30.6,99.0,75.0,98.9,147.9,45.4,100.2,290.7,Never,Rare,Sedentary,Balanced,5.6,0
P103509,77,Male,0,0,1,0,1,0,0,24.6,142.0,81.0,85.4,149.5,53.7,131.3,161.2,Never,Rare,Sedentary,Balanced,6.8,0
P103510,53,Female,0,1,0,0,0,0,0,26.8,128.0,92.0,103.8,170.7,55.1,84.8,,Never,Rare,Moderate,Healthy,,0
P103511,45,Male,0,0,0,0,0,0,0,21.9,116.0,68.0,63.9,147.0,31.4,109.2,150.5,Never,Rare,Active,Healthy,8.6,0
P103512,46,Male,0,0,0,0,0,0,0,26.8,111.0,76.0,81.7,154.0,64.8,88.9,,Current,Rare,Moderate,Balanced,7.2,0
P103513,58,Male,0,0,0,0,0,0,0,21.0,,81.0,113.4,,78.1,99.6,165.6,Never,Rare,Moderate,Balanced,8.7,0
P103514,55,Male,0,0,0,1,1,0,0,30.8,137.0,77.0,112.0,231.2,34.3,159.2,95.9,Never,Heavy,Moderate,Balanced,5.7,0
P103515,47,Male,0,0,0,0,0,0,0,26.8,115.0,,,156.8,,67.3,268.0,Never,Rare,Moderate,Balanced,6.2,0
P103516,47,Female,0,1,0,0,1,0,0,28.9,135.0,90.0,108.1,222.9,71.8,171.0,171.8,Never,Rare,Moderate,Balanced,6.0,0
P103517,55,Male,0,0,0,0,1,0,0,27.9,113.0,84.0,96.7,211.3,42.2,125.8,58.9,Former,Moderate,Moderate,Healthy,7.1,0
P103518,71,Male,1,0,0,0,0,0,0,29.2,135.0,69.0,87.7,125.0,47.6,74.5,166.3,Former,Rare,Sedentary,Balanced,8.9,0
P103519,86,Male,0,0,1,0,1,0,0,18.5,,71.0,85.7,201.0,44.6,133.4,268.6,Never,Rare,Sedentary,Healthy,6.6,1
P103520,69,Male,0,0,1,1,0,0,0,34.4,131.0,82.0,205.6,180.9,35.8,95.7,51.6,Never,Rare,Sedentary,Balanced,6.1,1
P103521,54,Female,0,0,0,0,0,0,0,24.8,134.0,77.0,131.9,169.5,45.2,93.1,147.3,Never,Rare,Sedentary,Healthy,8.5,0
P103522,59,Female,0,0,0,0,1,0,0,26.1,124.0,74.0,101.8,206.8,,140.8,68.5,Never,Moderate,Sedentary,Healthy,7.2,0
P103523,43,Male,0,0,0,0,1,0,0,27.7,122.0,75.0,80.3,225.9,43.3,159.8,138.0,Former,Rare,Active,Balanced,5.5,0
P103524,67,Female,0,0,0,0,1,0,0,18.3,136.0,84.0,78.1,179.6,34.1,145.7,326.1,Current,Rare,Active,Balanced,7.4,0
P103525,44,Female,0,0,0,0,0,0,0,26.9,112.0,78.0,90.0,180.8,69.3,126.6,90.7,Never,Rare,Sedentary,Balanced,6.4,0
P103526,69,Male,1,0,0,0,1,0,0,15.7,142.0,68.0,89.2,266.1,39.4,199.5,172.9,Never,Rare,Moderate,Poor,7.2,1
P103527,62,Male,0,0,0,0,0,0,0,15.5,107.0,72.0,100.0,148.9,,90.4,-18.2,Never,Moderate,Active,Balanced,7.4,0
P103528,38,Male,0,0,0,0,0,0,0,17.1,102.0,80.0,94.0,88.3,59.0,45.7,154.9,Former,Rare,Moderate,Healthy,7.7,0
P103529,47,Male,0,0,0,0,0,0,0,33.8,119.0,68.0,,165.3,49.0,116.6,-0.6,Former,Heavy,Moderate,Balanced,6.8,0
P103530,31,Male,0,0,0,0,0,0,0,24.8,97.0,82.0,104.6,178.3,21.1,127.1,166.9,Never,Rare,Active,Poor,5.3,0
P103531,43,Female,0,0,0,0,0,0,0,29.4,112.0,77.0,105.8,172.5,48.3,86.4,142.9,Never,Rare,Moderate,Balanced,6.3,0
P103532,48,Female,0,1,0,0,0,0,0,26.6,136.0,86.0,108.8,141.9,62.2,78.4,218.7,Current,Rare,Moderate,Healthy,4.6,0
P103533,58,Male,0,0,0,0,1,0,0,,111.0,73.0,80.0,206.1,48.9,138.8,99.1,Never,Rare,Active,Healthy,7.7,0
P103534,22,Female,0,0,0,0,0,0,0,26.8,95.0,90.0,94.7,124.9,58.6,88.7,101.9,Never,Rare,Active,Balanced,6.9,0
P103535,47,Female,0,0,0,0,1,0,0,18.1,116.0,72.0,95.2,193.7,54.5,141.5,113.3,Never,Rare,Active,Balanced,6.6,0
P103536,38,Female,0,0,0,0,0,0,0,23.2,106.0,83.0,94.3,178.1,48.3,119.3,144.9,Current,Rare,Moderate,Balanced,4.9,0
P103537,25,Male,0,0,0,0,0,0,0,21.7,112.0,82.0,87.5,124.7,30.0,65.0,172.7,Never,Rare,Moderate,Healthy,,0
P103538,72,Female,0,0,0,0,1,1,0,28.9,142.0,82.0,102.3,218.4,52.9,151.7,131.3,Never,Heavy,Moderate,Balanced,5.1,0
P103539,50,Male,0,0,0,0,1,0,0,26.1,131.0,64.0,61.4,226.6,55.8,143.4,150.5,Never,Rare,Moderate,Balanced,6.8,0
P103540,69,Male,1,0,0,0,0,0,0,18.9,130.0,72.0,98.4,159.1,41.9,107.9,338.1,Never,Rare,Active,Balanced,7.1,0
P103541,34,Male,0,0,0,0,1,0,0,22.8,103.0,81.0,92.2,201.1,44.3,128.4,99.9,Never,Rare,Moderate,Poor,6.2,0
P103542,47,Male,0,0,0,0,0,0,0,26.5,106.0,80.0,98.1,193.3,42.3,97.7,136.2,Current,Rare,Moderate,Balanced,8.0,0
P103543,60,Male,0,0,0,0,0,0,0,25.8,116.0,68.0,81.1,155.9,46.7,89.8,,Never,Moderate,Moderate,Poor,7.3,0
P103544,43,Female,0,1,0,0,1,0,0,30.6,124.0,,100.4,199.1,51.8,141.7,66.8,Former,Rare,Sedentary,Poor,7.2,0
P103545,63,Male,0,1,0,0,1,0,0,23.3,123.0,87.0,89.8,222.4,34.5,128.6,117.2,Never,Rare,Moderate,Balanced,6.2,0
P103546,49,Male,0,1,0,0,0,0,0,21.4,121.0,89.0,100.8,125.5,53.4,83.9,155.6,Never,Rare,Moderate,Healthy,8.8,0
P103547,77,Male,1,0,0,0,0,0,0,30.2,128.0,79.0,82.7,141.8,49.2,76.9,151.2,Current,Moderate,Active,Balanced,8.4,0
P103548,45,Male,0,0,0,0,0,0,0,27.1,125.0,80.0,79.7,143.7,55.3,86.5,243.2,Never,Rare,Sedentary,Balanced,4.9,0
P103549,88,Male,0,0,1,0,1,1,0,21.3,133.0,69.0,94.0,216.4,41.1,159.6,58.1,Never,Rare,Sedentary,Balanced,6.0,0
P103550,76,Female,0,0,0,0,1,0,0,27.0,134.0,82.0,82.6,174.5,35.2,135.7,227.3,Current,Moderate,Active,Healthy,9.0,0
P103551,62,Female,0,0,0,0,0,0,0,35.5,143.0,85.0,84.0,168.2,46.1,108.2,137.9,Never,Moderate,Sedentary,Balanced,6.8,0
P103552,76,Female,1,1,0,0,1,0,0,23.5,136.0,91.0,86.1,219.6,38.5,143.5,109.1,Current,Rare,Sedentary,Balanced,8.2,0
P103553,44,Female,0,0,0,0,0,0,0,26.4,144.0,,99.0,140.2,63.0,65.6,128.9,Never,Rare,Moderate,Balanced,6.8,0
P103554,77,Male,0,1,0,0,1,0,0,28.8,150.0,86.0,89.8,172.5,54.4,136.3,85.6,Never,Rare,Moderate,Healthy,8.4,0
P103555,43,Female,0,0,0,0,0,0,0,24.1,111.0,79.0,96.2,189.8,48.8,125.3,198.7,Never,Moderate,Moderate,Balanced,5.9,0
P103556,61,Male,0,0,0,1,0,0,0,30.0,140.0,84.0,137.2,119.7,,66.9,65.3,Never,Rare,Active,Poor,4.5,0
P103557,52,Male,0,0,0,0,0,0,0,,132.0,76.0,104.7,137.4,55.0,94.2,141.2,Current,Rare,Sedentary,Balanced,7.0,0
P103558,37,Female,0,0,0,0,0,0,0,27.5,116.0,78.0,87.1,105.8,36.6,39.3,164.4,Never,Rare,Moderate,Balanced,8.5,0
P103559,57,Female,0,0,0,0,1,0,0,25.4,99.0,72.0,92.9,191.9,53.9,147.4,85.7,Never,Moderate,Active,Balanced,8.4,0
P103560,61,Male,0,1,0,0,1,0,0,26.3,122.0,87.0,78.3,185.0,53.8,131.9,247.4,Never,Moderate,Sedentary,Poor,6.3,0
P103561,32,Male,0,0,0,0,1,0,0,26.7,104.0,75.0,96.6,223.0,,151.3,208.4,Never,Rare,Moderate,Balanced,6.3,0
P103562,49,Female,0,0,0,0,1,0,0,24.1,111.0,,69.5,204.9,46.1,139.3,136.5,Never,Moderate,Active,Balanced,7.0,0
P103563,35,Other,0,0,0,0,0,0,0,24.4,117.0,84.0,119.6,,48.1,82.2,146.8,Never,Rare,Moderate,Balanced,7.7,0
P103564,47,Female,0,0,0,0,0,0,0,35.8,132.0,82.0,99.0,180.3,,111.8,,Never,Moderate,Moderate,Balanced,7.7,0
P103565,61,Male,0,0,0,0,0,0,0,19.9,99.0,71.0,,141.0,61.2,92.1,63.3,Never,Moderate,Active,Healthy,7.0,0
P103566,62,Male,1,0,0,1,1,0,0,28.7,120.0,85.0,104.9,216.2,63.2,,198.8,Former,Rare,Sedentary,Poor,8.3,0
P103567,23,Female,0,0,0,0,1,0,0,29.5,100.0,86.0,96.0,228.6,77.2,134.1,79.2,Never,Rare,Moderate,Balanced,8.3,0
P103568,59,Male,0,0,0,0,0,0,0,19.8,126.0,80.0,76.4,163.3,65.6,115.0,156.2,Current,Rare,Active,Balanced,6.7,0
P103569,46,Male,0,0,0,0,0,0,0,31.1,112.0,71.0,114.1,156.0,35.3,108.4,134.7,Current,Moderate,Active,Poor,7.6,0
P103570,46,Male,0,0,0,0,0,0,0,25.0,132.0,69.0,71.8,187.8,54.2,,185.0,Former,Rare,Active,Balanced,5.1,0
P103571,35,Male,0,0,0,0,1,0,0,24.4,109.0,75.0,64.5,206.5,49.1,121.3,180.7,Never,Rare,Moderate,Poor,6.9,0
P103572,29,Male,0,0,0,0,0,0,0,20.6,131.0,76.0,101.7,107.0,55.6,47.1,69.1,Never,Rare,Moderate,Balanced,8.6,0
P103573,46,Female,0,1,0,0,1,0,0,23.9,141.0,75.0,104.3,210.8,61.3,139.6,55.1,Never,Rare,Moderate,Healthy,6.1,0
P103574,40,Female,0,0,0,0,0,0,0,24.4,127.0,77.0,93.9,178.0,56.5,89.4,143.9,Never,Moderate,Active,Poor,6.6,0
P103575,71,Female,1,1,0,0,1,0,0,17.1,146.0,91.0,83.5,213.8,45.4,135.3,218.1,Never,Rare,Active,Healthy,7.9,0
P103576,73,Male,0,0,0,0,0,0,0,23.7,128.0,86.0,103.5,167.2,52.1,70.0,140.8,Never,Rare,Active,Balanced,7.7,0
P103577,41,Female,0,0,0,0,0,0,0,25.6,104.0,80.0,93.3,167.6,26.9,116.9,225.3,Never,Moderate,Sedentary,Poor,8.0,0
P103578,42,Female,0,0,0,0,1,0,0,17.8,123.0,,98.6,291.8,41.7,181.5,105.5,Never,Heavy,Sedentary,Balanced,6.3,0
P103579,52,Male,0,0,0,0,1,0,0,,135.0,78.0,77.7,190.6,56.3,151.6,194.3,Never,Rare,Sedentary,Balanced,7.9,0
P103580,41,Female,0,0,0,0,0,0,0,32.0,126.0,87.0,116.8,164.5,48.7,116.8,204.5,Former,Moderate,Active,Balanced,6.6,0
P103581,39,Female,0,0,0,0,0,0,0,23.6,116.0,77.0,108.0,125.0,39.6,80.8,118.4,Never,Rare,Moderate,Healthy,5.7,0
P103582,49,Male,0,0,0,0,1,0,0,37.1,122.0,76.0,83.1,220.6,69.1,158.5,221.8,Never,Moderate,Active,Balanced,6.6,0
P103583,47,Male,0,0,0,0,1,0,0,28.4,127.0,78.0,86.4,206.2,60.8,122.1,141.3,Never,Moderate,Moderate,Poor,6.6,0
P103584,32,Male,0,0,0,0,0,0,0,16.7,103.0,74.0,94.4,169.3,37.3,116.3,179.4,Never,Rare,Moderate,Balanced,7.3,0
P103585,53,Male,0,0,0,0,0,0,0,30.0,123.0,77.0,96.2,145.5,33.1,110.3,6.6,Never,Moderate,Moderate,Balanced,5.7,0
P103586,43,Female,0,0,0,0,0,0,0,28.7,110.0,89.0,97.3,149.3,36.0,73.6,152.2,Never,Moderate,Active,Balanced,6.5,0
P103587,52,Female,0,0,0,0,1,0,0,18.5,108.0,87.0,108.4,203.6,41.9,150.0,98.5,Current,Rare,Active,Healthy,7.0,0
P103588,71,Female,0,0,0,0,0,1,0,26.4,118.0,81.0,99.6,184.1,56.9,104.2,137.0,Never,Rare,Moderate,Poor,8.1,0
P103589,37,Male,0,0,0,0,1,0,0,35.6,121.0,87.0,94.0,190.8,47.9,138.7,202.9,Former,Moderate,Sedentary,Balanced,5.0,0
P103590,57,Male,0,0,0,0,1,0,0,30.6,124.0,74.0,82.6,226.0,,152.3,82.0,Never,Rare,Moderate,Poor,9.3,0
P103591,41,Male,0,0,0,0,0,0,0,20.1,110.0,65.0,84.6,146.1,52.7,95.2,125.1,Former,Rare,Active,Balanced,6.8,0
P103592,38,Male,0,0,0,0,0,0,0,21.0,125.0,66.0,94.0,175.8,,119.2,159.4,Never,Moderate,Moderate,Healthy,6.4,0
P103593,38,Female,0,0,0,0,0,0,0,34.5,119.0,79.0,82.7,155.5,51.0,126.9,248.6,Never,Rare,Active,Balanced,8.2,0
P103594,81,Male,0,0,0,0,0,0,0,23.3,138.0,81.0,80.7,174.3,43.7,118.6,159.4,Former,Rare,Moderate,Balanced,7.5,0
P103595,36,Female,0,0,0,0,0,0,0,27.4,106.0,77.0,105.1,,66.5,113.1,55.0,Never,Rare,Moderate,Balanced,5.3,0
P103596,52,Male,0,0,0,0,0,0,0,24.7,113.0,69.0,99.1,152.1,51.9,84.9,162.6,Never,Moderate,Active,Poor,7.0,0
P103597,43,Male,0,0,0,0,0,0,0,25.8,115.0,81.0,117.9,156.5,75.8,104.6,218.8,Never,Rare,Moderate,Healthy,8.1,0
P103598,55,Male,0,1,0,1,0,0,0,,139.0,72.0,215.5,137.2,54.2,80.6,97.0,Never,Rare,Moderate,Healthy,7.2,0
P103599,73,Female,0,0,0,0,0,0,0,22.5,137.0,72.0,112.9,178.8,54.7,94.7,155.0,Former,Rare,Moderate,Healthy,8.0,0
P103600,90,Female,0,0,0,0,1,1,0,17.9,136.0,87.0,72.1,239.2,53.2,143.3,123.4,Never,Moderate,Sedentary,Poor,7.5,0
P103601,18,Female,0,0,0,0,0,0,0,31.6,96.0,83.0,82.0,156.9,61.9,107.7,214.4,Never,Moderate,Active,Healthy,6.4,0
P103602,65,Female,1,0,0,0,1,0,0,22.4,133.0,71.0,103.5,201.8,54.8,142.9,27.1,Never,Rare,Active,Healthy,7.1,0
P103603,72,Female,0,0,0,1,1,1,0,25.9,134.0,71.0,123.5,223.6,25.3,156.2,146.6,Current,Moderate,Sedentary,Balanced,7.8,1
P103604,60,Other,0,0,0,0,0,0,0,21.3,122.0,79.0,88.5,151.0,76.4,88.6,134.7,Never,Rare,Sedentary,Balanced,7.3,0
P103605,68,Female,0,0,0,0,1,0,0,20.6,119.0,82.0,83.5,210.3,57.2,121.3,102.4,Never,Rare,Moderate,Healthy,8.2,0
P103606,72,Male,0,0,0,0,1,1,0,24.7,133.0,80.0,94.6,204.5,61.4,115.1,231.8,Former,Moderate,Moderate,Balanced,5.6,0
P103607,60,Female,0,0,0,0,0,0,0,21.2,106.0,64.0,65.6,191.3,47.5,125.6,93.5,Never,Rare,Active,Balanced,6.8,0
P103608,38,Female,0,0,0,0,1,0,0,35.3,117.0,88.0,92.5,228.1,51.1,166.3,158.7,Never,Heavy,Moderate,Healthy,5.8,0
P103609,36,Female,1,0,0,0,0,0,0,23.5,128.0,85.0,,186.4,56.6,119.2,192.2,Never,Rare,Moderate,Healthy,8.1,0
P103610,68,Male,0,0,0,0,1,0,0,29.0,126.0,92.0,121.7,183.7,37.7,140.1,92.7,Never,Rare,Moderate,Healthy,6.4,0
P103611,27,Female,0,0,0,0,0,0,0,17.2,115.0,71.0,111.5,173.0,73.8,97.1,146.0,Never,Rare,Sedentary,Balanced,7.7,0
P103612,39,Male,0,0,0,0,1,0,0,23.0,119.0,85.0,93.3,175.0,,141.9,84.0,Former,Rare,Active,Healthy,5.5,0
P103613,43,Female,0,0,0,0,0,0,0,28.8,114.0,88.0,89.9,159.7,51.3,103.6,236.0,Never,Rare,Active,Poor,6.8,0
P103614,61,Male,0,0,0,0,0,0,0,22.6,127.0,69.0,90.4,165.7,24.5,98.5,186.4,Never,Rare,Moderate,Balanced,9.2,0
P103615,42,Female,0,1,0,0,1,0,0,30.6,134.0,81.0,86.8,177.1,68.6,141.4,182.9,Former,Moderate,Active,Healthy,8.4,0
P103616,40,Female,0,0,0,0,1,0,0,38.6,125.0,78.0,89.2,230.0,24.5,143.5,210.2,Never,Rare,Active,Balanced,6.6,0
P103617,52,Female,0,0,0,0,0,0,0,,131.0,81.0,77.8,,,97.3,142.9,Never,Rare,Moderate,Balanced,,0
P103618,46,Male,0,0,0,0,1,0,0,27.9,122.0,98.0,102.6,322.1,46.8,200.1,198.4,Former,Rare,Sedentary,Poor,7.7,0
P103619,63,Female,0,1,0,0,0,1,0,24.2,127.0,88.0,,139.6,60.8,87.0,175.8,Never,Rare,Moderate,Healthy,5.4,0
P103620,62,Male,0,0,0,0,1,0,0,21.5,147.0,83.0,107.1,189.7,63.7,132.2,59.4,Current,Rare,Moderate,Healthy,6.4,0
P103621,43,Male,0,0,0,0,0,0,0,31.6,131.0,92.0,112.9,145.5,47.5,86.2,150.5,Never,Moderate,Sedentary,Balanced,5.8,0
P103622,49,Female,0,0,0,0,0,0,0,25.3,97.0,76.0,88.9,175.1,24.7,128.9,127.7,Current,Moderate,Sedentary,Poor,6.7,0
P103623,44,Female,0,0,0,0,0,0,0,26.9,123.0,70.0,104.5,117.1,54.3,82.1,91.8,Never,Moderate,Sedentary,Balanced,,0
P103624,51,Female,1,0,0,0,0,0,0,20.4,112.0,69.0,85.4,176.3,56.9,86.6,139.6,Never,Rare,Moderate,Balanced,7.2,0
P103625,68,Male,0,1,0,0,1,0,0,31.2,128.0,85.0,78.0,193.9,45.8,134.4,232.4,Never,Rare,Sedentary,Balanced,7.9,0
P103626,48,Male,0,1,0,0,0,0,0,24.7,128.0,82.0,79.3,156.4,,92.1,84.8,Never,Moderate,Moderate,Balanced,6.9,0
P103627,70,Male,0,0,0,0,1,0,1,27.9,139.0,91.0,110.0,205.5,56.9,138.6,149.7,Never,Rare,Active,Balanced,6.1,0
P103628,20,Female,0,0,0,0,1,0,0,23.1,83.0,90.0,92.5,202.4,42.4,135.6,68.1,Current,Rare,Moderate,Balanced,5.7,0
P103629,70,Female,0,1,0,0,1,0,0,29.4,145.0,80.0,112.9,188.6,70.0,206.3,194.3,Never,Heavy,Sedentary,Balanced,8.4,0
P103630,59,Other,0,0,0,0,0,0,0,29.5,113.0,74.0,93.4,153.4,53.7,99.3,40.6,Never,Rare,Moderate,Poor,7.1,0
P103631,23,Male,0,0,0,1,1,0,0,33.8,115.0,80.0,114.6,179.4,47.8,152.2,235.5,Never,Rare,Active,Healthy,5.8,0
P103632,49,Male,0,0,0,0,1,0,0,,138.0,74.0,100.9,224.2,39.8,157.2,76.3,Former,Moderate,Active,Healthy,6.6,0
P103633,18,Female,0,0,0,0,0,0,0,30.3,104.0,71.0,73.2,162.6,52.8,86.7,82.1,Never,Moderate,Sedentary,Balanced,7.7,0
P103634,80,Female,0,1,0,0,0,0,0,28.3,137.0,80.0,103.3,148.8,49.3,117.9,235.3,Never,Rare,Moderate,Balanced,7.1,0
P103635,78,Male,0,1,0,1,0,0,0,30.5,129.0,77.0,166.6,110.9,49.0,69.2,131.7,Never,Rare,Active,Balanced,7.5,0
P103636,59,Female,0,0,0,0,0,0,0,36.4,144.0,84.0,95.0,162.5,54.3,70.2,62.0,Former,Moderate,Moderate,Poor,7.0,0
P103637,33,Male,0,0,0,0,1,0,0,25.4,117.0,81.0,93.4,240.2,53.2,154.7,121.2,Former,Rare,Moderate,Healthy,7.7,0
P103638,52,Female,0,0,0,0,1,0,0,28.9,117.0,81.0,95.8,222.3,42.6,150.3,132.5,Never,Moderate,Moderate,Poor,6.3,0
P103639,24,Male,0,0,0,0,0,0,0,32.3,122.0,91.0,83.4,172.8,61.8,90.1,,Never,Rare,Moderate,Poor,5.6,0
P103640,62,Female,1,0,0,0,1,0,0,28.1,128.0,76.0,94.3,221.8,46.2,,,Current,Rare,Moderate,Balanced,10.1,0
P103641,61,Female,0,0,0,0,0,0,0,25.3,134.0,83.0,107.8,140.0,45.0,95.7,86.6,Never,Rare,Moderate,Balanced,7.4,0
P103642,65,Female,0,0,0,0,1,0,0,33.4,121.0,72.0,107.9,183.8,59.6,150.6,114.3,Never,Heavy,Sedentary,Poor,6.6,0
P103643,21,Female,0,0,0,0,1,0,0,29.3,112.0,77.0,121.2,199.9,55.6,135.6,151.4,Current,Moderate,Moderate,Poor,6.2,0
P103644,35,Female,0,0,0,0,0,0,0,28.0,126.0,77.0,99.8,198.8,55.2,127.4,173.5,Never,Rare,Moderate,Balanced,7.1,0
P103645,51,Female,0,0,0,0,0,0,0,25.7,133.0,78.0,80.8,127.5,57.9,78.6,152.5,Current,Moderate,Sedentary,Balanced,5.9,0
P103646,45,Female,0,0,0,0,0,0,0,25.3,110.0,67.0,99.2,172.4,49.0,113.0,92.4,Never,Moderate,Active,Poor,7.5,0
P103647,45,Male,0,0,0,0,1,0,0,29.7,120.0,88.0,101.0,208.0,67.2,117.6,140.3,Former,Rare,Sedentary,Poor,6.6,0
P103648,58,Female,0,0,0,0,0,0,0,24.7,127.0,80.0,98.4,164.2,60.3,112.0,97.0,Never,Moderate,Moderate,Balanced,7.2,0
P103649,49,Male,0,0,0,0,0,0,0,17.3,106.0,73.0,88.6,130.1,46.4,83.6,143.8,Never,Moderate,Moderate,Balanced,7.8,0
P103650,38,Male,0,1,1,0,1,0,0,33.7,152.0,89.0,98.5,188.9,44.0,175.2,122.8,Never,Heavy,Active,Healthy,7.4,0
P103651,75,Male,0,0,0,1,1,1,0,27.5,140.0,61.0,147.3,192.6,58.5,140.2,87.9,Never,Rare,Active,Balanced,6.4,0
P103652,27,Female,0,0,0,0,0,0,0,,120.0,76.0,71.3,165.9,57.0,94.4,89.7,Never,Rare,Moderate,Healthy,6.1,0
P103653,26,Female,0,0,0,0,0,0,0,17.1,93.0,87.0,,158.6,44.7,96.8,71.6,Never,Heavy,Moderate,Balanced,8.7,0
P103654,78,Male,0,1,1,0,0,0,1,24.6,149.0,92.0,85.2,136.9,47.7,87.0,135.9,Former,Moderate,Moderate,Healthy,7.2,0
P103655,53,Female,1,0,0,0,0,0,0,34.2,125.0,85.0,100.6,168.4,55.0,95.5,118.8,Never,Moderate,Active,Healthy,6.8,0
P103656,68,Female,0,0,0,0,1,0,0,20.1,126.0,81.0,85.1,271.5,,192.5,237.3,Former,Rare,Active,Balanced,7.6,1
P103657,55,Male,0,0,0,0,0,0,0,28.0,127.0,88.0,99.8,145.6,59.8,81.9,70.3,Former,Rare,Moderate,Poor,7.9,0
P103658,49,Male,0,0,0,0,0,0,0,27.3,112.0,71.0,83.3,185.9,60.2,,19.8,Never,Rare,Active,Poor,7.2,0
P103659,29,Male,0,0,0,0,1,0,1,15.4,112.0,79.0,79.0,,38.3,141.5,182.8,Never,Heavy,Moderate,Balanced,7.3,0
P103660,67,Male,0,1,1,0,1,0,0,17.6,142.0,73.0,87.2,203.5,33.5,115.9,196.7,Current,Rare,Moderate,Balanced,6.8,0
P103661,68,Female,1,0,1,1,0,0,0,27.8,114.0,87.0,144.8,157.1,58.1,102.0,130.0,Never,Rare,Sedentary,Balanced,6.0,0
P103662,60,Female,0,0,0,1,0,0,0,,125.0,94.0,161.1,153.5,43.1,94.4,189.6,Never,Rare,Active,Balanced,6.0,0
P103663,38,Female,0,0,0,0,0,0,0,29.5,122.0,73.0,111.6,190.1,45.0,97.8,98.3,Former,Moderate,Moderate,Balanced,5.7,0
P103664,74,Male,0,0,0,0,1,0,0,22.5,129.0,76.0,,288.8,35.0,189.5,138.4,Never,Rare,Moderate,Balanced,8.0,1
P103665,63,Female,0,0,0,0,0,0,0,28.3,134.0,84.0,95.9,,52.1,118.9,118.7,Never,Rare,Moderate,Balanced,6.1,0
P103666,49,Female,0,0,0,0,0,0,0,24.8,139.0,93.0,115.0,89.1,46.3,38.7,196.3,Never,Rare,Sedentary,Balanced,5.5,0
P103667,60,Female,0,0,0,0,0,0,0,30.1,121.0,90.0,92.5,125.9,38.7,77.4,184.8,Former,Rare,Sedentary,Balanced,9.1,0
P103668,50,Female,0,0,0,0,0,0,0,,128.0,62.0,98.9,158.5,49.7,119.0,190.0,Never,Moderate,Moderate,Healthy,9.7,0
P103669,50,Male,0,0,0,0,0,0,0,28.5,117.0,75.0,,127.4,67.3,55.8,192.6,Never,Rare,Moderate,Balanced,6.7,0
P103670,39,Male,0,0,0,0,0,0,0,25.5,100.0,77.0,84.1,183.0,45.9,111.0,-5.2,Current,Rare,Moderate,Balanced,5.9,0
P103671,68,Female,0,0,0,0,0,0,0,33.9,141.0,81.0,88.6,181.1,45.0,84.8,169.5,Current,Moderate,Moderate,Balanced,6.4,0
P103672,34,Female,0,0,0,0,1,0,0,21.5,99.0,81.0,97.9,191.3,59.3,138.4,102.9,Never,Rare,Moderate,Healthy,6.9,0
P103673,43,Male,0,0,0,0,0,0,0,19.0,115.0,75.0,94.2,171.8,55.3,101.4,177.6,Former,Rare,Active,Poor,6.6,0
P103674,46,Male,0,0,0,0,0,0,0,18.7,105.0,68.0,94.6,127.4,37.3,93.0,200.4,Former,Rare,Sedentary,Balanced,5.6,0
P103675,47,Female,0,0,0,0,0,0,0,34.7,113.0,74.0,84.4,159.5,69.7,96.7,153.5,Never,Moderate,Active,Poor,7.1,0
P103676,53,Female,0,0,0,0,1,0,0,23.7,118.0,67.0,95.6,193.6,,163.2,45.5,Former,Rare,Active,Balanced,8.7,0
P103677,53,Female,0,0,0,0,0,0,0,23.4,122.0,87.0,111.3,192.1,59.6,120.5,99.1,Former,Moderate,Active,Balanced,7.3,0
P103678,68,Male,1,0,0,1,0,0,0,22.6,111.0,71.0,160.6,139.3,57.0,100.8,128.3,Never,Rare,Moderate,Balanced,6.8,0
P103679,50,Male,0,1,0,0,1,0,0,18.5,99.0,,98.3,167.5,23.0,130.1,185.1,Former,Rare,Moderate,Balanced,6.5,0
P103680,50,Female,0,0,0,0,0,0,0,26.1,105.0,67.0,78.2,159.8,38.4,89.8,76.5,Never,Heavy,Moderate,Balanced,8.4,0
P103681,40,Female,0,0,0,0,0,0,0,19.8,119.0,64.0,85.9,146.7,49.8,89.0,172.7,Never,Rare,Moderate,Poor,6.2,0
P103682,45,Male,0,0,0,1,1,0,0,34.6,125.0,80.0,127.1,183.0,68.7,132.5,85.7,Never,Moderate,Active,Poor,8.6,0
P103683,46,Male,0,0,0,0,0,0,0,31.0,116.0,84.0,107.0,189.3,59.9,123.2,187.8,Never,Rare,Sedentary,Healthy,8.3,0
P103684,41,Male,0,0,0,0,0,0,0,31.2,136.0,82.0,,123.9,28.7,73.2,,Never,Rare,Sedentary,Poor,4.9,0
P103685,44,Male,0,0,0,0,0,0,0,14.0,81.0,90.0,99.5,110.1,34.5,93.9,,Never,Rare,Moderate,Balanced,6.4,0
P103686,64,Male,0,1,0,0,0,0,0,25.0,143.0,90.0,74.4,149.5,49.1,85.2,238.6,Never,Rare,Sedentary,Balanced,7.1,0
P103687,66,Male,0,1,1,1,0,0,0,34.0,138.0,93.0,185.0,167.7,57.5,98.0,119.3,Former,Moderate,Active,Poor,8.2,1
P103688,39,Male,0,0,0,0,1,0,0,32.3,103.0,84.0,78.4,196.4,43.2,,235.0,Current,Moderate,Moderate,Healthy,6.3,0
P103689,89,Female,0,0,0,0,1,1,0,20.9,138.0,82.0,84.9,256.7,69.3,160.6,145.2,Former,Moderate,Moderate,Poor,7.9,0
P103690,67,Female,0,0,0,0,0,0,0,31.9,117.0,83.0,98.8,,48.3,119.8,129.8,Former,Rare,Active,Balanced,9.4,0
P103691,46,Female,0,0,0,0,0,0,0,26.7,126.0,83.0,111.5,177.3,51.6,110.9,75.6,Current,Rare,Sedentary,Balanced,5.7,0
P103692,22,Female,0,0,0,0,0,0,0,24.1,118.0,85.0,77.5,118.5,52.2,65.5,186.9,Never,Rare,Moderate,Balanced,6.2,0
P103693,52,Male,0,0,0,1,1,0,0,26.4,126.0,78.0,185.3,224.4,49.3,144.5,87.4,Never,Rare,Sedentary,Healthy,8.4,0
P103694,53,Female,0,0,0,0,1,0,0,28.9,137.0,84.0,94.1,185.9,29.0,137.3,82.2,Never,Rare,Moderate,Balanced,7.8,0
P103695,55,Male,0,0,0,0,1,0,0,28.6,130.0,81.0,111.5,246.8,52.9,160.3,214.7,Never,Moderate,Sedentary,Balanced,6.5,0
P103696,51,Male,1,0,0,0,1,0,0,22.0,113.0,78.0,113.1,208.0,49.9,145.7,107.8,Never,Moderate,Moderate,Balanced,7.5,0
P103697,58,Female,0,0,0,0,1,0,0,14.0,125.0,83.0,89.6,189.5,72.2,131.9,95.7,Never,Rare,Active,Balanced,8.5,0
P103698,82,Female,0,1,0,0,0,1,1,23.3,143.0,79.0,104.4,168.6,66.4,,90.8,Former,Rare,Sedentary,Balanced,7.3,1
P103699,81,Male,0,1,0,0,0,0,0,17.3,134.0,87.0,102.9,145.6,37.1,95.5,74.4,Current,Rare,Moderate,Balanced,5.5,0
P103700,52,Male,0,1,0,0,0,0,0,29.0,150.0,77.0,108.5,168.5,76.8,107.7,139.9,Never,Moderate,Moderate,Balanced,5.8,0
P103701,47,Female,0,0,0,0,0,0,0,22.2,118.0,77.0,89.4,172.2,57.6,117.1,126.0,Never,Rare,Moderate,Balanced,6.6,0
P103702,41,Male,0,1,0,0,1,0,0,29.1,120.0,89.0,87.3,182.6,45.6,159.3,143.9,Current,Rare,Moderate,Poor,7.6,0
P103703,70,Female,0,0,0,0,1,0,0,25.0,,78.0,85.4,218.1,44.9,154.6,172.9,Never,Rare,Sedentary,Healthy,8.3,0
P103704,49,Male,0,0,0,0,0,0,0,22.0,111.0,89.0,91.1,179.4,,127.9,91.2,Never,Rare,Moderate,Healthy,7.4,0
P103705,55,Female,0,0,0,0,0,0,0,18.0,134.0,82.0,103.5,131.9,63.9,107.9,244.9,Never,Rare,Moderate,Healthy,7.0,0
P103706,43,Male,0,0,0,0,0,0,0,36.2,118.0,,105.6,188.5,67.8,124.8,70.0,Current,Rare,Active,Poor,7.0,0
P103707,46,Male,0,0,0,0,0,0,0,23.0,135.0,82.0,83.1,110.9,61.1,71.8,124.2,Never,Rare,Moderate,Balanced,5.8,0
P103708,47,Male,0,0,0,0,0,0,0,26.7,112.0,,101.6,192.0,54.6,100.4,157.0,Never,Moderate,Moderate,Balanced,6.4,0
P103709,50,Male,0,0,0,0,0,0,0,17.9,115.0,72.0,120.5,172.6,59.9,106.5,163.4,Never,Rare,Moderate,Balanced,7.8,0
P103710,48,Female,0,0,0,0,0,0,0,25.4,87.0,82.0,94.8,183.2,51.0,123.0,119.9,Never,Rare,Moderate,Balanced,7.8,0
P103711,38,Female,0,0,0,0,0,0,0,33.2,110.0,89.0,95.9,152.9,50.7,95.2,268.3,Never,Rare,Moderate,Healthy,7.7,0
P103712,54,Female,0,1,0,0,0,0,0,24.5,145.0,93.0,99.4,129.7,74.5,87.8,220.2,Never,Rare,Sedentary,Balanced,,0
P103713,36,Female,0,0,0,0,1,0,0,27.4,110.0,76.0,99.0,200.7,57.9,141.6,139.1,Never,Rare,Active,Healthy,7.8,0
P103714,70,Female,0,0,0,0,1,0,0,29.6,126.0,74.0,84.7,249.4,39.5,156.0,117.8,Never,Rare,Sedentary,Healthy,6.6,0
P103715,48,Male,0,0,0,0,0,0,0,29.2,110.0,95.0,102.7,160.1,46.1,91.9,48.6,Current,Rare,Moderate,Healthy,5.1,0
P103716,39,Male,0,0,0,0,0,0,0,19.7,127.0,66.0,102.0,124.6,15.8,88.6,112.4,Current,Rare,Active,Balanced,7.3,0
P103717,43,Male,0,0,0,1,0,0,0,28.4,116.0,,137.2,163.5,50.2,113.8,129.1,Never,Rare,Sedentary,Balanced,7.7,0
P103718,69,Female,1,0,0,0,0,0,0,25.5,123.0,67.0,100.8,,72.6,107.1,148.4,Never,Rare,Sedentary,Balanced,7.8,0
P103719,70,Male,0,1,0,0,0,0,0,21.2,144.0,68.0,105.8,103.4,28.7,39.2,158.7,Never,Heavy,Sedentary,Balanced,5.3,0
P103720,25,Male,0,0,0,0,0,0,0,19.2,118.0,57.0,90.3,88.9,56.3,75.1,157.9,Never,Rare,Moderate,Poor,6.8,0
P103721,42,Male,0,0,0,0,0,0,0,,136.0,72.0,99.4,134.6,66.9,74.8,118.9,Former,Rare,Moderate,Poor,8.5,0
P103722,22,Female,0,0,0,0,1,0,0,29.3,100.0,78.0,106.4,212.7,43.1,117.6,51.6,Never,Moderate,Sedentary,Balanced,6.5,0
P103723,61,Female,1,0,0,0,0,0,0,,122.0,75.0,78.2,128.3,40.8,96.6,139.3,Never,Rare,Sedentary,Healthy,6.4,0
P103724,47,Female,0,0,0,0,1,0,0,16.8,112.0,78.0,93.3,277.4,35.0,155.4,260.7,Former,Rare,Moderate,Healthy,7.6,0
P103725,50,Female,0,0,0,0,1,0,0,24.3,119.0,83.0,94.8,189.8,52.3,132.9,102.6,Never,Rare,Sedentary,Balanced,5.2,0
P103726,60,Male,0,0,0,0,1,0,0,31.5,130.0,69.0,75.7,193.0,68.6,161.9,3.0,Never,Heavy,Moderate,Poor,6.7,1
P103727,68,Male,0,0,0,0,0,0,0,19.9,122.0,69.0,86.6,149.2,,98.1,33.4,Never,Rare,Active,Balanced,7.1,0
P103728,28,Female,0,0,0,0,0,0,0,33.5,107.0,78.0,102.8,138.0,60.2,74.5,58.8,Former,Moderate,Moderate,Poor,,0
P103729,43,Female,0,1,0,0,1,0,0,32.2,144.0,89.0,96.2,210.2,54.4,161.5,152.1,Never,Moderate,Active,Balanced,5.6,0
P103730,43,Female,1,0,0,0,0,0,0,32.7,136.0,87.0,105.5,164.6,51.3,122.1,129.9,Current,Moderate,Active,Poor,7.5,0
P103731,37,Female,0,0,0,0,0,0,0,30.8,137.0,75.0,93.5,159.2,58.5,97.1,171.8,Never,Rare,Active,Balanced,5.6,0
P103732,65,Male,0,0,0,0,0,0,0,24.9,108.0,74.0,,146.4,53.7,59.6,125.7,Former,Rare,Moderate,Balanced,8.6,0
P103733,42,Female,0,0,0,0,1,0,0,26.2,122.0,79.0,97.1,208.0,64.2,145.9,101.8,Never,Rare,Moderate,Balanced,7.7,0
P103734,48,Male,0,1,0,0,0,0,0,30.6,137.0,,107.2,174.2,59.8,122.2,129.3,Never,Rare,Moderate,Balanced,7.9,0
P103735,70,Female,0,0,0,0,1,0,0,26.1,131.0,78.0,111.2,168.2,63.3,133.9,96.3,Current,Moderate,Sedentary,Balanced,6.8,0
P103736,46,Female,0,0,0,0,0,0,0,22.3,115.0,80.0,86.6,123.8,47.6,76.0,182.9,Never,Rare,Moderate,Balanced,5.9,0
P103737,65,Female,0,0,0,0,1,0,0,27.4,125.0,93.0,85.9,216.0,54.0,144.3,112.1,Never,Heavy,Sedentary,Healthy,5.8,0
P103738,67,Male,0,0,0,0,0,0,0,34.6,143.0,81.0,105.0,154.1,27.1,78.0,207.8,Never,Rare,Sedentary,Balanced,5.7,0
P103739,70,Male,0,0,0,0,0,0,1,19.2,143.0,78.0,79.3,144.5,,92.7,66.6,Never,Rare,Sedentary,Balanced,7.6,0
P103740,49,Female,0,0,0,0,0,0,0,27.5,129.0,84.0,101.8,158.3,28.8,98.3,135.8,Current,Rare,Active,Healthy,7.9,0
P103741,75,Female,1,0,0,1,0,0,0,28.3,154.0,63.0,165.2,143.5,48.3,99.8,41.1,Never,Rare,Moderate,Poor,6.4,0
P103742,36,Female,0,0,0,0,1,0,0,18.3,112.0,74.0,88.8,229.0,71.4,173.5,114.0,Never,Moderate,Moderate,Poor,5.7,0
P103743,55,Female,0,1,0,0,1,0,0,29.7,131.0,86.0,95.0,215.7,41.3,166.8,,Current,Rare,Sedentary,Poor,6.9,0
P103744,18,Female,0,0,0,0,0,0,0,,91.0,76.0,115.9,180.5,50.7,130.0,,Current,Moderate,Moderate,Balanced,6.9,0
P103745,54,Female,0,0,0,0,0,0,0,26.5,112.0,76.0,104.8,145.9,59.7,69.7,110.6,Never,Heavy,Moderate,Balanced,6.2,0
P103746,41,Male,0,0,0,0,0,0,0,28.6,119.0,68.0,105.9,,51.2,85.4,76.4,Former,Moderate,Moderate,Balanced,7.3,0
P103747,59,Male,0,0,0,0,1,0,0,22.9,124.0,69.0,111.8,268.8,40.2,202.1,62.5,Never,Heavy,Moderate,Balanced,5.8,0
P103748,59,Female,0,0,0,1,0,0,0,27.6,129.0,94.0,118.9,199.5,45.8,113.7,139.5,Never,Rare,Sedentary,Balanced,7.4,0
P103749,59,Male,1,0,0,1,1,0,0,34.5,148.0,79.0,82.3,198.4,64.6,143.1,177.7,Former,Rare,Moderate,Balanced,6.5,0
P103750,59,Male,0,0,0,0,0,0,0,21.3,120.0,65.0,96.0,146.8,51.5,98.5,173.9,Never,Rare,Moderate,Balanced,6.5,0
P103751,40,Female,0,0,0,0,0,0,0,29.8,128.0,69.0,71.0,194.8,58.0,81.8,227.5,Never,Rare,Sedentary,Balanced,8.0,0
P103752,59,Male,0,0,0,0,0,0,0,19.7,134.0,72.0,93.7,134.3,40.6,66.4,166.3,Never,Rare,Moderate,Balanced,6.1,1
P103753,44,Male,0,0,0,0,1,0,0,26.6,105.0,69.0,108.8,161.6,56.8,130.7,216.9,Current,Rare,Sedentary,Poor,7.3,0
P103754,46,Male,0,0,0,0,1,0,0,27.3,99.0,68.0,106.4,196.7,34.1,135.6,160.6,Former,Moderate,Sedentary,Balanced,9.9,0
P103755,67,Male,0,0,0,0,1,0,0,27.7,122.0,73.0,,243.0,41.3,146.5,120.0,Current,Heavy,Active,Poor,5.4,0
P103756,31,Female,0,0,0,0,1,0,0,34.3,127.0,90.0,95.2,215.6,45.4,138.5,222.7,Current,Moderate,Moderate,Poor,5.5,0
P103757,70,Male,0,1,0,0,0,0,0,34.0,163.0,84.0,85.9,173.6,59.5,105.2,236.0,Never,Rare,Active,Balanced,6.0,0
P103758,67,Male,1,0,0,0,0,0,0,24.6,129.0,75.0,,171.0,31.2,122.2,74.1,Former,Rare,Moderate,Balanced,6.1,0
P103759,40,Male,0,0,0,0,0,0,0,32.2,121.0,78.0,102.3,124.2,56.7,65.4,166.0,Never,Rare,Active,Balanced,5.5,0
P103760,57,Male,0,0,0,1,0,0,0,31.7,137.0,78.0,,163.9,40.3,101.3,123.7,Never,Rare,Sedentary,Balanced,6.6,0
P103761,86,Female,0,1,0,0,0,0,0,32.6,165.0,88.0,126.6,195.6,60.9,128.9,118.9,Never,Rare,Active,Balanced,6.5,0
P103762,83,Male,0,0,0,0,0,0,0,25.9,139.0,93.0,96.9,195.6,37.3,123.7,70.9,Never,Rare,Moderate,Balanced,6.7,0
P103763,55,Male,0,0,0,0,1,0,0,23.5,125.0,82.0,,187.8,24.2,130.6,143.2,Never,Rare,Active,Poor,7.5,0
P103764,18,Female,0,0,0,0,1,0,0,18.9,97.0,75.0,93.5,180.2,68.5,151.9,,Former,Rare,Moderate,Balanced,7.7,0
P103765,63,Female,0,0,0,0,0,0,0,33.4,132.0,79.0,91.9,192.1,59.8,,226.6,Current,Rare,Moderate,Healthy,6.7,0
P103766,29,Male,0,0,0,0,0,0,0,24.8,117.0,72.0,74.4,186.2,53.0,103.0,157.0,Never,Rare,Moderate,Balanced,7.5,0
P103767,73,Female,0,1,0,0,0,1,0,24.5,149.0,85.0,103.4,131.0,59.7,77.5,167.5,Current,Rare,Moderate,Poor,6.5,1
P103768,37,Female,0,0,0,0,0,0,0,18.0,111.0,73.0,81.3,151.8,41.0,118.7,196.2,Current,Rare,Moderate,Poor,,0
P103769,72,Female,0,0,0,0,1,0,0,26.0,135.0,80.0,102.5,215.0,52.3,137.5,243.4,Never,Moderate,Moderate,Balanced,6.8,0
P103770,61,Female,0,0,0,0,0,0,0,19.9,129.0,67.0,93.5,169.0,,118.9,270.6,Current,Rare,Moderate,Balanced,8.3,0
P103771,50,Female,1,0,0,0,0,0,0,22.7,133.0,71.0,104.2,143.4,56.8,110.7,85.6,Former,Rare,Sedentary,Healthy,6.7,0
P103772,36,Female,0,0,0,0,0,0,0,27.8,139.0,72.0,124.3,195.5,53.6,112.9,94.0,Never,Rare,Sedentary,Healthy,5.9,0
P103773,34,Female,0,0,0,0,0,0,0,24.0,94.0,83.0,97.3,181.2,48.5,100.3,144.1,Never,Rare,Active,Balanced,6.9,0
P103774,52,Male,0,0,0,0,0,0,0,22.2,107.0,73.0,92.0,188.0,59.4,129.9,104.1,Never,Rare,Active,Poor,8.0,0
P103775,32,Female,0,0,0,0,0,0,0,27.7,104.0,77.0,99.9,172.3,52.6,123.3,14.3,Former,Rare,Moderate,Poor,5.2,0
P103776,72,Female,0,0,0,0,0,0,0,27.1,125.0,72.0,99.2,195.3,41.0,121.5,107.1,Never,Rare,Moderate,Poor,7.9,0
P103777,46,Female,0,1,1,0,0,0,0,19.6,133.0,95.0,119.0,134.6,40.9,81.1,32.7,Never,Moderate,Sedentary,Healthy,6.8,0
P103778,57,Male,0,0,0,0,0,0,0,30.0,124.0,83.0,92.6,137.9,32.6,105.2,137.4,Never,Moderate,Sedentary,Healthy,7.6,0
P103779,36,Male,1,0,0,0,0,0,0,23.1,130.0,85.0,103.9,,51.8,78.9,119.0,Never,Rare,Moderate,Poor,4.8,0
P103780,46,Male,0,0,0,0,1,0,0,25.8,133.0,81.0,90.5,,,117.3,237.0,Never,Rare,Moderate,Balanced,8.1,0
P103781,46,Male,0,1,0,0,0,0,0,40.2,142.0,74.0,112.5,137.1,46.4,70.2,125.2,Former,Rare,Moderate,Healthy,7.8,0
P103782,66,Male,0,0,0,0,0,0,0,27.3,115.0,84.0,117.1,192.1,59.1,87.5,131.1,Former,Moderate,Sedentary,Healthy,6.7,0
P103783,48,Male,0,0,0,0,1,0,0,21.9,111.0,62.0,88.1,176.6,38.8,141.9,73.4,Never,Rare,Moderate,Balanced,7.4,0
P103784,66,Male,1,0,0,0,0,0,0,30.8,,69.0,91.4,117.5,50.4,60.9,152.0,Current,Rare,Moderate,Balanced,8.1,0
P103785,37,Male,0,0,0,0,0,0,0,15.1,106.0,86.0,,102.7,46.7,92.3,86.0,Never,Rare,Moderate,Balanced,6.7,0
P103786,54,Female,0,0,0,0,1,0,0,21.6,111.0,79.0,76.6,202.4,47.6,144.5,179.7,Never,Rare,Moderate,Balanced,8.7,0
P103787,34,Male,0,0,0,0,0,0,0,33.0,115.0,,72.2,130.9,48.1,62.6,309.5,Former,Rare,Active,Balanced,6.6,0
P103788,66,Male,0,0,0,0,0,0,0,27.4,121.0,73.0,116.3,103.7,33.0,57.9,53.0,Never,Moderate,Moderate,Poor,6.9,0
P103789,27,Female,0,0,0,0,1,0,0,25.3,100.0,94.0,96.9,177.4,55.7,130.2,101.0,Never,Rare,Moderate,Healthy,7.0,0
P103790,73,Male,1,1,1,0,0,0,0,29.7,160.0,88.0,107.7,151.9,33.1,64.3,159.8,Never,Rare,Moderate,Healthy,5.0,0
P103791,47,Female,0,0,0,0,1,0,0,27.7,118.0,90.0,73.7,247.7,40.8,155.6,146.9,Never,Rare,Moderate,Balanced,6.0,0
P103792,47,Female,0,0,0,0,0,0,0,14.0,104.0,74.0,110.1,188.9,23.7,85.1,160.3,Current,Rare,Moderate,Balanced,7.0,0
P103793,43,Male,0,0,0,0,0,0,0,18.6,117.0,71.0,99.1,149.7,75.8,105.2,,Current,Rare,Active,Balanced,6.6,0
P103794,51,Female,0,0,0,0,0,0,0,23.2,125.0,89.0,102.3,163.8,34.8,110.8,153.3,Former,Rare,Active,Balanced,6.7,0
P103795,42,Male,0,0,0,0,1,0,0,21.6,118.0,71.0,98.3,181.2,50.0,137.9,274.4,Current,Rare,Moderate,Balanced,6.2,0
P103796,43,Female,0,0,0,0,0,0,0,30.1,106.0,70.0,97.9,154.3,62.4,84.5,231.7,Former,Rare,Sedentary,Poor,6.2,0
P103797,87,Male,0,0,0,0,0,0,0,30.7,128.0,72.0,97.2,,44.3,69.3,159.5,Never,Moderate,Sedentary,Balanced,8.7,0
P103798,34,Male,0,0,0,0,0,0,0,22.5,127.0,69.0,102.3,184.2,47.7,104.3,142.7,Never,Rare,Moderate,Balanced,6.0,0
P103799,53,Female,0,0,0,0,0,0,0,22.0,114.0,73.0,100.8,154.5,54.7,87.0,171.9,Never,Moderate,Active,Balanced,8.2,0
P103800,37,Male,0,0,0,0,1,0,0,29.0,,71.0,,259.4,31.5,190.5,169.0,Former,Heavy,Moderate,Poor,5.8,0
P103801,47,Female,0,0,0,0,1,0,0,,124.0,59.0,86.6,218.7,49.0,136.2,50.7,Never,Rare,Moderate,Poor,7.3,0
P103802,50,Female,1,1,0,0,0,0,0,31.4,161.0,87.0,106.5,142.2,38.9,105.0,138.1,Former,Heavy,Moderate,Healthy,7.0,0
P103803,50,Male,0,0,0,0,1,0,0,21.3,121.0,65.0,92.7,227.6,33.2,132.2,214.3,Never,Rare,Moderate,Balanced,5.9,0
P103804,26,Female,0,0,0,0,0,0,0,32.1,121.0,88.0,77.7,164.3,49.4,91.5,118.3,Never,Moderate,Active,Poor,8.2,0
P103805,62,Female,0,1,1,1,0,0,0,35.3,154.0,93.0,151.4,156.9,61.6,87.7,94.7,Former,Moderate,Active,Poor,5.8,0
P103806,45,Male,1,0,0,0,0,0,0,22.6,117.0,83.0,85.5,145.3,85.0,87.0,103.3,Never,Rare,Moderate,Poor,8.1,0
P103807,35,Female,1,0,0,0,0,0,0,30.2,111.0,80.0,92.1,146.3,61.8,75.6,120.7,Never,Rare,Moderate,Poor,7.4,0
P103808,87,Female,0,0,0,0,0,1,0,25.7,130.0,80.0,80.7,60.0,43.3,41.9,123.3,Never,Rare,Sedentary,Balanced,7.4,0
P103809,49,Male,0,0,0,0,0,0,0,30.2,129.0,74.0,84.3,176.6,36.0,118.3,157.1,Never,Rare,Active,Balanced,8.5,0
P103810,50,Female,0,0,0,0,0,0,0,27.0,117.0,84.0,,135.7,55.2,58.1,65.5,Current,Moderate,Sedentary,Poor,6.7,0
P103811,25,Female,0,0,0,0,1,0,0,30.0,111.0,73.0,79.5,201.6,52.0,127.6,220.4,Former,Rare,Moderate,Balanced,7.1,0
P103812,63,Male,0,0,0,0,1,0,0,21.8,120.0,73.0,119.6,204.9,40.0,154.7,178.4,Never,Rare,Active,Healthy,5.9,0
P103813,38,Male,1,0,0,0,0,0,0,25.6,116.0,79.0,84.4,139.3,62.6,74.4,158.0,Never,Moderate,Sedentary,Balanced,,0
P103814,53,Male,1,0,0,0,1,0,0,21.2,131.0,77.0,110.5,184.4,52.9,130.6,78.0,Never,Rare,Moderate,Balanced,5.7,0
P103815,77,Male,0,0,0,1,0,0,0,20.9,139.0,73.0,179.8,160.2,24.8,,136.6,Never,Heavy,Sedentary,Balanced,8.9,0
P103816,21,Other,0,0,0,1,1,0,0,30.9,,79.0,158.9,227.0,47.6,119.3,150.4,Never,Rare,Moderate,Balanced,6.7,0
P103817,56,Male,0,0,0,0,1,0,0,25.4,117.0,69.0,83.3,208.9,49.9,150.5,145.8,Never,Rare,Active,Poor,8.2,0
P103818,68,Female,0,1,0,0,0,0,0,24.8,139.0,81.0,96.2,166.7,58.5,104.3,181.5,Never,Rare,Moderate,Balanced,9.2,0
P103819,36,Male,0,0,0,0,1,0,0,23.5,109.0,67.0,78.4,187.5,53.2,136.7,146.0,Never,Moderate,Moderate,Healthy,9.7,0
P103820,64,Male,0,0,0,0,0,0,0,23.0,112.0,86.0,109.7,157.4,29.7,119.5,131.3,Current,Rare,Moderate,Balanced,6.6,0
P103821,54,Female,0,1,1,1,0,0,0,27.8,129.0,84.0,123.4,150.7,40.8,81.2,219.0,Never,Rare,Moderate,Poor,9.4,0
P103822,41,Male,0,0,0,0,0,0,0,34.9,133.0,81.0,77.9,168.1,54.5,107.8,1.7,Never,Rare,Active,Balanced,7.3,0
P103823,40,Male,0,0,0,0,1,0,0,22.0,126.0,65.0,79.8,197.6,28.6,134.7,172.7,Never,Moderate,Moderate,Poor,6.6,0
P103824,63,Male,0,0,0,0,0,0,0,25.7,146.0,78.0,104.1,105.4,41.3,53.7,,Never,Rare,Sedentary,Poor,6.5,0
P103825,57,Female,0,1,0,0,0,0,0,29.2,127.0,81.0,90.3,183.1,56.8,,95.4,Never,Heavy,Moderate,Balanced,7.5,0
P103826,47,Female,0,0,0,0,0,0,0,36.5,127.0,86.0,85.2,95.4,,68.4,172.6,Former,Moderate,Sedentary,Poor,,0
P103827,44,Male,0,0,0,0,1,0,0,26.8,117.0,83.0,,227.4,46.0,150.4,175.5,Never,Rare,Sedentary,Balanced,4.3,0
P103828,26,Male,0,0,0,0,0,0,0,22.0,112.0,73.0,96.8,151.3,37.6,109.5,,Current,Heavy,Moderate,Healthy,8.2,0
P103829,53,Female,0,0,0,0,0,0,0,23.8,128.0,73.0,79.5,131.1,26.3,76.0,44.2,Current,Rare,Moderate,Balanced,7.4,0
P103830,36,Male,0,0,0,1,0,0,0,24.2,111.0,,173.1,159.8,39.9,66.7,151.7,Former,Rare,Moderate,Healthy,6.2,0
P103831,61,Male,0,0,0,0,0,0,0,20.4,104.0,81.0,,125.4,54.8,50.6,149.2,Current,Rare,Moderate,Balanced,7.2,0
P103832,55,Male,0,0,0,0,1,0,0,22.2,,61.0,100.1,190.8,58.2,130.1,139.8,Current,Rare,Moderate,Balanced,7.0,0
P103833,73,Female,0,0,0,0,0,0,0,30.9,125.0,83.0,131.3,167.0,36.5,85.1,113.0,Never,Rare,Moderate,Healthy,6.0,0
P103834,18,Male,0,0,0,0,0,0,0,26.0,98.0,94.0,81.5,185.4,37.7,93.5,100.5,Former,Rare,Sedentary,Healthy,5.5,0
P103835,71,Female,1,1,0,0,1,0,0,25.5,146.0,76.0,99.4,237.4,36.9,172.5,174.1,Former,Moderate,Moderate,Balanced,6.6,0
P103836,49,Female,0,0,0,0,0,0,0,22.9,128.0,71.0,120.4,168.7,58.4,107.9,246.1,Current,Rare,Moderate,Balanced,7.1,0
P103837,55,Male,0,0,0,0,0,0,0,27.7,127.0,93.0,114.4,164.3,22.1,108.9,131.0,Never,Moderate,Active,Healthy,7.1,0
P103838,30,Male,0,0,0,0,0,0,0,28.4,112.0,74.0,,141.5,40.7,81.3,165.6,Never,Rare,Sedentary,Balanced,9.0,0
P103839,45,Male,0,0,0,0,0,0,0,25.3,98.0,82.0,93.7,162.3,41.0,98.5,61.0,Never,Rare,Moderate,Healthy,5.4,0
P103840,61,Male,0,0,0,0,0,0,0,17.9,105.0,65.0,76.0,155.9,42.6,87.2,110.8,Former,Heavy,Moderate,Healthy,7.4,0
P103841,18,Male,1,0,0,0,1,0,0,31.0,122.0,80.0,76.1,200.8,53.4,156.4,134.5,Never,Moderate,Active,Healthy,6.8,0
P103842,23,Male,0,0,0,0,1,0,0,22.1,109.0,68.0,97.0,233.5,58.5,180.1,204.8,Current,Rare,Moderate,Poor,8.1,0
P103843,33,Male,0,0,0,0,0,0,0,27.5,114.0,83.0,74.9,134.4,61.1,90.7,85.9,Never,Rare,Moderate,Poor,4.5,0
P103844,48,Female,0,0,0,0,0,0,0,26.0,110.0,76.0,78.3,179.5,57.7,117.6,214.8,Never,Rare,Active,Healthy,6.5,0
P103845,45,Female,0,0,0,0,0,0,0,25.2,128.0,68.0,88.0,160.2,67.1,105.5,94.4,Current,Rare,Moderate,Balanced,5.9,0
P103846,44,Other,0,0,0,0,0,0,0,20.6,109.0,74.0,78.3,106.3,58.1,75.5,171.0,Current,Rare,Moderate,Poor,7.0,0
P103847,51,Male,0,0,0,0,0,0,0,21.2,112.0,82.0,96.7,173.9,37.3,113.1,83.4,Never,Rare,Moderate,Balanced,5.4,0
P103848,49,Female,1,0,0,0,0,0,0,29.2,118.0,79.0,89.1,98.5,,44.1,198.5,Never,Rare,Active,Healthy,6.3,0
P103849,66,Female,0,1,0,0,1,1,0,18.1,152.0,80.0,101.1,218.5,54.7,143.0,,Never,Rare,Moderate,Balanced,8.3,0
P103850,67,Male,0,0,0,0,0,0,0,27.9,146.0,90.0,109.0,167.8,28.8,106.7,,Current,Rare,Active,Poor,4.6,0
P103851,56,Male,1,0,0,0,0,0,0,21.6,124.0,76.0,97.3,162.7,48.9,107.9,,Never,Rare,Moderate,Poor,7.9,0
P103852,43,Male,0,0,0,0,0,0,0,28.6,118.0,69.0,71.4,146.7,41.1,,177.4,Current,Moderate,Active,Poor,6.9,0
P103853,44,Female,0,1,0,0,0,0,0,33.9,137.0,92.0,95.1,183.4,50.2,114.0,123.5,Never,Rare,Active,Balanced,5.9,0
P103854,40,Male,0,0,0,0,1,0,0,29.4,120.0,92.0,,207.7,67.1,117.9,225.7,Never,Rare,Active,Healthy,7.0,0
P103855,37,Female,0,0,0,0,0,0,0,20.9,91.0,80.0,89.1,165.6,39.3,119.0,294.5,Former,Rare,Moderate,Poor,5.8,0
P103856,60,Male,0,0,0,0,0,0,0,24.2,120.0,77.0,99.9,177.4,42.3,101.0,347.1,Never,Rare,Sedentary,Balanced,9.9,0
P103857,54,Female,0,0,0,1,0,0,0,33.5,131.0,88.0,151.9,,75.9,120.2,145.2,Never,Rare,Moderate,Balanced,8.0,0
P103858,57,Female,0,0,0,1,1,0,0,,115.0,87.0,164.5,195.1,49.5,137.7,223.2,Never,Rare,Sedentary,Balanced,7.9,0
P103859,72,Female,0,0,0,0,0,0,0,25.9,128.0,71.0,106.0,196.4,48.6,129.2,172.7,Never,Heavy,Active,Balanced,8.0,0
P103860,41,Female,0,0,0,0,0,0,0,21.5,115.0,76.0,102.5,161.9,41.3,121.4,201.6,Never,Rare,Moderate,Balanced,6.1,0
P103861,69,Female,1,0,0,0,0,0,0,34.6,127.0,76.0,99.5,171.4,50.4,110.8,181.7,Never,Moderate,Active,Poor,7.0,0
P103862,59,Female,0,0,0,0,1,0,0,22.3,113.0,77.0,103.9,236.0,46.3,168.1,51.7,Never,Rare,Moderate,Poor,8.2,0
P103863,51,Female,0,1,0,0,1,0,0,29.7,141.0,75.0,102.0,,40.2,131.7,160.6,Never,Moderate,Active,Balanced,7.1,0
P103864,63,Female,0,0,0,0,0,0,0,33.3,137.0,86.0,91.1,,62.2,116.2,127.2,Never,Rare,Sedentary,Healthy,6.4,0
P103865,62,Male,0,0,0,0,0,0,0,32.9,134.0,81.0,100.9,154.6,39.7,116.0,229.9,Never,Moderate,Moderate,Balanced,6.4,1
P103866,41,Female,0,0,0,0,0,0,0,27.4,130.0,82.0,102.6,157.9,51.0,92.2,,Former,Rare,Active,Balanced,9.3,0
P103867,44,Female,0,0,0,0,0,0,0,24.0,99.0,78.0,86.8,132.8,63.8,73.0,63.6,Former,Moderate,Sedentary,Balanced,8.2,0
P103868,54,Female,1,0,0,0,0,0,0,18.9,121.0,83.0,96.1,161.3,66.1,113.1,117.0,Never,Rare,Moderate,Balanced,7.9,1
P103869,54,Female,0,0,0,0,0,0,0,25.4,112.0,81.0,107.1,192.2,55.1,99.7,191.7,Never,Rare,Moderate,Healthy,7.2,0
P103870,53,Female,0,0,0,0,0,0,0,20.8,115.0,78.0,89.0,134.1,52.0,94.9,153.5,Never,Rare,Active,Healthy,7.5,0
P103871,47,Male,0,0,0,0,0,0,0,31.5,137.0,75.0,105.6,144.3,31.9,93.0,130.6,Never,Rare,Sedentary,Poor,6.9,0
P103872,63,Female,0,0,0,0,1,0,0,32.3,119.0,81.0,93.2,231.5,,150.8,185.2,Current,Moderate,Moderate,Poor,7.5,0
P103873,57,Female,0,0,1,0,1,0,0,28.1,138.0,78.0,96.3,233.6,45.2,147.7,134.9,Never,Rare,Active,Healthy,7.4,0
P103874,90,Male,1,1,1,0,0,0,1,22.5,151.0,80.0,106.5,144.2,62.2,86.4,193.0,Current,Rare,Moderate,Healthy,6.2,0
P103875,59,Female,0,1,0,0,0,0,0,27.1,152.0,86.0,90.5,149.8,57.4,100.6,106.3,Former,Rare,Sedentary,Balanced,9.2,0
P103876,38,Male,1,0,0,0,1,0,0,20.7,106.0,71.0,106.1,237.9,,138.3,150.8,Never,Rare,Moderate,Healthy,5.0,0
P103877,64,Female,0,0,0,0,0,0,0,20.2,126.0,83.0,97.5,138.7,,99.3,116.1,Former,Rare,Sedentary,Balanced,6.8,0
P103878,54,Female,0,0,0,0,1,0,0,25.1,119.0,73.0,99.9,187.4,49.5,133.3,133.1,Never,Rare,Moderate,Balanced,5.1,0
P103879,37,Male,0,0,0,0,0,0,0,23.4,112.0,81.0,103.1,167.5,21.7,128.0,225.9,Never,Rare,Sedentary,Balanced,8.2,0
P103880,69,Female,0,0,0,0,0,0,0,30.1,133.0,88.0,111.6,124.6,67.2,96.0,122.1,Never,Rare,Moderate,Balanced,5.8,0
P103881,54,Female,0,1,0,0,0,0,0,23.6,146.0,87.0,101.3,166.5,39.9,105.4,192.3,Former,Rare,Moderate,Poor,7.8,0
P103882,55,Male,0,0,0,0,0,0,0,27.6,125.0,80.0,76.0,157.3,61.9,112.7,50.9,Former,Rare,Active,Poor,7.0,0
P103883,30,Male,0,0,0,0,0,0,0,28.2,,82.0,113.1,156.2,56.5,87.5,133.7,Former,Moderate,Moderate,Balanced,7.0,0
P103884,29,Female,0,0,0,0,0,0,0,19.6,97.0,77.0,,161.1,39.9,97.9,135.4,Never,Rare,Moderate,Balanced,6.5,0
P103885,43,Male,0,0,0,0,0,0,0,30.4,111.0,85.0,94.7,155.1,41.1,113.5,99.9,Former,Rare,Sedentary,Balanced,7.3,0
P103886,47,Male,0,0,0,0,0,0,0,24.7,120.0,64.0,94.3,168.0,64.3,118.4,186.4,Former,Moderate,Moderate,Balanced,6.6,0
P103887,54,Male,0,0,0,0,0,0,0,22.9,129.0,81.0,112.8,,,77.7,67.1,Never,Rare,Moderate,Balanced,6.8,0
P103888,53,Female,0,0,0,0,0,0,0,23.4,134.0,81.0,101.3,185.9,51.1,94.5,,Never,Rare,Sedentary,Balanced,6.1,0
P103889,71,Male,0,0,0,0,1,0,1,20.6,130.0,81.0,120.4,157.1,76.5,131.9,193.3,Never,Rare,Moderate,Balanced,5.5,0
P103890,51,Male,0,0,0,0,0,0,0,18.6,100.0,77.0,101.5,184.7,42.7,109.3,214.2,Current,Moderate,Active,Balanced,5.7,0
P103891,36,Male,0,0,0,0,0,0,0,28.2,112.0,82.0,84.0,122.8,62.0,71.3,81.0,Current,Rare,Moderate,Poor,9.0,0
P103892,41,Female,0,0,0,0,0,0,0,30.2,127.0,79.0,82.2,173.3,19.8,114.3,191.1,Never,Rare,Active,Poor,7.0,0
P103893,54,Female,0,0,0,0,1,0,0,27.1,,81.0,56.8,193.8,52.0,134.7,,Former,Heavy,Active,Balanced,5.0,0
P103894,52,Female,0,0,0,0,0,0,0,27.0,112.0,92.0,94.2,,78.1,,170.2,Never,Rare,Moderate,Balanced,5.5,0
P103895,33,Female,1,0,0,0,0,0,0,29.3,126.0,77.0,94.5,174.6,31.8,115.8,137.7,Current,Moderate,Active,Balanced,9.2,0
P103896,22,Female,0,0,0,0,0,0,0,23.5,119.0,75.0,114.1,168.7,67.2,102.7,188.9,Current,Rare,Active,Balanced,7.8,0
P103897,35,Male,0,0,0,0,0,0,0,21.2,102.0,75.0,100.6,168.3,49.8,96.1,134.6,Never,Rare,Moderate,Balanced,6.8,0
P103898,58,Female,0,0,0,0,0,0,0,29.1,133.0,68.0,100.8,179.3,50.1,129.0,161.8,Former,Rare,Moderate,Balanced,8.2,0
P103899,44,Female,0,0,0,0,1,0,0,30.3,124.0,93.0,,213.8,60.6,143.3,140.8,Never,Rare,Moderate,Balanced,7.1,0
P103900,40,Male,0,0,0,0,1,0,0,28.2,,88.0,112.3,215.4,58.9,162.5,49.1,Current,Moderate,Moderate,Poor,8.2,0
P103901,45,Female,0,0,0,0,0,0,0,26.2,115.0,78.0,99.2,101.6,,69.2,185.6,Former,Rare,Active,Healthy,5.4,0
P103902,69,Male,0,0,0,0,0,0,0,24.7,114.0,73.0,87.0,148.5,47.2,104.7,123.2,Never,Rare,Active,Balanced,7.2,0
P103903,47,Female,0,0,0,0,0,0,0,32.0,122.0,84.0,107.1,152.0,49.2,114.0,7.0,Never,Rare,Moderate,Healthy,6.5,0
P103904,62,Female,0,0,0,0,0,0,0,23.4,117.0,74.0,94.7,153.7,36.1,98.9,143.7,Never,Moderate,Sedentary,Healthy,8.2,0
P103905,58,Female,0,0,0,0,1,0,0,23.0,138.0,81.0,103.4,206.6,56.2,167.6,162.7,Never,Rare,Moderate,Balanced,7.6,0
P103906,61,Female,0,0,0,0,0,0,0,19.7,107.0,88.0,78.0,176.2,42.0,,131.2,Never,Moderate,Moderate,Balanced,6.5,1
P103907,73,Male,1,1,0,0,0,0,0,30.7,150.0,,88.0,174.2,49.0,115.8,,Current,Rare,Moderate,Healthy,4.8,0
P103908,51,Female,0,0,0,0,1,0,0,34.4,125.0,88.0,88.9,175.8,56.6,131.2,58.4,Never,Rare,Moderate,Healthy,9.3,0
P103909,70,Female,0,1,0,0,0,0,0,33.6,138.0,90.0,98.1,171.1,33.4,127.6,,Former,Rare,Active,Balanced,6.0,0
P103910,54,Female,0,0,0,0,0,0,0,14.0,95.0,71.0,85.8,172.9,51.8,58.4,173.8,Former,Rare,Sedentary,Poor,7.7,0
P103911,53,Female,0,0,0,1,0,0,0,31.4,151.0,92.0,155.5,161.2,28.6,116.8,112.2,Never,Rare,Active,Balanced,7.4,0
P103912,61,Female,0,0,0,0,0,0,0,17.6,110.0,63.0,94.1,157.4,34.4,106.8,189.8,Never,Rare,Moderate,Balanced,7.7,0
P103913,22,Female,0,0,0,0,1,0,0,,112.0,84.0,79.8,189.8,,131.0,157.7,Never,Heavy,Moderate,Healthy,6.1,0
P103914,66,Female,0,0,0,0,1,0,1,26.8,142.0,93.0,73.7,188.2,70.3,143.7,91.0,Never,Heavy,Active,Healthy,6.3,0
P103915,54,Female,0,0,0,0,1,0,0,27.5,99.0,75.0,99.3,229.2,33.4,154.9,285.8,Never,Moderate,Moderate,Poor,8.3,0
P103916,57,Male,0,0,0,0,0,0,0,29.1,128.0,90.0,90.1,,48.7,68.8,71.8,Never,Moderate,Sedentary,Balanced,9.7,0
P103917,57,Female,0,0,0,0,1,0,0,15.7,103.0,73.0,88.8,222.6,61.4,159.5,54.1,Current,Moderate,Sedentary,Balanced,6.4,0
P103918,40,Male,0,0,0,0,0,0,1,33.0,137.0,93.0,113.0,148.9,46.7,115.4,124.0,Former,Moderate,Moderate,Healthy,8.4,0
P103919,69,Female,0,1,0,0,0,0,0,17.4,150.0,78.0,,163.4,,107.0,229.6,Never,Rare,Active,Healthy,7.8,0
P103920,48,Male,0,0,0,0,0,0,0,31.9,107.0,87.0,86.3,185.8,62.1,118.0,65.6,Never,Rare,Moderate,Poor,7.4,0
P103921,45,Male,0,0,0,0,0,0,0,28.2,127.0,83.0,106.0,197.6,73.6,92.0,111.8,Never,Rare,Moderate,Poor,5.4,0
P103922,50,Female,0,0,0,0,0,0,0,24.5,118.0,77.0,76.2,132.5,62.7,96.4,237.7,Never,Rare,Active,Healthy,5.8,0
P103923,48,Other,0,0,0,0,1,0,0,25.1,120.0,81.0,99.8,240.4,42.8,156.6,203.1,Never,Rare,Active,Balanced,7.6,0
P103924,50,Male,1,0,0,0,1,0,0,30.7,112.0,71.0,89.5,213.9,40.9,,154.8,Current,Rare,Moderate,Balanced,5.9,0
P103925,71,Female,0,0,0,0,0,0,0,26.8,133.0,77.0,91.9,122.8,44.0,87.2,169.6,Never,Heavy,Moderate,Balanced,6.3,0
P103926,63,Male,0,0,0,0,0,0,0,24.8,124.0,81.0,110.9,189.3,62.1,110.6,148.9,Never,Rare,Moderate,Balanced,4.7,0
P103927,53,Male,0,0,0,0,1,0,0,25.2,112.0,69.0,105.5,169.9,82.1,153.9,179.6,Never,Moderate,Moderate,Healthy,7.7,0
P103928,47,Female,0,0,0,0,0,0,0,27.8,107.0,74.0,87.6,136.1,67.6,101.2,127.4,Never,Moderate,Sedentary,Healthy,7.1,0
P103929,64,Male,0,0,0,1,0,0,0,30.1,133.0,82.0,138.0,179.5,27.3,,217.4,Never,Rare,Sedentary,Poor,7.2,0
P103930,71,Male,0,1,1,0,0,0,0,20.0,150.0,89.0,102.3,177.8,55.0,127.2,116.0,Never,Rare,Moderate,Balanced,5.8,1
P103931,56,Male,0,0,0,0,0,0,0,24.4,122.0,77.0,103.8,140.9,31.8,88.4,122.4,Never,Rare,Sedentary,Balanced,6.3,0
P103932,32,Male,0,0,0,1,1,0,0,29.6,111.0,80.0,127.0,226.0,36.8,133.8,185.2,Former,Rare,Active,Poor,8.2,0
P103933,73,Female,0,1,0,0,1,0,0,22.2,136.0,81.0,83.7,225.4,55.7,153.8,158.1,Never,Rare,Active,Balanced,7.4,0
P103934,57,Male,0,0,0,0,0,0,0,22.9,100.0,77.0,107.0,135.9,35.0,92.9,144.3,Never,Moderate,Moderate,Healthy,6.9,0
P103935,61,Female,0,1,1,0,0,1,0,33.4,148.0,82.0,109.2,189.4,35.4,125.8,175.7,Never,Moderate,Active,Healthy,6.4,1
P103936,62,Male,0,0,0,0,1,0,0,35.5,134.0,73.0,81.7,200.2,59.0,,162.0,Never,Moderate,Moderate,Poor,7.8,0
P103937,51,Female,0,0,0,1,0,0,0,33.6,105.0,80.0,142.1,154.0,48.4,78.6,83.3,Never,Rare,Sedentary,Balanced,6.2,0
P103938,79,Male,0,1,0,0,1,0,0,21.5,141.0,79.0,98.5,205.3,46.6,130.1,107.4,Current,Heavy,Moderate,Balanced,5.8,0
P103939,47,Female,0,0,0,0,0,0,0,25.5,120.0,92.0,90.7,199.2,53.7,118.4,111.3,Never,Rare,Sedentary,Poor,8.0,0
P103940,41,Male,0,0,0,0,0,0,0,21.8,132.0,80.0,114.6,175.9,38.1,120.3,91.0,Never,Heavy,Active,Poor,7.9,0
P103941,62,Female,0,0,0,0,1,0,0,28.1,139.0,78.0,95.6,238.9,60.1,159.1,55.1,Former,Rare,Moderate,Balanced,7.5,0
P103942,57,Male,0,0,0,0,0,0,0,19.4,127.0,66.0,122.1,,,76.9,82.4,Never,Moderate,Sedentary,Balanced,8.4,0
P103943,73,Female,0,0,0,0,0,0,0,26.2,140.0,91.0,85.4,117.7,35.1,54.1,140.3,Never,Moderate,Sedentary,Healthy,7.2,0
P103944,50,Male,0,0,0,1,0,0,0,33.8,131.0,82.0,182.3,100.9,,59.2,154.2,Current,Heavy,Active,Poor,5.3,0
P103945,52,Female,0,1,0,0,0,0,0,33.9,133.0,,110.9,197.0,26.4,113.3,,Never,Rare,Active,Poor,6.5,0
P103946,57,Male,0,0,0,0,1,0,0,18.9,134.0,86.0,103.3,177.2,65.3,132.6,122.1,Never,Rare,Moderate,Healthy,5.7,0
P103947,44,Female,0,0,0,0,0,0,0,17.0,114.0,89.0,80.1,193.8,30.8,95.3,134.0,Never,Moderate,Moderate,Balanced,4.5,0
P103948,51,Male,0,0,0,0,1,0,0,,131.0,89.0,83.5,213.3,16.1,171.8,169.0,Never,Rare,Sedentary,Healthy,8.4,0
P103949,45,Female,0,0,0,0,0,0,0,24.8,110.0,72.0,92.9,119.0,22.5,80.7,54.1,Former,Moderate,Active,Balanced,7.6,0
P103950,89,Female,0,0,0,1,0,0,0,25.5,143.0,66.0,161.7,151.4,59.3,86.2,143.9,Former,Rare,Sedentary,Healthy,8.3,0
P103951,36,Female,0,0,0,0,1,0,0,27.9,93.0,68.0,110.6,180.8,17.3,148.9,88.7,Former,Moderate,Moderate,Healthy,6.5,0
P103952,49,Male,0,0,0,0,0,0,0,32.4,148.0,82.0,74.4,109.5,28.7,64.8,153.7,Never,Heavy,Moderate,Healthy,6.7,0
P103953,65,Male,0,0,0,0,0,0,0,21.5,126.0,73.0,116.2,177.8,35.8,96.5,184.3,Never,Rare,Moderate,Balanced,7.4,0
P103954,47,Male,0,0,0,0,1,0,0,22.6,112.0,85.0,84.4,156.2,58.1,132.0,143.0,Current,Rare,Moderate,Balanced,9.6,0
P103955,46,Female,0,0,0,0,1,0,0,24.7,131.0,,73.0,183.1,41.1,130.6,194.1,Never,Rare,Moderate,Balanced,4.8,0
P103956,65,Male,0,0,0,0,0,0,0,30.3,113.0,90.0,91.7,197.4,53.7,98.5,96.2,Never,Moderate,Sedentary,Balanced,7.0,0
P103957,68,Male,0,0,0,0,1,0,0,30.6,133.0,77.0,118.9,185.8,30.6,136.6,176.9,Never,Rare,Sedentary,Healthy,5.8,0
P103958,68,Female,0,0,0,0,0,0,0,24.3,121.0,88.0,94.6,174.9,66.2,108.4,74.3,Current,Moderate,Moderate,Healthy,6.6,0
P103959,77,Female,0,0,0,0,1,0,0,17.9,145.0,82.0,107.4,236.9,66.3,143.6,30.1,Never,Rare,Sedentary,Balanced,7.3,0
P103960,50,Male,0,1,0,0,0,0,0,31.6,133.0,85.0,86.2,159.9,53.4,79.6,40.9,Never,Rare,Sedentary,Balanced,6.7,0
P103961,39,Female,0,0,0,0,1,0,0,21.4,112.0,90.0,115.4,195.9,54.6,137.9,117.6,Former,Moderate,Moderate,Healthy,4.6,0
P103962,49,Female,0,0,0,0,0,0,0,27.2,118.0,79.0,63.0,199.0,52.1,109.8,128.6,Never,Rare,Moderate,Balanced,6.4,0
P103963,72,Male,0,0,0,0,0,0,0,30.8,148.0,72.0,103.8,189.8,70.5,126.1,102.4,Current,Rare,Moderate,Balanced,7.3,0
P103964,66,Male,0,0,0,1,1,0,0,30.0,122.0,76.0,188.1,194.9,65.6,140.8,260.9,Former,Rare,Sedentary,Balanced,7.6,0
P103965,44,Male,0,0,0,0,1,0,0,15.1,91.0,72.0,87.5,219.5,54.3,,89.1,Former,Rare,Moderate,Balanced,7.9,0
P103966,62,Male,0,0,0,0,0,0,0,26.4,138.0,80.0,,161.2,47.6,57.8,73.5,Never,Moderate,Active,Balanced,8.8,0
P103967,54,Other,0,1,0,0,0,0,0,29.2,143.0,85.0,133.9,180.4,45.2,116.0,162.3,Never,Rare,Moderate,Healthy,6.4,0
P103968,44,Male,1,0,0,0,0,0,0,23.7,107.0,81.0,103.8,152.2,49.8,102.0,229.3,Never,Rare,Moderate,Balanced,6.0,0
P103969,64,Male,0,0,0,0,1,0,0,38.1,138.0,81.0,95.3,247.7,67.6,166.4,164.9,Never,Rare,Active,Healthy,9.2,0
P103970,42,Male,0,0,0,0,0,0,0,23.0,114.0,78.0,83.4,146.8,73.2,76.8,111.5,Never,Heavy,Moderate,Balanced,7.4,0
P103971,30,Male,0,0,0,0,0,0,0,24.8,112.0,81.0,90.4,118.5,43.3,92.1,174.1,Never,Rare,Moderate,Poor,7.9,0
P103972,66,Female,0,0,0,0,1,0,0,33.7,147.0,92.0,105.9,177.7,43.6,133.7,238.6,Never,Rare,Sedentary,Healthy,7.0,0
P103973,58,Female,0,1,0,0,0,1,0,28.1,,88.0,98.3,178.4,37.4,99.0,148.6,Never,Rare,Active,Healthy,8.4,0
P103974,46,Female,0,0,0,0,1,0,0,26.8,125.0,78.0,88.9,219.3,59.2,150.5,110.7,Never,Heavy,Active,Healthy,5.6,0
P103975,69,Female,1,0,0,0,1,0,0,19.3,137.0,82.0,72.6,194.5,37.6,139.1,250.5,Current,Rare,Moderate,Balanced,5.6,0
P103976,70,Male,0,0,0,0,0,0,1,21.0,104.0,81.0,84.1,155.5,60.5,106.5,120.1,Never,Rare,Moderate,Poor,7.0,0
P103977,47,Male,0,0,0,0,0,0,0,28.4,134.0,83.0,112.7,122.2,43.6,92.5,94.1,Never,Rare,Sedentary,Poor,7.1,0
P103978,63,Female,0,0,0,0,0,0,0,17.9,129.0,,85.8,180.3,63.8,120.8,202.7,Never,Rare,Active,Balanced,5.9,0
P103979,61,Female,0,0,1,0,1,0,0,28.1,136.0,71.0,86.7,203.1,,162.6,162.1,Current,Rare,Moderate,Poor,8.2,0
P103980,68,Female,1,0,0,0,0,0,0,20.5,135.0,76.0,84.7,136.0,49.7,89.2,,Never,Rare,Sedentary,Poor,7.6,0
P103981,56,Female,0,0,0,0,1,0,0,23.7,132.0,83.0,95.1,198.5,45.9,145.0,223.1,Never,Rare,Active,Balanced,5.4,0
P103982,30,Male,0,0,0,0,1,0,0,22.9,113.0,73.0,80.9,229.7,73.1,,220.6,Current,Rare,Moderate,Balanced,7.7,0
P103983,77,Male,0,0,1,0,0,0,0,14.6,114.0,74.0,79.4,153.0,56.5,121.7,69.0,Former,Rare,Moderate,Balanced,6.2,0
P103984,45,Female,0,0,0,0,0,0,0,23.1,105.0,96.0,89.3,130.5,67.1,82.3,121.7,Never,Rare,Active,Poor,6.1,0
P103985,52,Male,0,0,0,0,1,0,0,26.1,139.0,87.0,83.9,223.3,56.1,143.3,127.1,Never,Moderate,Active,Balanced,6.5,0
P103986,36,Male,0,0,0,0,1,0,0,30.9,132.0,74.0,79.6,204.6,43.4,111.1,259.5,Former,Rare,Moderate,Balanced,5.7,0
P103987,29,Male,0,0,0,0,0,0,0,24.2,108.0,,105.5,125.2,52.7,72.2,91.3,Current,Rare,Moderate,Balanced,8.0,0
P103988,23,Female,0,0,0,0,0,0,0,17.9,107.0,81.0,104.3,174.6,42.8,97.5,139.8,Never,Rare,Active,Balanced,7.9,0
P103989,67,Female,0,0,0,0,1,0,0,,130.0,70.0,103.0,238.0,54.0,130.8,173.6,Current,Rare,Active,Balanced,,0
P103990,53,Female,0,0,0,0,1,0,0,19.2,112.0,77.0,91.8,211.9,56.2,128.3,207.3,Never,Moderate,Active,Balanced,6.3,0
P103991,54,Female,0,0,0,1,0,0,0,26.2,128.0,79.0,171.2,122.9,22.7,80.3,191.5,Never,Rare,Moderate,Healthy,8.2,0
P103992,33,Female,0,0,0,0,0,0,0,22.4,113.0,65.0,103.8,160.7,56.3,70.3,55.0,Never,Rare,Moderate,Balanced,4.7,0
P103993,47,Male,0,0,0,0,1,0,0,18.0,118.0,71.0,97.1,248.5,45.8,178.8,218.4,Never,Rare,Moderate,Healthy,5.0,0
P103994,40,Male,0,0,0,0,0,0,0,21.7,100.0,67.0,100.7,183.9,55.4,127.3,114.2,Never,Rare,Active,Healthy,7.6,0
P103995,47,Male,0,0,0,0,0,0,0,18.8,110.0,78.0,81.9,135.3,52.3,102.9,109.1,Never,Rare,Active,Balanced,6.4,0
P103996,53,Male,1,0,0,0,0,0,0,28.7,138.0,75.0,102.4,174.7,49.8,125.3,232.7,Never,Rare,Moderate,Balanced,5.4,0
P103997,56,Male,0,0,0,0,0,0,0,28.3,100.0,77.0,83.5,146.5,55.0,86.2,136.5,Former,Rare,Sedentary,Healthy,6.4,0
P103998,70,Male,0,0,0,0,1,0,0,17.3,123.0,76.0,98.2,201.1,54.8,166.4,,Never,Rare,Moderate,Balanced,6.3,0
P103999,65,Female,0,0,0,1,0,0,0,28.4,129.0,,150.5,163.9,53.7,121.4,138.9,Never,Rare,Moderate,Poor,5.3,0
P104000,69,Male,0,0,0,0,0,0,0,17.1,129.0,73.0,104.4,136.9,45.7,100.2,198.0,Never,Rare,Sedentary,Balanced,5.6,0
P104001,37,Male,0,0,0,0,0,0,0,32.8,,75.0,89.8,132.7,32.2,81.8,110.1,Never,Rare,Active,Balanced,5.9,0
P104002,53,Female,0,0,0,0,0,0,0,26.4,138.0,88.0,105.8,173.5,50.0,122.9,259.5,Never,Rare,Moderate,Healthy,6.2,0
P104003,43,Female,0,0,0,0,0,0,0,26.1,131.0,,107.6,188.8,34.8,113.8,53.9,Never,Rare,Moderate,Balanced,7.4,0
P104004,46,Male,0,0,0,0,1,0,0,17.0,127.0,67.0,99.6,207.2,51.6,143.1,,Never,Moderate,Moderate,Healthy,6.4,0
P104005,70,Male,0,1,0,0,0,0,0,23.9,169.0,84.0,85.0,181.6,38.9,123.8,92.3,Never,Rare,Active,Poor,8.5,0
P104006,45,Female,0,0,0,0,0,0,0,21.4,120.0,71.0,103.5,129.1,37.8,79.5,204.8,Never,Rare,Active,Poor,7.7,0
P104007,50,Male,0,0,0,0,0,0,0,17.5,103.0,79.0,91.1,164.6,44.5,91.0,145.1,Current,Rare,Moderate,Balanced,7.8,0
P104008,50,Female,0,0,0,0,1,0,0,19.1,122.0,75.0,83.6,201.8,67.4,140.2,186.6,Never,Moderate,Active,Balanced,8.2,0
P104009,52,Female,0,0,0,0,0,0,0,25.6,111.0,90.0,100.4,146.8,53.7,110.7,65.2,Former,Moderate,Active,Balanced,8.3,0
P104010,51,Male,0,0,0,0,0,0,0,31.5,131.0,81.0,97.6,194.5,62.3,122.8,77.6,Never,Rare,Active,Balanced,9.3,0
P104011,58,Female,0,0,0,0,0,0,0,33.4,136.0,,98.7,142.3,38.6,64.1,168.9,Never,Moderate,Sedentary,Balanced,6.6,0
P104012,70,Male,0,1,0,0,1,0,0,27.5,151.0,89.0,66.7,205.6,45.4,117.6,64.3,Never,Rare,Moderate,Balanced,8.2,0
P104013,75,Female,0,0,0,1,0,0,0,35.7,142.0,79.0,185.1,197.0,57.0,124.2,87.0,Never,Rare,Moderate,Poor,6.7,0
P104014,35,Male,0,0,0,0,0,0,0,28.0,116.0,81.0,101.7,187.8,55.5,106.5,175.6,Current,Rare,Active,Balanced,8.5,0
P104015,53,Female,0,0,0,1,1,0,0,26.1,118.0,67.0,142.5,195.3,46.2,142.3,137.9,Former,Moderate,Sedentary,Balanced,8.1,0
P104016,37,Female,0,0,0,0,0,0,0,24.7,120.0,56.0,103.5,117.7,68.5,62.5,179.6,Never,Rare,Active,Balanced,7.6,0
P104017,51,Female,0,0,0,0,0,0,0,22.3,119.0,72.0,114.3,181.6,50.1,123.1,134.3,Never,Rare,Moderate,Balanced,7.2,0
P104018,49,Male,0,0,0,0,0,0,0,18.3,123.0,69.0,98.5,154.7,55.5,93.5,128.7,Never,Rare,Active,Balanced,5.6,0
P104019,64,Female,0,0,0,0,0,0,0,26.8,126.0,88.0,,144.5,48.7,104.0,79.2,Never,Heavy,Sedentary,Balanced,5.7,0
P104020,41,Female,0,0,0,0,0,0,0,25.7,113.0,66.0,,139.8,35.3,105.2,160.3,Never,Rare,Sedentary,Balanced,6.8,0
P104021,55,Male,0,0,0,0,0,0,0,25.2,125.0,86.0,98.2,147.7,59.3,123.3,127.8,Never,Moderate,Moderate,Balanced,6.7,0
P104022,21,Male,0,0,0,0,1,0,0,27.7,91.0,81.0,99.7,,41.6,134.3,101.0,Never,Moderate,Moderate,Poor,5.3,0
P104023,33,Female,0,0,0,0,0,0,0,27.1,115.0,79.0,108.9,133.8,45.5,67.9,80.9,Never,Rare,Moderate,Healthy,7.0,0
P104024,71,Female,0,0,0,0,1,1,0,23.1,131.0,75.0,108.1,209.9,34.0,168.2,90.5,Former,Moderate,Moderate,Balanced,7.4,1
P104025,63,Female,0,0,0,1,0,0,1,30.9,120.0,85.0,166.3,175.4,38.5,107.9,52.8,Former,Moderate,Moderate,Poor,4.6,0
P104026,38,Female,0,0,0,0,0,0,0,,103.0,75.0,112.9,157.6,38.4,102.1,141.8,Never,Rare,Sedentary,Balanced,8.2,0
P104027,66,Female,1,0,0,0,0,0,0,25.5,132.0,74.0,105.1,159.0,58.4,90.5,156.7,Never,Moderate,Moderate,Balanced,7.6,0
P104028,70,Male,0,0,0,1,0,1,0,22.0,128.0,76.0,131.0,79.8,67.5,60.4,129.5,Former,Rare,Sedentary,Balanced,7.1,0
P104029,68,Male,0,0,0,0,1,0,0,14.9,133.0,92.0,96.5,245.5,53.5,174.0,224.4,Never,Moderate,Sedentary,Balanced,6.6,0
P104030,67,Female,0,0,0,0,0,0,0,26.8,128.0,73.0,93.1,191.0,,127.4,228.0,Former,Rare,Sedentary,Healthy,9.0,0
P104031,55,Male,0,0,1,0,0,0,0,16.1,123.0,81.0,,148.3,31.1,86.8,154.7,Never,Rare,Moderate,Poor,7.1,0
P104032,43,Male,0,0,0,0,0,0,0,26.9,117.0,75.0,98.3,161.6,55.0,93.6,164.0,Never,Heavy,Sedentary,Balanced,6.4,0
P104033,78,Other,0,0,0,0,1,0,0,30.5,129.0,88.0,110.1,239.6,62.2,183.4,94.4,Never,Rare,Sedentary,Balanced,5.8,0
P104034,62,Male,0,0,0,0,0,0,0,30.9,134.0,83.0,97.6,152.4,72.1,118.4,49.3,Never,Rare,Sedentary,Poor,,0
P104035,67,Male,0,0,0,1,0,0,0,27.9,127.0,83.0,177.3,119.8,72.3,,141.3,Never,Rare,Active,Poor,6.4,0
P104036,71,Male,1,1,0,0,0,0,0,28.7,162.0,87.0,122.3,,74.1,124.8,97.8,Current,Rare,Active,Poor,6.7,0
P104037,51,Male,0,0,0,0,1,0,0,27.2,130.0,65.0,100.3,198.6,61.7,137.2,194.2,Never,Rare,Moderate,Balanced,7.4,0
P104038,69,Female,0,0,1,0,0,0,0,31.7,139.0,76.0,84.4,195.9,50.5,123.9,176.5,Current,Moderate,Active,Poor,6.6,0
P104039,50,Male,0,0,0,0,1,0,0,20.4,,90.0,84.0,164.4,44.7,140.6,201.4,Former,Rare,Active,Balanced,8.4,0
P104040,54,Female,0,0,0,0,1,0,0,19.4,133.0,75.0,86.9,,52.9,126.3,80.1,Never,Rare,Moderate,Healthy,6.9,0
P104041,62,Female,0,0,0,0,1,0,0,29.7,120.0,87.0,98.5,215.7,37.4,166.3,148.3,Never,Rare,Sedentary,Poor,6.3,0
P104042,45,Male,0,0,0,0,0,0,0,22.6,115.0,,99.1,159.1,74.1,127.0,187.7,Never,Rare,Active,Balanced,7.6,0
P104043,45,Male,0,0,0,0,0,0,0,19.6,117.0,74.0,107.5,183.2,,113.9,90.0,Never,Heavy,Sedentary,Poor,6.7,0
P104044,75,Male,0,0,0,0,0,0,0,27.5,139.0,69.0,85.9,142.8,55.9,76.1,196.5,Never,Rare,Moderate,Poor,5.4,0
P104045,49,Female,0,0,0,0,1,0,0,23.0,112.0,73.0,122.2,198.7,85.0,133.6,122.7,Never,Moderate,Moderate,Healthy,6.5,0
P104046,25,Female,0,0,0,0,1,0,0,25.9,103.0,87.0,94.2,223.3,53.2,134.0,129.3,Never,Rare,Active,Healthy,7.3,0
P104047,73,Female,0,0,0,0,0,0,0,22.5,,87.0,64.1,148.1,58.9,101.8,101.6,Never,Rare,Sedentary,Poor,5.7,0
P104048,41,Female,0,0,0,0,1,0,0,15.0,121.0,74.0,100.5,213.2,55.5,138.1,134.3,Never,Rare,Active,Balanced,5.6,0
P104049,61,Female,1,0,0,1,0,0,0,31.5,152.0,81.0,198.9,183.9,49.5,114.8,63.6,Never,Rare,Sedentary,Balanced,7.6,0
P104050,45,Female,0,0,0,0,0,0,0,21.8,101.0,82.0,86.1,182.4,45.2,112.5,149.9,Never,Moderate,Sedentary,Balanced,6.7,0
P104051,31,Male,0,0,0,0,0,0,0,23.7,97.0,76.0,91.6,186.0,49.6,113.3,69.1,Former,Heavy,Moderate,Balanced,6.9,0
P104052,55,Male,0,0,1,0,0,0,0,24.2,111.0,67.0,95.6,156.4,55.3,108.6,193.6,Former,Rare,Moderate,Healthy,7.4,0
P104053,84,Male,0,1,0,0,0,0,1,36.4,153.0,101.0,83.3,169.1,48.0,64.8,266.0,Current,Rare,Sedentary,Balanced,5.9,0
P104054,41,Female,0,0,0,0,1,0,0,21.8,99.0,73.0,115.3,158.9,70.5,130.3,210.5,Former,Rare,Active,Balanced,7.1,0
P104055,41,Male,0,0,0,1,1,0,0,35.4,118.0,76.0,162.0,,30.3,184.4,64.3,Current,Rare,Sedentary,Healthy,6.8,0
P104056,64,Female,0,0,0,0,0,0,0,23.4,,78.0,98.2,119.3,53.2,87.1,160.5,Never,Moderate,Moderate,Balanced,7.3,0
P104057,62,Female,0,1,0,0,1,0,0,23.4,150.0,88.0,74.4,281.1,62.7,190.8,287.8,Never,Moderate,Moderate,Poor,6.1,0
P104058,32,Male,0,0,0,0,1,0,0,29.0,113.0,,73.9,230.1,,176.0,126.9,Never,Rare,Moderate,Balanced,9.4,0
P104059,80,Female,0,1,0,0,1,1,0,34.9,155.0,77.0,93.5,233.7,69.6,157.1,142.2,Never,Moderate,Sedentary,Balanced,8.6,0
P104060,72,Male,0,0,0,0,0,0,0,24.0,122.0,71.0,101.9,141.0,37.6,83.8,135.8,Former,Rare,Active,Healthy,5.7,0
P104061,47,Other,1,0,0,0,0,0,0,27.9,106.0,,79.6,116.3,42.6,77.2,210.4,Current,Moderate,Sedentary,Healthy,3.7,0
P104062,44,Male,0,0,0,0,0,0,0,32.3,146.0,79.0,91.0,171.7,61.2,118.4,119.9,Never,Rare,Moderate,Healthy,6.3,0
P104063,60,Female,0,0,0,0,0,0,0,,144.0,74.0,91.3,,48.7,111.1,134.7,Never,Moderate,Moderate,Healthy,8.1,0
P104064,75,Female,0,0,0,0,0,0,0,25.0,137.0,72.0,95.9,172.7,40.6,117.7,17.0,Never,Rare,Active,Healthy,6.7,0
P104065,43,Female,0,0,0,0,1,0,0,24.4,118.0,88.0,83.3,253.5,69.1,174.2,,Never,Rare,Active,Balanced,7.7,0
P104066,65,Female,1,0,0,1,0,0,0,27.1,120.0,80.0,157.4,162.1,52.3,78.3,202.2,Never,Rare,Sedentary,Balanced,9.5,0
P104067,37,Female,0,0,0,0,0,0,0,16.9,95.0,83.0,110.3,182.1,,106.5,111.6,Never,Rare,Sedentary,Balanced,7.5,0
P104068,66,Female,0,0,1,0,1,0,0,25.0,137.0,66.0,113.9,246.4,46.9,123.1,,Never,Rare,Sedentary,Balanced,8.3,0
P104069,53,Female,0,0,0,0,0,0,0,25.4,134.0,82.0,103.2,190.0,38.7,109.2,142.5,Former,Rare,Moderate,Poor,6.4,0
P104070,45,Female,1,0,0,0,1,0,0,26.6,125.0,79.0,85.4,179.9,21.9,152.3,120.7,Never,Rare,Active,Healthy,7.5,0
P104071,45,Male,0,0,0,0,1,0,0,30.0,119.0,83.0,103.0,204.5,46.1,137.7,-12.6,Former,Rare,Moderate,Balanced,5.7,0
P104072,67,Female,0,0,0,0,0,1,0,26.7,125.0,86.0,87.6,188.7,44.2,116.8,35.0,Former,Rare,Moderate,Balanced,6.8,1
P104073,41,Male,0,0,0,0,0,0,0,24.4,120.0,,94.5,119.8,68.4,76.6,,Never,Rare,Active,Balanced,6.7,0
P104074,49,Male,0,0,0,0,0,0,0,28.8,128.0,85.0,115.9,174.4,43.2,93.2,147.0,Never,Rare,Sedentary,Healthy,7.0,0
P104075,85,Male,0,0,0,0,1,1,0,26.1,126.0,92.0,82.0,202.8,60.5,134.2,190.5,Never,Moderate,Sedentary,Healthy,4.9,0
P104076,47,Female,0,0,0,0,1,0,0,20.5,103.0,81.0,78.4,184.1,57.7,134.8,170.6,Former,Moderate,Moderate,Balanced,7.4,0
P104077,41,Male,0,0,0,0,0,0,0,29.5,123.0,77.0,97.8,144.4,63.4,108.3,87.4,Never,Rare,Active,Balanced,6.5,0
P104078,24,Female,0,0,0,0,1,0,0,32.7,111.0,73.0,87.9,170.4,70.0,134.3,234.9,Never,Rare,Active,Poor,8.5,0
P104079,35,Female,0,0,0,0,0,0,0,37.3,103.0,76.0,87.7,142.1,52.3,86.6,19.5,Never,Rare,Active,Healthy,7.4,0
P104080,66,Male,0,0,0,1,1,0,1,30.7,131.0,83.0,114.9,206.0,40.9,129.5,210.7,Never,Rare,Sedentary,Healthy,6.9,0
P104081,47,Male,0,0,0,0,0,0,0,33.4,126.0,91.0,104.5,170.0,48.7,105.8,53.3,Never,Moderate,Moderate,Balanced,7.1,0
P104082,72,Female,0,0,0,0,0,0,0,31.1,133.0,89.0,94.4,183.9,33.2,118.2,227.5,Current,Rare,Active,Balanced,5.3,0
P104083,68,Female,0,1,0,1,0,0,1,30.6,152.0,92.0,167.0,149.5,,87.1,97.9,Never,Moderate,Moderate,Healthy,8.0,0
P104084,59,Female,0,0,0,0,0,0,0,26.0,139.0,78.0,94.6,147.1,,121.3,142.8,Never,Moderate,Moderate,Balanced,8.5,0
P104085,49,Female,0,0,0,0,0,0,0,30.8,129.0,78.0,101.4,164.7,62.3,,157.1,Never,Rare,Moderate,Healthy,7.3,0
P104086,31,Male,0,0,0,0,0,0,0,24.5,110.0,73.0,115.3,190.6,61.1,110.8,256.6,Former,Rare,Moderate,Healthy,10.5,0
P104087,57,Male,0,1,0,0,1,0,0,24.4,149.0,90.0,100.2,201.8,72.6,,190.3,Never,Rare,Moderate,Healthy,4.7,0
P104088,38,Male,0,0,0,0,0,0,0,25.2,118.0,76.0,100.9,184.6,38.9,125.6,107.6,Never,Moderate,Moderate,Balanced,7.9,0
P104089,27,Male,0,0,0,0,1,0,0,30.3,115.0,81.0,108.6,220.1,44.8,161.4,103.9,Current,Rare,Active,Balanced,9.6,0
P104090,57,Female,0,0,0,0,0,0,0,26.0,123.0,84.0,,175.0,27.0,90.6,187.8,Never,Rare,Sedentary,Balanced,5.7,0
P104091,67,Male,0,0,0,0,0,0,0,24.3,131.0,83.0,114.6,140.2,50.8,97.1,161.6,Current,Moderate,Moderate,Healthy,5.9,0
P104092,68,Female,0,0,0,0,0,0,0,29.7,143.0,90.0,91.2,91.2,57.9,91.3,41.4,Never,Rare,Moderate,Healthy,6.4,0
P104093,33,Male,0,0,0,0,0,0,0,27.5,122.0,77.0,96.2,,52.3,75.7,157.1,Never,Rare,Moderate,Balanced,8.7,0
P104094,62,Female,1,0,0,0,1,0,0,14.5,112.0,76.0,98.0,215.6,48.6,113.3,146.1,Current,Rare,Active,Poor,8.4,0
P104095,64,Female,0,0,0,0,0,0,0,18.3,134.0,87.0,108.4,141.6,53.5,86.4,107.4,Current,Moderate,Moderate,Balanced,8.3,0
P104096,44,Male,0,0,0,0,0,0,0,26.7,,70.0,89.0,167.2,54.8,105.7,180.0,Never,Rare,Sedentary,Healthy,6.9,0
P104097,34,Male,0,0,0,0,1,0,0,23.9,112.0,70.0,104.0,202.3,41.3,125.8,112.9,Never,Rare,Moderate,Balanced,5.6,0
P104098,52,Male,0,1,0,0,0,0,0,28.7,153.0,91.0,81.5,164.2,68.8,119.5,,Current,Moderate,Active,Balanced,6.8,0
P104099,38,Female,0,0,0,0,1,0,0,28.3,111.0,92.0,86.2,202.9,60.5,111.0,86.1,Never,Moderate,Moderate,Poor,,0
P104100,28,Male,0,0,0,0,0,0,0,26.3,110.0,80.0,88.0,141.5,67.4,,153.4,Former,Rare,Moderate,Balanced,4.9,0
P104101,67,Female,0,0,1,0,0,0,0,34.8,133.0,82.0,105.5,160.1,36.8,98.4,125.2,Never,Rare,Sedentary,Poor,6.7,0
P104102,24,Male,0,0,0,0,0,0,0,34.0,111.0,81.0,92.7,155.4,65.2,92.3,293.8,Former,Moderate,Moderate,Balanced,7.9,0
P104103,68,Male,0,0,0,0,1,0,0,29.4,121.0,68.0,89.2,203.4,68.6,128.0,131.6,Former,Moderate,Moderate,Healthy,6.6,0
P104104,43,Male,0,0,0,0,1,0,0,31.8,125.0,74.0,102.2,264.5,21.0,121.2,19.9,Former,Rare,Moderate,Balanced,7.0,0
P104105,47,Female,0,0,0,0,0,0,0,23.6,134.0,78.0,93.8,166.6,53.1,114.3,122.8,Never,Rare,Moderate,Balanced,5.7,0
P104106,48,Male,0,0,0,0,0,0,0,23.2,112.0,79.0,79.2,189.2,48.7,118.8,152.9,Never,Rare,Sedentary,Balanced,5.0,0
P104107,31,Female,0,0,0,0,0,0,0,18.5,110.0,72.0,82.1,,43.1,75.9,101.3,Never,Moderate,Moderate,Balanced,7.7,0
P104108,30,Male,0,0,0,0,0,0,0,32.6,113.0,79.0,119.0,143.4,32.5,118.7,231.1,Never,Rare,Active,Healthy,8.1,0
P104109,33,Male,1,0,0,0,1,0,0,30.0,116.0,78.0,103.4,185.5,49.6,134.9,174.8,Never,Moderate,Active,Balanced,9.9,0
P104110,46,Male,0,0,0,0,0,0,0,,114.0,72.0,97.8,185.2,36.0,125.5,76.6,Never,Rare,Moderate,Balanced,8.8,0
P104111,38,Male,0,0,0,0,1,0,0,24.8,125.0,76.0,90.1,246.9,55.9,163.9,40.7,Former,Moderate,Moderate,Poor,7.8,0
P104112,61,Male,0,0,0,0,1,0,0,20.9,133.0,82.0,70.3,191.4,37.5,130.3,157.3,Never,Heavy,Moderate,Balanced,5.4,0
P104113,49,Female,0,0,0,0,0,0,0,,122.0,76.0,89.5,152.7,54.3,86.8,77.5,Former,Moderate,Moderate,Poor,7.2,0
P104114,29,Female,0,0,0,0,0,0,0,28.8,102.0,78.0,82.2,121.9,51.3,79.3,107.5,Former,Rare,Sedentary,Balanced,8.0,0
P104115,40,Female,0,0,0,0,0,0,0,23.4,109.0,75.0,99.9,153.7,28.7,123.7,138.0,Never,Rare,Moderate,Balanced,5.9,0
P104116,46,Female,0,0,0,0,0,0,0,20.7,133.0,64.0,107.9,162.5,50.4,92.7,245.0,Never,Rare,Moderate,Balanced,8.2,0
P104117,36,Female,0,0,0,0,0,0,0,23.9,100.0,73.0,84.5,133.5,63.4,69.3,99.1,Never,Rare,Moderate,Balanced,7.8,0
P104118,55,Female,0,0,0,0,0,0,0,21.2,117.0,82.0,90.9,181.3,54.3,123.7,168.4,Never,Rare,Sedentary,Healthy,5.9,0
P104119,68,Male,0,0,0,1,0,0,0,,132.0,76.0,164.2,173.8,60.4,108.0,170.7,Current,Heavy,Active,Balanced,6.3,0
P104120,55,Female,0,0,0,0,0,0,0,32.2,125.0,71.0,81.6,129.8,55.3,66.0,157.4,Former,Rare,Active,Healthy,5.5,0
P104121,54,Male,0,0,0,1,1,0,0,,123.0,69.0,141.7,230.1,61.9,200.0,153.7,Never,Rare,Active,Poor,8.9,1
P104122,40,Female,0,0,0,0,1,0,0,23.3,,,85.3,202.0,43.1,122.5,,Never,Rare,Moderate,Balanced,6.9,0
P104123,57,Female,0,0,0,0,0,0,0,33.0,134.0,87.0,86.9,145.8,45.7,105.7,63.8,Never,Rare,Moderate,Balanced,6.8,0
P104124,57,Male,0,0,0,0,1,0,0,25.2,116.0,79.0,98.0,168.4,39.3,133.5,132.0,Never,Moderate,Sedentary,Balanced,7.6,0
P104125,59,Male,0,0,0,0,1,0,0,28.7,130.0,90.0,125.2,202.9,40.0,148.7,41.8,Current,Moderate,Moderate,Poor,,1
P104126,51,Female,0,0,0,0,0,0,0,22.8,130.0,88.0,114.5,123.2,,,125.3,Current,Rare,Active,Poor,7.7,0
P104127,64,Male,0,0,0,0,1,0,0,23.4,142.0,56.0,101.3,214.1,39.4,187.6,213.0,Never,Rare,Sedentary,Balanced,5.6,0
P104128,62,Female,0,0,0,0,0,0,0,26.5,138.0,85.0,105.4,146.1,30.4,109.0,131.5,Former,Moderate,Moderate,Balanced,7.1,0
P104129,55,Female,0,0,0,0,0,0,0,22.6,110.0,84.0,94.9,175.2,58.8,96.9,,Never,Heavy,Active,Balanced,6.6,0
P104130,29,Male,0,0,0,0,0,0,0,26.0,122.0,77.0,86.3,125.6,40.5,75.4,193.2,Never,Rare,Moderate,Poor,7.6,0
P104131,54,Male,0,0,0,0,0,0,0,22.2,127.0,75.0,88.8,163.8,56.0,91.7,93.0,Current,Rare,Moderate,Balanced,7.1,0
P104132,57,Male,0,1,0,0,0,0,0,25.1,128.0,83.0,107.5,136.8,33.5,58.0,190.2,Never,Moderate,Sedentary,Balanced,6.2,0
P104133,57,Male,0,0,0,0,0,0,0,22.2,126.0,78.0,96.1,95.2,,49.6,8.2,Never,Rare,Moderate,Healthy,7.2,0
P104134,68,Female,0,1,0,1,0,0,0,22.3,133.0,85.0,,193.2,55.2,122.2,57.7,Never,Rare,Moderate,Balanced,7.4,0
P104135,90,Male,0,1,0,0,0,1,0,23.5,147.0,82.0,101.2,155.7,43.9,95.1,180.8,Never,Moderate,Moderate,Poor,6.0,1
P104136,60,Female,0,0,0,1,1,0,0,27.2,131.0,85.0,124.0,182.8,38.5,155.5,56.0,Current,Rare,Moderate,Poor,8.3,0
P104137,47,Male,0,1,0,0,1,0,0,35.8,136.0,81.0,93.6,192.8,40.6,133.8,129.7,Former,Rare,Moderate,Healthy,7.0,0
P104138,36,Male,0,0,0,0,0,0,0,38.7,103.0,75.0,85.9,,29.4,101.9,124.7,Never,Rare,Moderate,Poor,5.8,0
P104139,74,Male,0,0,0,0,1,0,0,23.1,140.0,76.0,96.8,172.0,69.9,,182.2,Never,Rare,Moderate,Poor,4.5,0
P104140,44,Male,0,0,0,0,0,0,0,18.8,124.0,67.0,82.0,165.3,33.1,76.8,176.1,Never,Moderate,Sedentary,Balanced,8.6,0
P104141,34,Male,1,0,0,0,1,0,0,30.6,111.0,74.0,88.1,194.1,45.8,133.7,122.1,Never,Rare,Active,Balanced,6.2,0
P104142,26,Female,0,0,0,0,0,0,0,20.6,128.0,70.0,80.9,146.5,,83.7,131.0,Never,Rare,Moderate,Balanced,7.5,0
P104143,62,Female,1,1,0,0,0,0,0,38.3,143.0,77.0,98.9,164.8,66.2,99.7,71.8,Never,Moderate,Moderate,Balanced,4.9,0
P104144,40,Male,0,0,0,0,0,0,0,24.7,129.0,81.0,92.0,198.5,56.9,129.8,134.8,Never,Rare,Sedentary,Balanced,8.2,0
P104145,53,Male,0,0,0,0,0,0,0,31.6,127.0,94.0,91.3,,51.4,55.3,151.6,Never,Rare,Active,Poor,8.3,0
P104146,50,Male,1,0,0,1,0,0,0,35.1,124.0,81.0,188.0,186.3,54.3,127.7,163.6,Never,Rare,Moderate,Balanced,8.8,0
P104147,65,Male,0,0,0,0,1,0,0,28.9,138.0,91.0,90.0,218.5,51.1,161.8,138.1,Current,Rare,Sedentary,Balanced,5.2,0
P104148,33,Female,0,0,0,0,1,0,0,23.8,98.0,72.0,101.7,214.8,50.2,120.9,172.1,Never,Rare,Moderate,Balanced,7.9,0
P104149,64,Female,0,0,0,1,1,0,0,32.1,132.0,80.0,118.4,209.9,40.4,140.1,117.2,Current,Rare,Active,Balanced,6.1,0
P104150,30,Male,0,0,0,0,1,0,0,34.0,117.0,86.0,97.2,223.2,53.9,134.0,108.2,Never,Moderate,Moderate,Healthy,8.3,0
P104151,41,Male,0,0,0,0,0,0,0,34.2,138.0,82.0,,152.3,63.6,,-18.3,Never,Rare,Moderate,Healthy,7.9,0
P104152,58,Male,0,0,0,0,0,0,0,27.6,119.0,81.0,101.0,173.3,50.6,92.2,177.2,Never,Moderate,Moderate,Balanced,5.6,0
P104153,18,Female,0,0,0,0,1,0,0,22.6,98.0,68.0,,207.2,56.8,132.7,193.7,Never,Rare,Moderate,Healthy,7.4,0
P104154,34,Male,0,0,0,0,0,0,0,21.6,119.0,83.0,97.1,142.4,66.6,81.1,132.1,Never,Rare,Sedentary,Poor,6.8,0
P104155,75,Female,0,0,0,0,1,0,1,23.0,115.0,80.0,90.7,233.3,60.1,145.4,63.8,Never,Rare,Moderate,Balanced,6.1,0
P104156,48,Male,1,0,0,0,0,0,0,27.5,133.0,84.0,105.4,151.1,43.1,97.1,126.6,Current,Rare,Moderate,Healthy,7.9,0
P104157,39,Male,0,0,0,0,0,0,0,32.4,119.0,88.0,98.8,,49.2,112.7,169.5,Never,Moderate,Moderate,Balanced,6.6,0
P104158,62,Male,0,0,0,0,0,0,0,32.3,134.0,72.0,82.5,155.1,56.6,104.5,,Current,Rare,Active,Healthy,7.6,0
P104159,40,Female,0,0,0,0,0,0,0,22.5,114.0,83.0,92.8,171.3,28.1,110.5,233.8,Never,Moderate,Sedentary,Poor,4.9,0
P104160,43,Male,0,0,0,0,0,0,0,25.4,103.0,75.0,109.7,,53.9,84.6,166.7,Current,Moderate,Active,Poor,5.6,0
P104161,54,Male,0,0,0,0,1,0,0,23.8,114.0,72.0,,215.2,57.8,160.2,162.8,Never,Rare,Sedentary,Balanced,7.5,0
P104162,46,Male,0,1,0,0,1,0,0,27.4,119.0,90.0,101.2,190.4,71.3,139.1,98.7,Current,Rare,Moderate,Balanced,7.1,0
P104163,45,Female,0,0,0,0,0,0,0,,106.0,90.0,96.1,191.2,40.8,101.3,277.9,Never,Rare,Active,Poor,7.4,0
P104164,61,Male,0,0,0,0,1,0,0,23.7,148.0,81.0,81.9,277.2,32.1,176.8,137.3,Never,Rare,Moderate,Balanced,7.3,0
P104165,59,Male,0,0,1,0,0,0,0,22.7,125.0,,108.8,179.8,30.6,113.5,196.3,Never,Rare,Moderate,Balanced,,0
P104166,68,Female,0,0,0,0,0,0,0,32.3,124.0,81.0,96.2,162.1,54.4,94.9,238.5,Never,Rare,Sedentary,Poor,6.4,0
P104167,40,Female,0,0,0,0,0,0,0,29.7,121.0,82.0,78.7,172.9,57.1,110.4,119.1,Never,Rare,Moderate,Balanced,7.1,0
P104168,24,Female,0,0,0,0,0,0,0,22.9,99.0,71.0,94.7,157.8,68.0,109.2,217.4,Never,Rare,Sedentary,Balanced,6.2,0
P104169,56,Female,0,1,0,0,1,0,0,27.9,134.0,89.0,88.7,203.7,,128.2,86.8,Never,Rare,Active,Balanced,7.2,0
P104170,50,Male,0,0,0,0,0,0,0,29.4,131.0,82.0,107.3,134.8,45.8,84.5,,Never,Moderate,Moderate,Poor,7.3,0
P104171,72,Male,0,1,0,0,1,1,0,28.1,143.0,88.0,92.1,224.8,33.4,171.7,160.5,Former,Rare,Moderate,Balanced,7.1,1
P104172,55,Female,0,1,0,1,1,0,0,32.5,148.0,102.0,134.7,211.8,73.3,136.3,31.8,Never,Heavy,Moderate,Balanced,6.5,0
P104173,44,Female,0,0,0,0,1,0,0,23.9,119.0,80.0,87.3,215.7,,136.0,119.5,Never,Rare,Sedentary,Balanced,6.2,0
P104174,55,Male,0,0,0,0,1,0,0,20.8,129.0,88.0,,164.6,51.5,141.4,189.3,Never,Rare,Active,Balanced,7.2,0
P104175,50,Female,0,0,0,1,0,0,0,31.6,101.0,80.0,159.4,152.4,38.0,106.1,148.7,Never,Heavy,Sedentary,Balanced,6.7,0
P104176,51,Male,0,0,0,0,0,0,0,22.2,113.0,84.0,87.6,153.8,55.0,74.4,77.2,Never,Moderate,Moderate,Balanced,4.8,0
P104177,50,Female,0,0,0,0,1,0,0,31.0,111.0,82.0,92.7,204.0,29.3,137.2,168.1,Never,Rare,Active,Poor,6.4,0
P104178,51,Male,0,0,0,0,1,0,0,30.0,129.0,82.0,73.4,197.4,31.2,136.2,58.0,Never,Heavy,Active,Balanced,4.8,0
P104179,73,Female,0,0,0,0,0,0,0,30.7,129.0,72.0,87.4,177.9,42.4,122.4,87.8,Never,Rare,Moderate,Balanced,8.4,0
P104180,75,Male,0,1,0,0,0,0,1,28.1,162.0,85.0,,88.1,39.7,74.0,115.1,Current,Rare,Active,Healthy,6.1,0
P104181,58,Male,0,0,0,0,0,0,0,16.9,135.0,65.0,93.2,,51.3,120.6,129.0,Former,Rare,Moderate,Balanced,7.9,0
P104182,51,Female,0,0,0,0,0,0,0,32.4,140.0,86.0,91.5,177.1,66.5,111.7,213.3,Never,Rare,Moderate,Balanced,6.5,0
P104183,61,Female,0,0,0,0,0,0,0,32.3,134.0,93.0,109.9,,61.9,55.6,225.4,Current,Rare,Sedentary,Poor,6.6,0
P104184,42,Female,0,0,0,0,1,0,0,27.5,105.0,74.0,,170.5,48.3,137.4,139.0,Never,Moderate,Sedentary,Balanced,8.2,0
P104185,49,Female,0,0,0,0,1,0,0,27.2,122.0,68.0,109.0,208.9,51.9,129.2,128.7,Never,Rare,Moderate,Balanced,6.9,1
P104186,90,Male,0,0,0,0,0,0,0,24.3,139.0,77.0,72.7,171.8,40.9,122.9,,Never,Rare,Active,Healthy,6.4,0
P104187,56,Male,0,0,0,0,0,0,0,24.5,107.0,78.0,96.6,137.3,51.5,104.2,167.5,Never,Rare,Sedentary,Balanced,6.3,0
P104188,60,Other,1,0,0,0,0,0,0,38.7,132.0,96.0,88.5,183.9,43.2,115.4,148.0,Former,Rare,Moderate,Healthy,5.9,0
P104189,59,Female,0,0,0,0,0,0,0,26.9,123.0,73.0,92.9,152.1,45.6,112.7,206.1,Never,Rare,Moderate,Balanced,4.8,0
P104190,43,Male,0,0,0,0,0,0,0,20.7,116.0,76.0,80.1,143.1,41.8,78.2,192.3,Current,Rare,Sedentary,Poor,8.9,0
P104191,37,Male,0,0,0,0,1,0,0,24.5,,91.0,51.3,204.0,42.8,125.4,108.1,Never,Rare,Moderate,Healthy,7.2,0
P104192,81,Female,0,1,0,1,0,0,0,30.4,161.0,82.0,145.4,179.7,42.4,104.8,133.0,Never,Rare,Sedentary,Poor,8.6,0
P104193,90,Male,0,0,0,0,1,1,0,33.2,160.0,93.0,,220.2,41.5,151.6,87.2,Former,Rare,Sedentary,Healthy,7.8,1
P104194,60,Female,0,0,0,0,0,0,0,20.8,131.0,76.0,81.4,117.9,44.5,71.2,131.6,Never,Rare,Moderate,Balanced,7.1,0
P104195,49,Female,0,0,0,0,1,0,0,25.3,126.0,86.0,88.9,231.8,73.9,152.1,41.8,Former,Rare,Moderate,Healthy,8.5,0
P104196,55,Female,0,0,0,0,0,0,0,19.5,119.0,62.0,100.1,169.8,,,184.2,Never,Rare,Active,Poor,5.7,0
P104197,46,Female,0,0,0,0,1,0,0,26.8,,78.0,103.7,168.8,52.1,148.3,111.2,Never,Rare,Moderate,Balanced,8.5,0
P104198,53,Female,0,0,0,0,0,0,0,18.7,109.0,71.0,93.5,178.3,66.6,102.5,175.8,Never,Rare,Moderate,Healthy,6.7,0
P104199,48,Male,0,0,0,1,0,0,0,,133.0,87.0,171.4,170.3,50.5,100.2,,Former,Moderate,Sedentary,Balanced,6.5,0
P104200,48,Female,0,0,0,0,1,0,0,14.0,102.0,72.0,100.5,243.8,67.4,167.3,210.0,Former,Rare,Moderate,Balanced,7.4,0
P104201,33,Male,0,0,0,0,1,0,0,22.0,95.0,76.0,90.4,236.2,50.9,130.5,172.5,Never,Heavy,Moderate,Poor,7.4,0
P104202,50,Male,0,0,0,0,0,0,0,29.4,144.0,78.0,111.7,,65.3,,143.3,Never,Rare,Moderate,Balanced,6.9,0
P104203,44,Male,0,0,0,0,1,0,0,25.1,106.0,77.0,88.6,173.9,45.7,143.0,270.6,Never,Rare,Active,Poor,6.8,0
P104204,47,Female,1,0,0,1,0,0,0,25.9,96.0,81.0,142.3,117.0,46.1,80.6,135.5,Never,Rare,Moderate,Healthy,6.4,0
P104205,68,Male,0,0,0,0,1,0,0,,136.0,63.0,112.5,205.0,37.1,119.5,157.3,Never,Rare,Moderate,Poor,8.2,0
P104206,54,Male,1,0,0,0,0,0,0,19.6,104.0,65.0,82.8,167.5,58.8,109.0,164.2,Never,Rare,Moderate,Healthy,8.6,0
P104207,67,Male,0,0,0,0,1,1,0,32.1,134.0,74.0,,213.3,66.3,138.2,239.3,Never,Rare,Moderate,Poor,5.2,0
P104208,45,Female,0,0,0,0,0,0,0,28.7,137.0,76.0,82.7,147.6,35.4,,175.6,Never,Rare,Sedentary,Poor,7.5,0
P104209,42,Female,0,1,0,0,1,0,0,30.2,160.0,78.0,102.4,215.6,47.8,136.2,50.8,Former,Moderate,Moderate,Poor,6.6,0
P104210,57,Male,1,0,0,0,0,0,0,18.4,141.0,74.0,88.3,172.4,48.2,72.2,148.2,Current,Moderate,Moderate,Healthy,6.3,0
P104211,35,Male,0,0,0,1,1,0,0,30.7,118.0,69.0,,193.1,47.5,154.4,210.8,Never,Rare,Moderate,Balanced,5.8,0
P104212,56,Male,0,0,0,0,0,0,0,25.8,123.0,66.0,108.5,143.2,65.8,91.4,195.9,Never,Rare,Moderate,Balanced,7.4,0
P104213,42,Female,1,0,0,0,0,0,0,28.1,118.0,79.0,85.2,181.3,59.6,125.1,14.9,Former,Rare,Moderate,Balanced,6.8,0
P104214,90,Female,0,0,1,1,0,1,1,29.0,156.0,83.0,214.7,168.7,52.0,111.6,152.2,Never,Moderate,Sedentary,Balanced,8.2,0
P104215,63,Male,0,0,0,0,0,0,0,29.1,127.0,90.0,88.7,120.3,40.5,99.3,151.9,Never,Moderate,Active,Poor,8.0,0
P104216,18,Male,1,0,0,0,0,0,0,22.8,85.0,76.0,90.0,168.7,28.1,93.1,174.4,Never,Rare,Moderate,Poor,7.7,0
P104217,51,Female,0,0,0,0,0,0,0,31.6,141.0,71.0,110.4,153.3,34.2,104.0,145.1,Never,Moderate,Sedentary,Balanced,7.0,0
P104218,70,Female,0,0,0,0,0,0,0,24.8,138.0,80.0,105.9,,45.8,88.0,128.5,Never,Rare,Moderate,Poor,7.8,0
P104219,50,Male,0,0,0,0,0,0,0,22.9,118.0,75.0,106.9,165.5,40.7,115.0,81.6,Never,Rare,Sedentary,Balanced,7.2,0
P104220,58,Male,0,0,0,0,1,0,0,24.1,110.0,71.0,89.2,217.8,60.1,125.6,148.5,Never,Heavy,Moderate,Balanced,7.4,0
P104221,72,Female,0,0,0,0,0,0,0,34.7,141.0,62.0,106.3,146.1,52.9,111.4,125.1,Never,Rare,Sedentary,Healthy,7.3,0
P104222,75,Male,0,0,0,0,1,0,0,26.1,144.0,,78.3,205.0,62.7,113.7,138.1,Never,Rare,Moderate,Poor,4.7,0
P104223,66,Female,0,0,0,0,1,1,0,25.4,143.0,77.0,88.9,203.5,40.4,139.3,182.1,Never,Moderate,Moderate,Poor,7.6,1
P104224,65,Female,0,0,0,0,0,0,0,25.0,114.0,72.0,108.5,195.3,45.0,102.4,128.1,Current,Rare,Sedentary,Balanced,3.9,0
P104225,62,Female,0,0,1,0,0,0,0,25.4,139.0,87.0,97.7,165.6,45.6,127.8,140.1,Former,Rare,Moderate,Healthy,4.4,0
P104226,37,Male,0,0,0,0,1,0,0,35.7,123.0,84.0,85.0,243.9,63.3,147.5,83.9,Former,Rare,Sedentary,Balanced,6.5,0
P104227,58,Female,1,0,0,0,0,0,0,22.1,129.0,81.0,89.2,177.8,60.9,84.4,,Never,Rare,Moderate,Poor,7.9,0
P104228,61,Female,0,0,0,0,0,0,0,22.0,123.0,70.0,99.0,153.0,37.5,,138.9,Never,Rare,Sedentary,Poor,8.1,0
P104229,23,Female,0,0,0,0,0,0,0,27.7,101.0,68.0,72.7,149.5,24.9,109.6,174.0,Never,Moderate,Active,Poor,7.9,0
P104230,65,Female,0,0,0,0,0,0,0,31.2,137.0,78.0,93.0,191.5,71.8,113.5,194.0,Never,Rare,Moderate,Poor,7.4,0
P104231,66,Male,0,0,0,0,1,1,0,22.9,130.0,73.0,87.9,217.0,48.2,161.4,,Never,Rare,Sedentary,Balanced,4.9,1
P104232,45,Female,0,0,0,0,1,0,0,26.3,122.0,82.0,99.9,202.3,40.9,141.7,140.8,Former,Rare,Moderate,Balanced,6.7,0
P104233,60,Female,0,0,1,0,1,0,0,24.9,135.0,83.0,104.4,186.8,44.8,130.3,115.4,Never,Rare,Moderate,Healthy,7.7,0
P104234,59,Male,0,0,0,0,0,0,0,31.2,130.0,77.0,,183.1,54.3,98.6,148.5,Never,Rare,Active,Healthy,7.9,0
P104235,55,Female,0,0,0,0,0,0,0,22.6,121.0,83.0,95.8,145.5,62.5,115.7,177.8,Never,Rare,Active,Balanced,8.3,0
P104236,59,Male,0,0,0,1,0,0,0,25.5,125.0,75.0,173.1,181.6,25.8,87.3,97.3,Never,Rare,Moderate,Balanced,7.3,0
P104237,41,Male,0,0,0,0,0,0,0,28.1,110.0,77.0,96.1,161.2,57.3,100.2,170.9,Never,Rare,Active,Healthy,5.3,0
P104238,56,Male,0,0,0,0,1,0,0,23.9,114.0,71.0,99.9,208.3,49.7,132.3,-17.4,Current,Heavy,Moderate,Healthy,7.4,0
P104239,66,Male,0,0,0,0,1,0,0,25.6,144.0,84.0,108.2,221.9,45.0,106.0,224.7,Never,Moderate,Moderate,Balanced,6.9,0
P104240,30,Female,0,0,0,0,0,0,0,31.2,109.0,73.0,105.2,144.4,28.7,84.4,91.8,Current,Rare,Sedentary,Balanced,6.4,0
P104241,63,Male,0,1,0,0,1,0,0,34.6,156.0,83.0,88.2,283.6,49.5,194.4,221.8,Never,Rare,Sedentary,Balanced,6.1,0
P104242,26,Male,1,0,0,0,0,0,0,34.8,93.0,83.0,82.2,132.0,59.4,90.2,,Never,Moderate,Moderate,Healthy,7.6,0
P104243,72,Female,0,0,0,0,0,0,0,21.8,113.0,84.0,91.1,188.2,59.2,112.8,172.8,Never,Heavy,Active,Healthy,5.9,0
P104244,65,Female,0,0,1,0,0,0,0,,127.0,88.0,,180.7,36.1,123.8,70.3,Current,Rare,Active,Healthy,6.2,0
P104245,47,Male,0,0,0,0,0,0,0,21.8,113.0,68.0,96.5,166.7,32.4,87.7,113.1,Never,Rare,Moderate,Balanced,6.6,0
P104246,58,Female,0,0,0,0,0,0,0,24.3,92.0,77.0,97.6,168.5,16.8,103.5,194.5,Never,Rare,Moderate,Balanced,7.8,0
P104247,47,Female,0,0,0,0,1,0,0,17.0,100.0,79.0,76.5,201.1,48.9,128.0,,Former,Heavy,Active,Healthy,8.5,0
P104248,41,Male,1,0,0,0,1,0,0,21.1,118.0,70.0,91.2,227.1,66.8,135.2,32.4,Never,Moderate,Moderate,Balanced,7.7,0
P104249,48,Female,0,0,0,0,1,0,0,26.5,114.0,81.0,98.6,207.1,57.3,142.5,147.0,Never,Rare,Moderate,Balanced,7.5,0
P104250,56,Female,1,0,0,0,1,0,0,19.9,126.0,79.0,100.4,208.3,31.0,121.3,177.4,Never,Heavy,Moderate,Poor,6.4,0
P104251,41,Female,0,0,0,0,1,0,0,23.3,111.0,90.0,103.7,234.3,52.6,147.4,225.6,Never,Rare,Active,Poor,6.5,0
P104252,46,Female,0,0,0,0,0,0,0,26.7,146.0,79.0,93.3,139.3,62.8,85.0,138.1,Never,Moderate,Sedentary,Balanced,6.3,0
P104253,42,Male,0,0,0,0,0,0,0,28.4,113.0,80.0,88.5,178.3,54.4,91.4,88.8,Never,Rare,Sedentary,Balanced,7.9,0
P104254,46,Female,0,0,0,0,1,0,0,25.4,111.0,64.0,75.3,261.2,38.4,159.5,47.9,Never,Rare,Active,Healthy,8.7,0
P104255,35,Male,1,0,0,0,0,0,0,24.5,122.0,69.0,86.0,195.1,61.2,,197.8,Former,Rare,Active,Poor,6.4,0
P104256,38,Female,0,0,0,0,0,0,0,22.1,115.0,70.0,110.7,141.5,46.6,84.2,185.1,Former,Rare,Moderate,Balanced,7.4,0
P104257,65,Female,0,0,0,0,1,0,0,27.6,140.0,78.0,81.9,232.9,29.2,162.1,196.1,Never,Rare,Active,Poor,8.3,0
P104258,73,Female,0,0,1,0,0,0,1,,123.0,88.0,117.9,127.5,39.5,69.4,203.8,Current,Rare,Active,Healthy,8.3,0
P104259,41,Male,1,0,0,0,1,0,0,22.7,106.0,72.0,98.0,218.0,58.6,163.6,32.5,Former,Moderate,Active,Balanced,6.3,0
P104260,50,Male,0,1,0,0,1,0,0,26.5,137.0,84.0,110.0,201.7,44.9,145.1,51.1,Never,Moderate,Moderate,Poor,8.6,0
P104261,49,Other,0,0,0,0,0,0,0,,141.0,67.0,101.3,154.8,50.3,87.9,201.3,Never,Rare,Sedentary,Healthy,6.3,0
P104262,37,Female,0,0,0,0,0,0,0,29.8,111.0,70.0,101.8,132.0,63.3,86.5,105.6,Former,Moderate,Active,Balanced,5.2,0
P104263,47,Male,0,0,0,0,0,0,0,31.1,131.0,73.0,,171.1,58.5,102.2,102.6,Current,Heavy,Sedentary,Balanced,6.8,0
P104264,23,Male,0,0,0,0,0,0,0,31.7,118.0,86.0,94.5,191.8,43.2,102.2,188.9,Current,Moderate,Active,Balanced,8.3,0
P104265,63,Female,0,1,0,1,0,0,0,31.4,135.0,100.0,154.3,104.8,35.7,66.2,226.3,Never,Heavy,Active,Poor,6.3,0
P104266,45,Male,0,0,0,0,1,0,0,27.1,128.0,73.0,71.0,208.2,,141.5,124.9,Current,Moderate,Sedentary,Balanced,7.7,0
P104267,51,Female,0,0,0,0,0,0,0,20.9,115.0,67.0,107.0,152.8,38.5,94.2,96.9,Never,Moderate,Sedentary,Balanced,6.8,0
P104268,61,Male,0,0,0,1,0,0,0,24.3,121.0,81.0,134.5,186.5,54.0,122.1,117.8,Never,Rare,Active,Balanced,7.3,0
P104269,18,Male,0,0,0,0,1,0,0,19.0,116.0,81.0,82.6,205.8,47.7,149.6,40.8,Never,Moderate,Moderate,Balanced,9.5,0
P104270,56,Female,0,0,0,0,1,0,0,22.3,117.0,82.0,101.8,204.0,71.2,123.4,151.9,Never,Rare,Active,Healthy,7.9,0
P104271,44,Male,0,0,0,1,0,0,0,29.2,105.0,79.0,119.0,118.3,33.5,75.9,275.0,Never,Rare,Moderate,Healthy,8.2,0
P104272,23,Male,0,0,0,0,1,0,0,23.9,98.0,66.0,90.2,203.8,41.7,116.5,,Former,Moderate,Sedentary,Balanced,6.2,0
P104273,59,Female,0,0,0,0,1,0,0,23.1,127.0,86.0,92.4,218.9,53.5,150.9,56.5,Never,Rare,Moderate,Balanced,7.1,0
P104274,62,Female,0,0,0,0,0,0,0,24.4,,,95.6,107.9,,75.4,191.6,Never,Heavy,Moderate,Balanced,5.9,0
P104275,37,Male,0,0,0,0,0,0,0,20.6,110.0,81.0,91.9,155.0,47.3,110.3,123.8,Current,Heavy,Active,Healthy,7.2,0
P104276,68,Male,1,0,0,0,1,0,0,23.6,125.0,66.0,91.8,257.7,57.6,183.5,68.9,Never,Rare,Active,Balanced,8.2,0
P104277,26,Female,0,0,0,0,0,0,0,30.7,122.0,69.0,101.1,104.8,45.1,46.7,144.8,Never,Rare,Sedentary,Healthy,7.6,0
P104278,61,Male,0,0,0,0,0,0,0,35.2,135.0,88.0,106.2,99.5,,62.8,85.0,Never,Rare,Sedentary,Poor,8.0,0
P104279,26,Female,0,0,0,0,0,0,0,26.8,99.0,77.0,86.8,188.2,66.6,120.6,104.3,Never,Moderate,Moderate,Healthy,6.5,0
P104280,43,Female,0,1,0,0,1,0,0,30.5,150.0,85.0,91.0,,55.4,136.0,92.0,Current,Rare,Sedentary,Balanced,7.5,0
P104281,37,Male,0,0,0,0,1,0,0,26.1,115.0,81.0,90.9,166.6,37.6,142.6,169.1,Never,Rare,Active,Balanced,7.7,0
P104282,59,Female,0,0,1,0,0,0,0,25.8,141.0,85.0,109.1,164.3,40.6,88.6,206.5,Never,Rare,Active,Poor,7.2,0
P104283,52,Female,0,0,0,0,0,0,0,32.9,115.0,92.0,104.9,142.8,67.4,,,Current,Moderate,Moderate,Healthy,7.1,0
P104284,77,Male,0,0,0,0,0,1,0,23.6,132.0,74.0,100.5,114.8,43.5,47.2,192.5,Former,Rare,Sedentary,Healthy,4.5,0
P104285,51,Female,0,0,0,0,0,0,0,28.5,134.0,72.0,103.9,190.8,74.7,113.1,139.6,Never,Moderate,Moderate,Poor,5.1,0
P104286,74,Male,0,0,1,1,0,0,0,28.2,133.0,71.0,111.2,152.1,47.1,128.8,80.8,Never,Moderate,Sedentary,Balanced,7.5,0
P104287,70,Female,1,0,0,0,0,0,0,20.2,116.0,76.0,85.8,181.3,74.3,109.6,135.6,Former,Rare,Moderate,Balanced,7.2,0
P104288,61,Male,0,0,0,0,0,0,0,24.6,119.0,77.0,75.7,191.5,68.7,116.5,153.8,Former,Heavy,Moderate,Healthy,4.9,0
P104289,55,Female,0,0,0,0,0,0,0,24.1,122.0,71.0,90.5,135.1,43.5,119.6,,Current,Moderate,Moderate,Balanced,5.1,0
P104290,24,Male,0,0,0,0,0,0,0,30.8,106.0,84.0,94.3,187.8,80.8,124.1,,Current,Rare,Moderate,Poor,6.2,0
P104291,55,Female,0,0,0,1,1,0,0,28.7,,86.0,166.1,202.3,35.4,141.0,161.2,Never,Rare,Sedentary,Balanced,6.6,0
P104292,72,Male,0,0,0,0,0,0,0,30.6,134.0,,97.7,134.5,28.9,97.8,198.9,Never,Heavy,Sedentary,Balanced,5.6,0
P104293,32,Female,0,0,0,0,0,0,0,22.7,96.0,,85.9,179.3,43.2,111.9,154.1,Never,Rare,Moderate,Healthy,6.3,0
P104294,39,Male,0,0,0,0,0,0,0,,107.0,,67.5,156.3,37.6,113.2,156.2,Never,Moderate,Moderate,Balanced,6.4,0
P104295,31,Male,0,0,0,0,1,0,0,20.1,88.0,72.0,90.6,234.4,65.6,,109.6,Never,Rare,Moderate,Balanced,6.1,0
P104296,52,Male,0,0,0,0,0,0,0,28.5,,80.0,82.3,155.2,55.5,101.0,,Never,Moderate,Moderate,Healthy,5.3,0
P104297,87,Female,0,0,0,0,0,1,0,26.7,143.0,82.0,83.4,191.8,47.8,120.1,156.0,Never,Rare,Moderate,Balanced,5.5,0
P104298,85,Female,0,0,0,1,0,0,1,22.6,138.0,75.0,224.4,170.8,58.5,124.0,113.9,Current,Rare,Sedentary,Healthy,8.5,0
P104299,41,Male,0,0,0,0,1,0,0,27.1,119.0,83.0,83.2,168.1,21.2,132.8,206.6,Never,Rare,Sedentary,Balanced,6.7,0
P104300,36,Male,0,0,0,0,0,0,0,32.6,108.0,86.0,97.9,149.7,60.0,76.1,207.6,Former,Moderate,Active,Balanced,9.3,0
P104301,24,Other,1,0,0,0,1,0,0,29.0,114.0,70.0,92.7,154.1,63.7,142.1,241.7,Never,Moderate,Sedentary,Healthy,7.0,0
P104302,50,Male,0,0,0,0,1,0,0,32.7,122.0,,110.2,189.8,51.1,140.6,181.4,Former,Moderate,Moderate,Healthy,6.4,0
P104303,50,Female,0,0,0,0,0,0,0,26.7,108.0,90.0,97.2,72.1,56.2,18.4,56.4,Never,Rare,Active,Poor,6.1,0
P104304,53,Male,0,0,0,0,0,0,0,32.0,124.0,85.0,90.9,140.8,52.1,106.9,26.2,Current,Rare,Active,Balanced,6.7,0
P104305,66,Male,0,1,0,0,1,0,0,26.6,134.0,80.0,99.2,214.5,51.0,137.7,125.8,Current,Rare,Moderate,Balanced,6.7,0
P104306,76,Male,0,0,0,0,1,0,0,,123.0,77.0,92.7,221.5,51.8,159.7,225.4,Never,Rare,Sedentary,Balanced,7.3,0
P104307,50,Female,0,0,0,0,0,0,0,15.9,117.0,66.0,78.4,174.0,63.8,129.6,124.4,Never,Rare,Active,Balanced,7.6,0
P104308,56,Female,0,0,0,0,0,0,0,16.8,110.0,71.0,92.5,171.9,51.8,96.4,55.5,Never,Rare,Active,Balanced,6.6,0
P104309,38,Male,0,0,0,1,0,0,0,33.1,119.0,87.0,114.9,177.9,36.0,125.0,260.8,Never,Rare,Sedentary,Poor,5.7,0
P104310,54,Female,0,0,0,0,0,0,0,26.4,120.0,72.0,102.7,135.5,55.1,86.1,179.7,Former,Rare,Moderate,Balanced,6.7,0
P104311,58,Female,1,0,0,1,1,0,0,23.8,123.0,75.0,141.9,199.2,52.0,,119.6,Former,Moderate,Moderate,Healthy,6.8,0
P104312,68,Male,0,1,1,0,0,1,0,,127.0,85.0,91.6,192.3,51.9,89.0,139.1,Current,Rare,Moderate,Balanced,7.9,0
P104313,75,Male,0,0,0,0,1,0,1,29.2,141.0,87.0,95.6,219.8,52.1,142.4,188.0,Never,Rare,Sedentary,Balanced,6.1,0
P104314,52,Female,0,0,0,0,0,0,0,19.6,123.0,81.0,90.3,186.5,62.2,110.5,29.8,Never,Rare,Moderate,Healthy,5.8,0
P104315,71,Male,0,0,0,0,1,0,0,25.8,148.0,85.0,111.7,220.6,52.2,151.4,161.6,Never,Moderate,Active,Healthy,6.8,0
P104316,55,Male,0,0,0,0,0,0,0,30.9,146.0,71.0,102.1,164.3,62.7,118.0,112.6,Never,Rare,Sedentary,Healthy,7.6,0
P104317,52,Female,0,0,0,0,0,0,0,29.3,139.0,91.0,109.6,147.3,61.1,78.2,177.2,Never,Rare,Moderate,Balanced,7.1,0
P104318,46,Female,0,0,0,1,1,0,0,32.2,130.0,87.0,179.6,211.4,47.5,123.0,222.7,Never,Rare,Moderate,Poor,7.1,0
P104319,83,Male,0,0,1,1,0,0,0,22.7,130.0,68.0,110.9,67.4,64.1,20.5,156.4,Never,Moderate,Moderate,Balanced,8.6,1
P104320,71,Female,0,0,0,0,1,0,1,26.0,124.0,73.0,104.0,214.2,50.9,160.0,194.3,Never,Rare,Sedentary,Balanced,7.1,0
P104321,77,Female,0,0,0,0,1,0,0,26.7,113.0,79.0,104.1,203.9,59.0,129.4,83.8,Never,Rare,Sedentary,Healthy,8.3,0
P104322,65,Female,0,0,0,0,0,0,0,26.1,135.0,91.0,96.3,126.4,48.0,55.4,247.8,Never,Moderate,Sedentary,Balanced,4.6,0
P104323,67,Female,0,0,0,0,0,0,0,22.0,117.0,77.0,91.3,152.7,39.0,99.0,131.7,Never,Moderate,Active,Balanced,6.2,1
P104324,58,Male,0,0,0,0,0,0,0,26.7,123.0,94.0,99.8,,50.2,,146.9,Never,Moderate,Moderate,Balanced,7.7,0
P104325,70,Male,0,0,0,0,1,0,1,33.4,140.0,94.0,100.7,202.0,61.3,148.4,103.3,Current,Rare,Sedentary,Poor,5.9,0
P104326,67,Male,0,0,0,0,1,1,0,19.5,116.0,76.0,107.8,203.0,44.6,155.0,-76.6,Current,Heavy,Moderate,Balanced,5.4,0
P104327,54,Male,0,0,0,0,1,0,0,23.8,127.0,63.0,103.3,205.4,78.5,133.2,134.9,Current,Rare,Moderate,Balanced,6.9,0
P104328,67,Male,0,1,0,0,0,0,0,29.2,151.0,92.0,107.9,138.0,51.8,79.1,115.6,Current,Rare,Active,Poor,6.2,0
P104329,36,Male,0,0,0,0,1,0,0,,,,98.1,240.4,51.5,181.3,115.0,Never,Rare,Sedentary,Healthy,6.1,0
P104330,62,Male,0,0,0,0,0,1,0,24.2,117.0,84.0,107.5,191.6,57.8,120.7,181.4,Former,Rare,Moderate,Balanced,6.5,0
P104331,62,Female,0,0,0,0,1,0,1,17.3,123.0,65.0,83.0,205.9,67.4,97.9,138.6,Never,Heavy,Moderate,Balanced,6.7,0
P104332,57,Male,0,1,0,0,0,0,0,31.1,157.0,84.0,103.3,150.2,56.3,89.8,154.5,Never,Heavy,Sedentary,Balanced,8.0,0
P104333,75,Female,0,0,0,0,1,0,1,26.8,133.0,80.0,82.8,206.3,52.0,149.4,212.9,Never,Rare,Moderate,Balanced,6.6,0
P104334,60,Male,0,0,0,0,1,0,0,28.3,145.0,78.0,97.9,201.2,,140.0,109.2,Former,Rare,Sedentary,Poor,9.7,0
P104335,56,Female,0,0,0,0,1,0,0,23.6,128.0,83.0,119.6,195.3,51.6,137.3,137.6,Former,Moderate,Moderate,Poor,6.8,0
P104336,59,Male,0,0,0,0,0,0,0,30.1,136.0,77.0,102.5,194.4,58.9,114.7,169.7,Former,Moderate,Moderate,Poor,7.8,0
P104337,58,Male,0,0,0,0,1,0,0,22.3,127.0,84.0,95.4,235.4,41.4,140.5,99.6,Never,Rare,Sedentary,Healthy,7.3,0
P104338,47,Female,0,0,0,0,1,0,0,24.1,116.0,73.0,94.3,230.1,53.2,142.5,119.4,Never,Rare,Sedentary,Balanced,8.1,0
P104339,51,Male,0,0,0,0,1,0,0,22.6,127.0,75.0,,205.8,54.6,114.4,109.9,Current,Rare,Sedentary,Balanced,7.3,0
P104340,61,Male,1,1,0,0,0,0,0,30.7,140.0,95.0,119.9,179.9,50.6,127.2,122.8,Former,Rare,Moderate,Poor,9.1,0
P104341,54,Female,0,0,0,0,1,0,0,34.2,142.0,76.0,100.7,163.8,41.4,132.2,141.9,Never,Heavy,Sedentary,Balanced,7.2,0
P104342,73,Female,0,0,0,0,1,0,0,30.9,156.0,77.0,95.5,238.4,59.8,200.3,111.2,Never,Moderate,Active,Poor,5.0,0
P104343,41,Male,0,0,0,0,1,0,0,28.5,,83.0,107.7,209.5,39.1,,157.1,Never,Rare,Sedentary,Balanced,6.4,0
P104344,45,Female,0,0,0,0,0,0,0,24.0,120.0,79.0,103.5,142.1,61.5,117.1,99.6,Current,Rare,Moderate,Balanced,6.0,0
P104345,54,Other,0,0,0,1,0,0,0,30.5,123.0,81.0,126.7,142.0,59.0,110.9,90.4,Never,Rare,Sedentary,Healthy,5.4,0
P104346,60,Male,0,0,0,0,1,0,0,30.3,147.0,71.0,87.2,165.8,36.9,135.6,,Never,Moderate,Moderate,Balanced,6.6,0
P104347,42,Female,0,0,0,0,0,0,0,22.1,111.0,67.0,91.9,123.1,67.7,115.8,211.4,Current,Rare,Moderate,Poor,7.4,0
P104348,72,Male,0,0,0,0,0,0,0,21.8,119.0,70.0,100.5,177.4,56.6,91.5,161.7,Never,Moderate,Active,Healthy,9.0,0
P104349,33,Female,0,0,0,0,0,0,0,20.8,102.0,71.0,99.2,159.7,,87.0,111.5,Former,Rare,Moderate,Balanced,7.6,0
P104350,72,Female,0,0,1,0,0,0,0,25.0,143.0,83.0,111.5,156.4,60.2,106.0,116.7,Former,Rare,Moderate,Balanced,9.4,0
P104351,45,Female,0,0,0,0,1,0,0,,122.0,87.0,91.6,195.3,42.7,145.6,122.2,Former,Rare,Sedentary,Balanced,6.6,0
P104352,48,Male,0,0,0,0,1,0,0,16.6,114.0,74.0,104.3,180.4,74.4,139.1,249.5,Never,Rare,Active,Poor,4.8,1
P104353,48,Female,0,1,0,0,1,0,0,33.6,142.0,85.0,98.6,186.5,22.8,138.8,141.7,Never,Moderate,Moderate,Poor,6.0,0
P104354,43,Female,0,0,0,0,1,0,0,23.7,117.0,84.0,81.2,201.8,45.2,,113.4,Current,Rare,Moderate,Balanced,9.0,0
P104355,54,Male,0,0,0,0,0,0,0,24.8,132.0,82.0,96.4,150.6,59.6,93.9,87.1,Former,Rare,Moderate,Balanced,7.1,0
P104356,52,Female,0,0,0,0,0,0,0,21.8,128.0,82.0,92.2,168.3,54.8,120.0,162.1,Never,Moderate,Active,Balanced,6.4,0
P104357,42,Female,0,0,0,0,0,0,0,24.6,119.0,79.0,93.6,155.5,48.5,87.2,198.7,Never,Rare,Moderate,Healthy,5.5,0
P104358,47,Male,0,0,0,0,1,0,0,22.9,124.0,75.0,103.5,202.2,46.4,103.9,218.9,Former,Rare,Active,Balanced,5.8,0
P104359,35,Female,0,0,0,0,0,0,0,,115.0,76.0,93.4,193.4,68.5,129.6,78.9,Never,Rare,Moderate,Poor,6.6,0
P104360,58,Male,0,1,0,1,1,0,0,36.5,156.0,89.0,157.3,225.9,38.0,153.6,14.8,Current,Rare,Active,Healthy,6.1,0
P104361,55,Female,0,0,0,0,0,0,0,19.5,129.0,81.0,82.2,125.7,42.9,79.1,,Current,Rare,Sedentary,Balanced,7.6,0
P104362,76,Female,0,0,0,1,0,1,0,21.5,129.0,68.0,158.1,131.1,50.9,79.2,159.1,Never,Rare,Sedentary,Balanced,8.1,1
P104363,50,Female,0,0,0,0,1,0,0,21.9,137.0,79.0,89.5,249.3,35.0,,,Former,Moderate,Moderate,Balanced,6.3,0
P104364,61,Female,0,0,1,1,1,0,0,25.8,144.0,70.0,234.8,202.6,83.9,,150.7,Never,Rare,Moderate,Poor,6.5,0
P104365,58,Male,0,0,0,0,0,0,0,27.7,133.0,80.0,100.9,132.5,58.5,127.4,126.4,Former,Rare,Sedentary,Healthy,7.7,1
P104366,34,Male,0,0,0,0,0,0,0,27.4,102.0,65.0,93.2,157.7,53.8,90.9,188.3,Never,Rare,Moderate,Balanced,7.2,0
P104367,63,Male,0,0,0,0,1,0,0,31.3,131.0,86.0,99.5,192.0,57.3,144.8,152.9,Never,Rare,Moderate,Poor,7.3,0
P104368,55,Male,0,0,0,0,0,0,0,24.3,123.0,70.0,82.0,158.2,48.2,102.4,66.9,Former,Moderate,Sedentary,Poor,5.9,0
P104369,42,Female,1,0,0,0,0,0,0,20.9,116.0,74.0,99.0,158.4,48.8,87.4,217.0,Former,Rare,Moderate,Healthy,7.3,0
P104370,51,Male,0,0,0,0,0,0,0,28.2,120.0,94.0,100.8,152.2,49.0,105.8,52.3,Former,Rare,Active,Poor,,0
P104371,74,Male,0,0,0,1,0,1,0,36.1,153.0,76.0,131.5,188.8,67.8,113.5,74.8,Former,Rare,Active,Poor,7.9,0
P104372,42,Female,0,0,0,0,0,0,0,17.2,113.0,81.0,88.9,154.8,,125.5,133.6,Never,Moderate,Moderate,Balanced,7.5,0
P104373,61,Female,0,0,0,0,0,0,0,22.3,109.0,77.0,98.8,189.9,63.6,100.9,107.3,Never,Rare,Active,Healthy,7.6,0
P104374,44,Other,0,0,0,0,1,0,0,32.6,136.0,79.0,92.1,160.7,58.1,135.8,276.2,Former,Rare,Moderate,Healthy,7.9,0
P104375,49,Male,0,0,0,0,0,0,0,22.9,122.0,89.0,101.7,190.6,43.4,118.5,110.5,Former,Rare,Moderate,Balanced,7.1,0
P104376,57,Female,0,0,0,0,0,0,0,27.2,138.0,87.0,102.5,152.1,35.3,92.6,234.4,Former,Rare,Moderate,Poor,7.9,0
P104377,52,Female,0,0,0,0,1,0,0,20.6,134.0,84.0,88.3,169.4,41.5,143.5,144.4,Never,Rare,Moderate,Balanced,8.6,0
P104378,79,Female,0,0,0,0,0,0,0,27.4,113.0,78.0,89.0,81.9,28.8,54.3,105.4,Never,Moderate,Active,Balanced,7.5,1
P104379,29,Female,0,0,0,0,0,0,0,29.3,113.0,74.0,90.3,138.0,59.1,74.8,210.3,Current,Rare,Moderate,Balanced,5.7,0
P104380,52,Male,0,1,0,0,1,0,0,26.1,149.0,81.0,95.8,215.0,54.3,106.4,120.6,Never,Moderate,Active,Balanced,6.0,0
P104381,45,Female,0,0,0,0,0,0,0,32.3,125.0,76.0,75.1,82.2,60.6,56.9,202.0,Never,Moderate,Active,Balanced,7.6,0
P104382,75,Male,0,0,0,0,0,0,0,23.6,132.0,88.0,99.0,177.5,52.1,114.6,129.6,Former,Rare,Active,Poor,6.3,1
P104383,52,Male,0,0,0,0,0,0,0,26.0,143.0,69.0,73.4,178.0,43.6,102.3,91.2,Never,Rare,Sedentary,Balanced,6.9,0
P104384,41,Female,0,0,0,1,0,0,0,,118.0,91.0,151.9,96.4,39.7,76.2,164.7,Current,Moderate,Moderate,Poor,7.5,0
P104385,52,Male,0,0,0,0,1,0,0,26.0,129.0,79.0,113.2,229.9,62.0,,157.6,Former,Rare,Sedentary,Healthy,8.7,0
P104386,50,Female,0,0,0,0,0,0,0,22.9,127.0,75.0,98.2,123.1,28.9,83.1,99.1,Never,Moderate,Moderate,Healthy,8.5,0
P104387,47,Male,0,0,0,0,1,0,0,31.2,120.0,97.0,111.9,216.4,45.5,168.9,149.0,Never,Rare,Sedentary,Healthy,5.3,0
P104388,37,Female,0,0,0,0,1,0,0,30.8,128.0,,94.9,222.7,55.4,150.3,87.0,Never,Rare,Active,Balanced,6.7,0
P104389,66,Female,0,1,0,0,0,0,0,22.0,146.0,86.0,89.6,104.1,62.9,57.6,177.2,Never,Rare,Moderate,Balanced,5.5,0
P104390,55,Male,0,1,0,0,0,0,0,30.7,130.0,91.0,79.9,172.1,39.5,112.1,,Current,Rare,Moderate,Balanced,7.9,0
P104391,51,Male,0,0,0,0,0,0,0,,124.0,84.0,113.7,161.8,68.0,110.7,60.1,Never,Heavy,Moderate,Balanced,7.0,0
P104392,54,Male,0,0,0,0,1,0,0,20.6,124.0,72.0,95.1,202.9,57.3,173.1,138.1,Never,Rare,Moderate,Balanced,8.1,0
P104393,70,Male,0,0,1,0,0,0,0,31.5,135.0,79.0,95.5,196.0,43.9,125.8,87.8,Former,Rare,Moderate,Balanced,5.1,0
P104394,56,Male,0,1,0,0,0,0,0,28.7,148.0,87.0,97.3,192.9,39.0,121.8,,Former,Rare,Moderate,Poor,7.2,0
P104395,49,Female,0,0,0,0,1,0,0,22.5,118.0,61.0,95.0,205.7,25.5,132.5,102.2,Never,Moderate,Moderate,Balanced,,0
P104396,61,Female,0,0,0,0,0,0,0,30.0,140.0,76.0,77.4,139.0,40.2,104.5,207.6,Never,Rare,Moderate,Poor,6.0,0
P104397,48,Female,0,0,0,0,0,0,0,25.1,122.0,70.0,103.5,147.2,71.2,94.6,104.1,Never,Rare,Moderate,Poor,6.3,0
P104398,44,Male,0,0,0,1,0,0,0,24.1,136.0,81.0,181.9,140.6,39.2,96.6,118.3,Never,Rare,Active,Healthy,6.1,0
P104399,61,Female,0,0,0,0,0,0,0,21.6,122.0,81.0,111.8,164.8,,93.0,136.9,Never,Moderate,Sedentary,Balanced,6.2,0
P104400,65,Female,0,1,0,1,0,0,1,35.4,146.0,86.0,157.4,197.6,50.0,115.0,216.3,Former,Rare,Sedentary,Balanced,7.7,0
P104401,58,Female,0,0,0,0,0,0,0,23.6,123.0,79.0,87.0,145.1,35.1,99.8,177.9,Former,Rare,Moderate,Balanced,8.2,0
P104402,18,Female,0,0,0,0,1,0,0,,103.0,76.0,85.0,196.7,37.1,133.2,120.5,Former,Rare,Sedentary,Balanced,7.8,0
P104403,62,Female,0,0,0,0,1,0,0,23.7,129.0,73.0,78.7,202.8,,150.5,14.6,Never,Moderate,Sedentary,Balanced,7.0,0
P104404,56,Male,0,0,0,0,1,0,0,25.0,111.0,74.0,76.6,221.5,43.5,167.0,143.5,Never,Rare,Sedentary,Poor,7.3,0
P104405,50,Male,0,0,0,0,1,0,0,29.1,125.0,93.0,105.0,227.1,42.3,142.9,202.4,Never,Rare,Sedentary,Balanced,7.9,0
P104406,56,Male,0,1,1,0,0,0,0,29.1,140.0,80.0,114.9,150.0,33.8,89.9,112.5,Current,Heavy,Active,Healthy,7.6,0
P104407,64,Female,0,0,0,0,0,0,0,24.0,127.0,76.0,83.5,181.9,68.2,125.8,194.4,Former,Rare,Active,Poor,8.1,0
P104408,50,Male,0,0,0,0,0,0,0,34.8,128.0,82.0,88.5,170.5,53.8,114.7,125.5,Former,Rare,Sedentary,Healthy,5.5,0
P104409,53,Female,0,0,0,0,0,0,0,23.9,114.0,86.0,97.7,182.3,53.9,118.4,217.7,Never,Moderate,Sedentary,Balanced,,0
P104410,57,Male,0,1,0,1,0,0,0,37.0,141.0,82.0,183.2,177.7,60.3,103.0,73.0,Never,Rare,Active,Healthy,6.8,0
P104411,49,Female,0,0,0,0,0,0,0,15.8,112.0,84.0,101.0,168.7,56.8,122.1,186.8,Never,Rare,Sedentary,Balanced,6.3,0
P104412,47,Female,0,0,0,1,0,0,0,27.8,,61.0,175.2,109.0,43.4,62.4,,Never,Rare,Moderate,Healthy,7.4,0
P104413,52,Female,0,0,0,0,0,0,0,34.6,137.0,73.0,76.0,180.0,64.5,124.6,,Never,Moderate,Moderate,Poor,,0
P104414,55,Male,1,0,0,0,0,0,0,28.1,125.0,83.0,101.0,168.2,35.9,119.6,100.8,Never,Rare,Active,Poor,8.4,0
P104415,58,Male,0,0,0,0,0,0,0,31.6,127.0,75.0,78.9,192.8,37.6,117.5,66.9,Former,Moderate,Moderate,Balanced,6.7,0
P104416,45,Male,0,0,0,0,0,0,0,34.5,120.0,73.0,109.7,169.6,55.5,101.0,,Never,Moderate,Sedentary,Balanced,5.7,0
P104417,40,Male,0,0,0,0,0,0,0,,109.0,65.0,89.7,138.3,66.6,84.0,142.2,Never,Heavy,Active,Healthy,7.2,0
P104418,47,Female,0,0,0,0,0,0,0,17.4,99.0,78.0,85.4,145.9,31.0,85.1,236.9,Never,Rare,Moderate,Healthy,7.1,0
P104419,70,Female,0,0,0,0,0,0,0,19.9,127.0,84.0,90.2,174.2,37.8,95.6,143.5,Never,Rare,Active,Balanced,7.2,0
P104420,36,Female,0,0,0,0,0,0,0,38.2,136.0,81.0,79.8,165.9,44.4,124.8,65.9,Current,Rare,Moderate,Poor,7.7,0
P104421,85,Female,1,1,0,0,1,0,0,24.0,156.0,68.0,87.3,209.5,43.8,140.6,125.6,Never,Rare,Moderate,Balanced,7.3,0
P104422,72,Male,0,1,1,0,0,0,0,32.4,,99.0,86.5,142.4,37.2,58.5,103.0,Never,Rare,Sedentary,Balanced,8.1,0
P104423,76,Male,0,0,0,1,1,0,1,31.7,151.0,81.0,160.3,277.4,62.8,189.7,142.9,Current,Rare,Moderate,Poor,7.5,1
P104424,57,Male,1,0,0,0,1,0,0,20.8,130.0,80.0,84.5,236.9,31.0,178.0,213.3,Never,Moderate,Moderate,Balanced,7.8,0
P104425,46,Female,0,0,0,0,1,0,0,25.2,108.0,85.0,117.0,214.5,42.0,165.0,184.5,Never,Rare,Sedentary,Balanced,5.7,0
P104426,65,Female,0,0,0,0,1,0,0,25.6,118.0,75.0,90.8,200.7,53.2,158.5,104.3,Never,Rare,Active,Poor,8.1,0
P104427,50,Female,0,0,0,0,0,0,0,16.9,127.0,72.0,113.6,167.9,42.3,91.4,114.4,Never,Rare,Moderate,Balanced,6.1,0
P104428,59,Male,0,0,0,0,0,0,0,21.8,124.0,81.0,94.4,158.6,64.9,126.8,153.4,Never,Rare,Moderate,Healthy,7.7,0
P104429,51,Female,0,0,0,0,0,0,0,32.9,135.0,81.0,97.7,156.1,28.9,108.2,192.2,Never,Rare,Sedentary,Healthy,7.1,0
P104430,63,Other,1,0,0,1,1,0,0,29.5,121.0,81.0,,195.1,51.2,133.1,282.1,Never,Rare,Active,Balanced,6.4,0
P104431,41,Male,0,0,0,0,0,0,0,27.3,126.0,69.0,83.2,195.6,46.1,105.0,308.9,Never,Rare,Moderate,Balanced,5.7,0
P104432,56,Male,1,0,0,0,0,0,0,23.2,138.0,78.0,79.8,151.0,34.2,77.2,96.7,Never,Heavy,Moderate,Healthy,5.7,0
P104433,42,Male,0,0,0,0,0,0,0,25.1,120.0,78.0,65.8,107.5,41.6,47.6,153.5,Never,Rare,Sedentary,Balanced,7.7,0
P104434,56,Female,0,0,0,0,1,0,0,22.6,127.0,69.0,75.2,169.8,59.0,135.4,121.2,Never,Rare,Active,Balanced,9.8,0
P104435,49,Male,0,0,0,0,0,0,0,16.6,133.0,65.0,85.0,138.2,32.3,103.4,88.0,Never,Moderate,Moderate,Balanced,7.4,0
P104436,87,Female,0,1,1,0,0,1,0,34.6,153.0,89.0,76.5,112.9,58.7,96.1,195.0,Former,Rare,Active,Balanced,7.1,1
P104437,68,Male,0,0,0,0,0,0,0,26.4,125.0,71.0,101.4,180.7,85.0,102.2,137.7,Never,Rare,Moderate,Balanced,7.0,0
P104438,40,Male,0,0,0,0,1,0,0,31.4,110.0,75.0,79.0,253.7,57.1,158.6,143.1,Former,Heavy,Sedentary,Balanced,8.3,0
P104439,52,Female,0,0,0,0,0,0,0,28.4,115.0,76.0,117.6,180.0,,128.3,116.9,Former,Moderate,Moderate,Poor,7.2,0
P104440,62,Female,1,0,0,0,1,0,0,22.3,126.0,70.0,82.2,200.4,49.3,135.5,32.1,Never,Moderate,Sedentary,Poor,6.1,0
P104441,51,Male,0,0,0,1,1,0,0,26.5,125.0,67.0,133.0,210.9,54.7,123.5,121.0,Never,Rare,Sedentary,Balanced,8.3,0
P104442,61,Female,0,0,0,0,0,0,1,23.4,119.0,78.0,106.5,,34.5,113.3,38.4,Never,Rare,Active,Healthy,7.4,0
P104443,35,Female,0,0,0,0,1,0,0,31.2,103.0,74.0,100.3,207.1,53.7,161.7,141.0,Never,Rare,Sedentary,Balanced,5.8,0
P104444,21,Male,0,0,0,0,1,0,0,22.0,114.0,76.0,88.3,188.2,63.2,136.5,82.7,Current,Rare,Active,Balanced,6.3,0
P104445,52,Female,0,0,0,0,0,0,0,31.0,133.0,76.0,80.6,,51.8,,76.9,Current,Rare,Moderate,Healthy,8.0,0
P104446,43,Male,0,0,0,0,0,0,0,23.7,117.0,84.0,110.9,171.8,57.0,91.3,27.5,Never,Rare,Moderate,Balanced,6.9,0
P104447,40,Male,0,0,0,0,0,0,0,27.4,115.0,74.0,102.4,191.0,29.5,116.4,165.0,Current,Rare,Moderate,Healthy,6.7,0
P104448,59,Male,0,0,0,0,1,0,0,14.9,121.0,76.0,86.7,,52.7,148.4,221.0,Never,Rare,Moderate,Balanced,6.5,0
P104449,44,Female,0,0,0,1,0,0,0,15.3,123.0,72.0,,103.7,38.1,65.4,161.5,Never,Moderate,Moderate,Balanced,6.7,0
P104450,38,Female,0,0,0,0,1,0,0,19.6,112.0,77.0,107.5,212.1,48.3,142.8,202.8,Never,Rare,Sedentary,Balanced,6.9,0
P104451,58,Female,0,0,0,0,1,0,0,21.9,129.0,76.0,76.3,179.1,54.7,147.5,151.9,Never,Rare,Sedentary,Balanced,7.6,0
P104452,63,Female,0,1,1,0,0,0,0,24.9,143.0,80.0,115.2,133.0,34.4,93.9,233.6,Current,Rare,Active,Healthy,8.6,0
P104453,71,Female,0,0,0,0,0,0,0,15.2,116.0,64.0,111.4,136.1,52.8,94.4,200.2,Never,Rare,Active,Balanced,6.2,0
P104454,26,Female,0,0,0,0,1,0,0,25.0,119.0,83.0,95.3,219.8,53.6,146.3,208.1,Current,Rare,Moderate,Balanced,6.4,0
P104455,56,Female,0,1,1,1,0,1,0,37.4,144.0,83.0,190.7,162.3,59.1,115.6,95.7,Former,Rare,Active,Healthy,6.9,1
P104456,57,Female,0,0,0,0,0,0,0,19.9,124.0,74.0,104.2,148.2,26.5,100.0,272.9,Never,Moderate,Moderate,Balanced,8.4,0
P104457,70,Male,0,0,0,0,1,0,0,28.8,122.0,92.0,81.7,,55.1,121.9,150.6,Never,Rare,Sedentary,Balanced,6.5,0
P104458,34,Male,0,0,0,0,0,0,0,,111.0,80.0,85.3,151.4,51.9,82.1,53.9,Current,Rare,Moderate,Balanced,6.4,0
P104459,62,Female,0,0,0,0,1,0,0,19.1,131.0,76.0,78.9,226.2,63.6,122.8,132.9,Never,Rare,Sedentary,Balanced,,0
P104460,50,Female,0,0,0,0,0,0,0,22.1,123.0,68.0,101.6,189.8,67.0,116.1,,Never,Moderate,Sedentary,Balanced,6.0,0
P104461,49,Male,0,0,0,0,1,0,0,26.7,107.0,86.0,83.1,222.0,51.1,124.9,154.9,Never,Rare,Moderate,Poor,8.3,0
P104462,38,Male,0,0,0,0,0,0,0,25.4,98.0,53.0,72.7,160.8,74.5,129.7,120.3,Never,Rare,Moderate,Balanced,7.0,0
P104463,68,Female,0,0,1,0,0,0,0,32.3,152.0,72.0,97.0,180.1,53.2,118.0,,Never,Rare,Moderate,Poor,6.8,0
P104464,45,Male,1,0,0,0,0,0,0,23.4,112.0,73.0,85.1,128.1,,57.2,136.0,Former,Heavy,Moderate,Balanced,5.6,0
P104465,55,Male,0,0,0,0,0,0,0,24.0,135.0,80.0,94.0,179.4,60.1,126.6,213.1,Former,Rare,Sedentary,Healthy,5.1,0
P104466,50,Female,0,0,0,0,0,0,0,23.6,123.0,74.0,101.7,120.1,42.0,75.9,209.3,Never,Moderate,Active,Balanced,6.4,0
P104467,50,Female,0,0,0,0,0,0,0,,113.0,81.0,90.9,154.4,51.4,,250.8,Never,Rare,Moderate,Balanced,6.4,0
P104468,70,Female,0,0,0,0,0,0,0,15.6,118.0,77.0,81.8,97.5,38.4,57.9,105.1,Never,Rare,Sedentary,Balanced,8.2,0
P104469,43,Male,0,0,0,0,1,0,0,20.6,131.0,82.0,,201.6,50.0,123.2,204.6,Never,Heavy,Active,Balanced,6.6,0
P104470,53,Female,0,0,0,0,1,0,0,18.0,120.0,84.0,100.7,242.4,59.4,152.4,169.6,Never,Moderate,Sedentary,Healthy,6.4,0
P104471,54,Female,0,0,0,0,0,0,0,26.5,126.0,84.0,74.4,199.0,54.4,104.9,,Former,Rare,Moderate,Healthy,7.4,0
P104472,65,Female,1,0,0,0,1,0,0,27.8,135.0,95.0,,233.0,71.1,106.3,42.9,Former,Moderate,Moderate,Poor,6.9,0
P104473,53,Male,0,0,0,0,1,0,0,28.8,139.0,82.0,93.5,302.4,77.3,221.9,171.6,Never,Rare,Active,Healthy,5.4,0
P104474,44,Male,0,0,0,1,1,0,0,26.9,123.0,72.0,221.8,223.0,56.1,145.0,57.1,Current,Rare,Sedentary,Poor,8.1,0
P104475,48,Male,0,0,0,1,1,0,0,29.0,126.0,80.0,,,61.4,120.8,171.0,Never,Rare,Moderate,Balanced,8.1,0
P104476,56,Female,0,0,0,1,1,0,0,32.2,152.0,82.0,192.2,206.0,30.9,128.4,123.2,Never,Heavy,Sedentary,Healthy,6.3,0
P104477,52,Female,0,0,0,0,1,0,0,27.1,128.0,82.0,81.8,196.5,45.9,130.9,180.4,Former,Rare,Active,Poor,5.5,0
P104478,49,Female,1,0,0,0,0,0,0,26.3,115.0,79.0,80.1,123.2,38.9,61.7,189.9,Never,Heavy,Moderate,Healthy,8.3,0
P104479,22,Female,0,0,0,0,0,0,0,26.9,101.0,70.0,83.7,178.6,43.7,68.1,122.6,Never,Rare,Active,Balanced,7.7,0
P104480,76,Female,0,0,1,0,0,0,0,27.9,136.0,80.0,104.5,187.8,52.7,,135.6,Never,Moderate,Sedentary,Balanced,7.6,0
P104481,32,Female,0,1,0,0,1,0,0,31.0,126.0,77.0,84.5,218.5,46.5,142.6,143.1,Never,Moderate,Moderate,Balanced,7.6,0
P104482,40,Male,0,0,0,0,0,0,0,31.5,139.0,64.0,84.7,145.8,65.7,107.6,84.3,Former,Rare,Sedentary,Healthy,,0
P104483,41,Male,0,0,0,0,0,0,0,25.0,127.0,68.0,91.6,131.8,34.9,76.0,142.9,Never,Moderate,Moderate,Balanced,7.3,0
P104484,32,Male,0,0,0,0,0,0,0,24.4,103.0,86.0,103.7,188.3,41.7,117.1,147.7,Never,Rare,Sedentary,Balanced,7.4,0
P104485,30,Female,0,0,0,0,0,0,0,21.5,101.0,81.0,103.4,166.7,54.8,76.7,32.7,Never,Moderate,Sedentary,Healthy,5.9,0
P104486,42,Female,0,0,0,0,0,0,0,23.5,106.0,83.0,95.8,176.9,46.6,97.7,113.9,Never,Rare,Active,Healthy,6.2,0
P104487,58,Male,0,1,0,0,1,0,0,28.8,154.0,84.0,91.7,156.7,72.7,132.5,122.8,Never,Moderate,Moderate,Balanced,,0
P104488,61,Male,0,0,0,1,0,0,0,33.0,131.0,81.0,160.0,171.8,50.4,121.4,58.2,Former,Rare,Moderate,Healthy,,0
P104489,68,Male,0,0,1,0,0,0,0,23.2,117.0,84.0,91.8,176.5,53.3,113.6,202.0,Never,Moderate,Moderate,Balanced,6.7,0
P104490,42,Male,0,0,0,0,0,0,0,22.8,126.0,67.0,,159.6,39.6,102.2,147.1,Current,Heavy,Moderate,Balanced,6.2,0
P104491,30,Female,0,0,0,0,1,0,0,28.1,122.0,70.0,81.8,201.3,47.5,132.0,192.6,Never,Heavy,Moderate,Poor,7.3,0
P104492,50,Male,0,0,0,0,0,0,0,33.3,118.0,72.0,98.5,90.0,45.5,64.8,140.5,Never,Rare,Moderate,Balanced,7.1,0
P104493,51,Male,0,0,0,0,0,0,0,34.0,,93.0,,132.3,51.4,65.9,160.6,Current,Moderate,Moderate,Balanced,5.3,0
P104494,44,Female,0,0,0,0,0,0,0,27.4,119.0,76.0,83.5,133.3,59.1,88.3,92.8,Former,Moderate,Sedentary,Balanced,7.8,0
P104495,37,Male,0,0,0,0,0,0,0,20.3,108.0,79.0,99.6,185.4,59.6,110.3,250.8,Former,Rare,Moderate,Balanced,8.4,0
P104496,26,Female,0,0,0,0,0,0,0,,,71.0,102.7,,68.9,105.5,101.3,Current,Moderate,Sedentary,Poor,6.4,0
P104497,53,Male,0,0,0,0,1,0,0,,117.0,80.0,101.1,210.9,50.8,153.9,171.1,Never,Rare,Sedentary,Poor,3.8,0
P104498,50,Female,0,0,0,0,1,0,0,27.8,124.0,78.0,98.8,211.1,39.9,128.1,33.9,Former,Rare,Moderate,Balanced,7.5,0
P104499,38,Female,0,0,0,0,1,0,0,26.3,105.0,74.0,105.2,210.5,62.9,150.0,139.2,Never,Moderate,Moderate,Balanced,6.5,0
P104500,38,Female,0,0,0,0,1,0,0,26.0,106.0,90.0,107.9,218.1,39.2,169.7,174.8,Never,Moderate,Active,Healthy,7.3,0
P104501,74,Male,1,0,0,0,0,0,0,23.4,121.0,78.0,80.6,154.2,56.6,109.0,63.9,Never,Moderate,Active,Balanced,7.2,0
P104502,63,Male,0,0,0,0,0,0,0,30.0,142.0,80.0,90.0,175.5,,119.7,181.0,Never,Heavy,Moderate,Balanced,6.3,0
P104503,55,Male,0,0,0,0,0,0,0,21.1,105.0,76.0,112.3,146.6,41.2,107.3,149.8,Never,Rare,Moderate,Balanced,9.3,0
P104504,62,Male,1,0,0,0,1,0,0,24.8,148.0,67.0,,214.9,40.0,124.9,80.8,Never,Rare,Active,Balanced,9.0,0
P104505,59,Male,1,1,0,0,1,0,0,22.8,131.0,99.0,101.0,214.5,64.5,153.4,170.4,Current,Moderate,Active,Healthy,5.4,0
P104506,56,Male,0,0,0,0,1,0,0,23.2,126.0,69.0,98.8,236.5,55.3,179.9,137.6,Current,Moderate,Active,Healthy,6.2,0
P104507,58,Male,0,1,0,0,0,0,0,19.5,114.0,83.0,90.4,134.2,51.2,70.7,137.9,Never,Rare,Active,Healthy,7.7,0
P104508,61,Male,1,1,1,0,0,0,0,19.1,155.0,104.0,112.3,184.6,39.9,105.9,161.5,Never,Heavy,Active,Poor,6.7,1
P104509,28,Male,0,0,0,0,0,0,0,32.6,112.0,87.0,107.5,113.1,47.9,70.3,186.1,Never,Rare,Sedentary,Balanced,7.5,0
P104510,45,Male,0,0,0,0,1,0,0,18.4,105.0,70.0,102.8,207.5,45.0,116.6,130.4,Never,Moderate,Moderate,Healthy,7.0,0
P104511,41,Female,0,0,0,1,0,0,0,29.4,134.0,83.0,140.8,146.6,53.4,114.0,180.7,Current,Rare,Sedentary,Balanced,8.7,0
P104512,53,Male,0,0,0,0,0,0,0,26.7,130.0,67.0,97.4,199.1,75.6,126.2,102.1,Never,Moderate,Moderate,Balanced,6.2,0
P104513,30,Male,0,0,0,0,1,0,0,22.4,111.0,76.0,97.7,225.7,43.6,,194.9,Current,Rare,Moderate,Balanced,6.6,0
P104514,39,Female,0,0,0,0,0,0,0,28.3,124.0,85.0,92.4,141.3,35.2,112.0,122.7,Former,Rare,Active,Balanced,6.2,0
P104515,55,Male,0,0,0,1,1,0,0,25.3,129.0,74.0,139.5,260.1,54.6,155.8,204.2,Former,Heavy,Moderate,Balanced,5.2,0
P104516,45,Female,0,0,0,0,1,0,0,30.0,118.0,82.0,90.3,,69.4,215.5,158.7,Never,Rare,Sedentary,Balanced,8.1,0
P104517,76,Male,0,0,0,0,1,0,0,33.2,135.0,87.0,,200.0,65.0,153.4,157.0,Never,Moderate,Moderate,Healthy,7.2,0
P104518,47,Female,0,0,0,0,1,0,0,28.6,116.0,79.0,95.1,,41.6,141.6,174.3,Never,Moderate,Sedentary,Healthy,6.9,0
P104519,35,Male,0,0,0,0,1,0,0,28.5,121.0,78.0,99.2,144.5,33.7,133.5,298.7,Never,Moderate,Moderate,Balanced,5.5,0
P104520,45,Male,0,0,0,0,0,0,0,27.2,103.0,,92.4,173.5,38.2,123.4,129.4,Never,Moderate,Sedentary,Balanced,6.6,0
P104521,48,Female,0,0,0,0,0,0,0,23.8,120.0,78.0,88.4,85.4,69.1,,249.6,Never,Heavy,Active,Balanced,5.8,0
P104522,51,Male,0,1,0,0,0,0,0,27.1,127.0,95.0,96.7,181.2,44.1,98.1,180.8,Former,Rare,Active,Healthy,7.0,0
P104523,50,Male,0,1,0,0,0,0,0,25.5,142.0,94.0,,107.7,30.7,38.4,185.4,Former,Heavy,Moderate,Balanced,7.2,0
P104524,38,Male,0,0,0,0,0,0,0,25.6,98.0,71.0,84.5,110.2,44.6,42.5,133.0,Never,Rare,Moderate,Healthy,10.0,0
P104525,56,Female,0,0,0,0,0,0,0,23.4,106.0,81.0,110.6,175.8,52.4,111.7,191.7,Never,Rare,Moderate,Healthy,5.5,0
P104526,47,Male,0,0,0,0,1,0,0,29.0,121.0,81.0,89.6,,55.2,167.6,107.7,Never,Heavy,Moderate,Balanced,4.6,0
P104527,80,Male,0,0,0,0,1,0,1,22.6,137.0,69.0,76.6,180.1,43.2,130.3,71.3,Never,Rare,Active,Balanced,8.1,0
P104528,56,Male,0,0,0,0,0,0,0,24.9,103.0,82.0,106.3,138.2,49.0,100.9,182.3,Former,Rare,Moderate,Healthy,6.5,0
P104529,55,Male,0,0,0,0,0,0,0,32.4,139.0,71.0,89.1,192.8,49.6,120.7,104.4,Current,Rare,Active,Poor,6.2,0
P104530,71,Female,0,1,0,0,0,0,0,23.1,155.0,86.0,118.2,120.6,49.2,72.7,,Former,Moderate,Sedentary,Healthy,7.3,0
P104531,74,Female,0,0,0,0,0,0,0,25.8,124.0,81.0,,130.1,43.7,93.0,121.4,Never,Rare,Moderate,Balanced,6.9,0
P104532,48,Male,0,0,0,0,1,0,0,27.5,,67.0,99.6,,31.8,141.3,234.3,Never,Rare,Active,Balanced,6.6,0
P104533,27,Female,0,0,0,0,0,0,0,28.7,120.0,84.0,84.7,180.9,30.0,111.0,114.8,Never,Rare,Active,Poor,5.7,0
P104534,68,Female,0,0,0,1,1,0,0,30.8,124.0,77.0,112.7,266.7,,159.6,198.4,Former,Rare,Sedentary,Balanced,5.9,0
P104535,53,Female,0,0,0,0,0,0,0,29.5,122.0,89.0,97.0,141.3,47.0,70.6,91.6,Never,Rare,Moderate,Balanced,7.8,0
P104536,58,Male,1,0,0,0,0,0,0,20.5,125.0,70.0,75.3,114.0,40.3,56.2,57.9,Former,Rare,Sedentary,Healthy,6.3,0
P104537,71,Female,0,0,0,0,1,0,0,27.5,140.0,83.0,91.3,168.6,64.9,139.5,142.1,Current,Moderate,Moderate,Healthy,6.5,0
P104538,38,Male,0,1,0,0,0,0,0,25.7,124.0,,,176.8,36.5,97.3,,Never,Rare,Moderate,Healthy,6.6,0
P104539,27,Female,0,0,0,0,0,0,0,25.3,,78.0,73.9,183.0,58.0,124.8,168.7,Current,Rare,Sedentary,Poor,6.8,0
P104540,23,Male,0,0,0,0,0,0,0,28.2,99.0,85.0,84.5,126.8,31.4,68.1,97.9,Never,Moderate,Active,Poor,5.0,0
P104541,29,Female,0,0,0,0,1,0,0,26.7,137.0,78.0,66.6,180.3,40.0,130.3,211.4,Never,Rare,Sedentary,Healthy,6.0,0
P104542,71,Male,0,1,0,0,0,0,0,25.4,155.0,98.0,105.7,190.7,62.0,124.4,72.3,Former,Rare,Moderate,Healthy,6.6,0
P104543,75,Male,0,0,0,0,1,0,0,29.8,130.0,82.0,98.5,202.0,25.7,169.7,226.5,Never,Rare,Sedentary,Poor,6.0,0
P104544,48,Male,0,0,0,0,0,0,0,28.1,114.0,88.0,114.7,144.1,62.6,106.0,,Former,Rare,Moderate,Balanced,6.1,0
P104545,57,Male,0,0,0,0,0,0,0,20.9,120.0,83.0,94.7,150.8,35.3,78.4,139.2,Former,Moderate,Sedentary,Poor,8.8,0
P104546,62,Male,0,0,0,1,0,0,1,26.9,126.0,82.0,92.9,163.0,60.0,102.6,112.1,Current,Rare,Moderate,Balanced,6.5,0
P104547,49,Male,0,0,0,0,0,0,0,20.0,121.0,83.0,105.6,138.7,50.9,115.0,301.1,Former,Rare,Sedentary,Balanced,8.9,0
P104548,42,Female,0,0,0,0,0,0,0,30.4,109.0,80.0,101.3,168.8,44.3,92.1,166.3,Never,Moderate,Sedentary,Balanced,5.7,0
P104549,52,Male,0,0,0,0,1,0,0,14.0,126.0,81.0,89.5,186.3,59.1,135.4,203.5,Never,Rare,Moderate,Balanced,5.4,0
P104550,47,Female,0,0,0,0,1,0,0,28.8,110.0,86.0,91.9,227.4,58.6,161.3,135.1,Never,Rare,Sedentary,Poor,,0
P104551,37,Male,0,0,0,0,1,0,0,21.0,107.0,77.0,80.9,230.7,51.8,,218.6,Former,Rare,Active,Balanced,6.2,0
P104552,65,Male,0,0,0,0,0,0,0,23.2,108.0,86.0,95.1,152.0,63.3,114.2,65.7,Never,Moderate,Moderate,Balanced,8.3,0
P104553,60,Male,0,0,0,0,0,0,0,18.2,,81.0,90.8,154.7,47.6,66.3,118.4,Never,Rare,Moderate,Balanced,8.1,0
P104554,50,Female,0,0,0,0,0,0,0,19.7,101.0,77.0,113.9,137.4,56.1,66.7,187.8,Former,Rare,Active,Poor,5.4,0
P104555,70,Female,0,0,0,0,1,0,0,,147.0,69.0,78.0,217.1,69.5,171.9,102.4,Former,Rare,Moderate,Balanced,5.9,0
P104556,46,Female,0,0,0,0,0,0,0,28.9,120.0,86.0,97.7,158.1,42.4,117.6,292.4,Never,Rare,Moderate,Poor,7.7,0
P104557,37,Female,0,0,0,0,0,0,0,23.3,116.0,70.0,109.1,161.6,53.0,105.0,205.3,Never,Rare,Moderate,Poor,8.1,0
P104558,21,Male,1,0,0,0,0,0,0,19.1,93.0,83.0,,149.2,57.1,116.6,90.2,Former,Rare,Active,Balanced,5.7,0
P104559,19,Female,0,0,0,0,1,0,0,22.6,104.0,83.0,96.4,235.6,51.4,158.8,210.4,Never,Rare,Moderate,Poor,6.8,0
P104560,48,Male,0,0,0,0,0,0,0,,121.0,69.0,106.6,162.7,56.2,99.0,,Current,Rare,Active,Balanced,5.9,0
P104561,43,Male,0,0,0,0,0,0,0,24.6,121.0,91.0,105.4,,66.7,77.5,209.0,Never,Heavy,Sedentary,Balanced,6.8,0
P104562,37,Male,0,0,0,0,0,0,0,30.3,123.0,84.0,110.7,,59.7,63.5,142.0,Never,Heavy,Moderate,Healthy,7.3,0
P104563,54,Male,0,0,0,0,0,0,0,25.8,129.0,68.0,109.9,161.1,53.8,103.7,229.9,Never,Rare,Sedentary,Poor,7.9,0
P104564,20,Female,0,0,0,0,1,0,0,24.6,91.0,70.0,82.2,174.2,42.4,136.2,63.1,Current,Moderate,Sedentary,Poor,7.0,0
P104565,64,Male,0,0,0,0,0,0,0,34.9,135.0,70.0,73.9,160.0,49.5,109.4,167.6,Former,Moderate,Moderate,Poor,7.4,0
P104566,45,Female,0,0,0,0,1,0,0,34.3,138.0,85.0,97.4,204.1,51.4,112.6,165.9,Current,Rare,Moderate,Balanced,7.2,0
P104567,33,Female,0,0,0,0,0,0,0,17.3,95.0,75.0,98.4,94.1,61.3,,184.9,Current,Rare,Moderate,Balanced,7.1,0
P104568,44,Female,0,1,0,0,1,0,0,29.5,129.0,83.0,98.6,277.7,34.8,183.5,112.7,Never,Rare,Moderate,Balanced,7.9,0
P104569,27,Other,0,0,0,0,1,0,0,21.8,94.0,75.0,97.3,188.8,76.7,132.4,157.8,Never,Moderate,Active,Poor,,0
P104570,72,Male,0,0,1,0,0,0,0,19.7,129.0,83.0,82.6,187.0,64.1,122.4,148.2,Never,Rare,Moderate,Balanced,3.7,0
P104571,55,Female,0,0,0,0,0,0,0,19.4,107.0,79.0,116.1,187.9,62.2,115.0,125.7,Former,Rare,Moderate,Balanced,6.4,0
P104572,45,Female,0,0,0,0,0,0,0,20.0,118.0,68.0,85.2,146.5,47.8,111.3,185.2,Former,Rare,Moderate,Balanced,6.2,0
P104573,71,Male,0,0,0,0,1,0,0,23.5,124.0,89.0,104.1,235.6,56.0,139.9,258.0,Never,Rare,Active,Poor,8.3,1
P104574,45,Male,0,0,0,0,0,0,0,23.9,121.0,81.0,91.5,145.8,42.2,93.0,129.8,Never,Moderate,Active,Poor,5.5,0
P104575,66,Female,0,0,0,1,0,0,1,23.9,123.0,75.0,185.0,179.3,67.8,115.4,144.6,Never,Rare,Sedentary,Balanced,5.4,0
P104576,57,Female,0,0,0,0,0,0,0,22.3,142.0,97.0,98.7,138.6,46.2,89.9,135.4,Former,Rare,Moderate,Balanced,7.5,0
P104577,60,Female,0,0,0,0,0,0,0,28.3,131.0,76.0,99.5,189.1,37.2,115.3,212.9,Never,Rare,Moderate,Healthy,7.3,0
P104578,32,Female,0,0,0,0,1,0,0,19.1,107.0,75.0,97.6,170.0,60.7,136.2,173.9,Former,Rare,Moderate,Balanced,8.8,0
P104579,54,Male,0,0,0,0,1,0,0,23.9,135.0,84.0,121.0,204.7,31.5,149.7,119.4,Never,Rare,Moderate,Balanced,6.8,0
P104580,37,Female,0,0,0,0,0,0,0,31.0,127.0,88.0,121.3,173.7,52.2,119.9,114.0,Never,Rare,Active,Balanced,8.1,0
P104581,68,Male,1,0,0,0,1,0,0,19.1,111.0,73.0,100.6,180.8,47.2,135.6,42.3,Never,Rare,Sedentary,Balanced,7.4,0
P104582,51,Female,0,1,0,0,1,0,0,36.6,155.0,91.0,88.6,221.1,53.4,133.5,279.1,Never,Rare,Moderate,Poor,7.1,0
P104583,53,Male,0,0,0,0,1,0,0,27.8,116.0,81.0,88.3,268.2,45.9,209.4,155.5,Current,Moderate,Sedentary,Poor,7.0,0
P104584,53,Male,0,0,0,0,1,0,0,19.4,96.0,66.0,102.2,182.1,47.1,131.3,,Never,Rare,Active,Balanced,6.9,0
P104585,43,Female,0,0,0,0,1,0,0,26.6,121.0,72.0,88.1,212.8,51.2,145.5,106.4,Never,Moderate,Active,Poor,7.1,0
P104586,37,Female,0,0,0,0,0,0,0,33.6,118.0,82.0,101.6,195.4,47.9,124.1,200.2,Never,Rare,Active,Balanced,8.0,0
P104587,22,Female,0,0,0,0,0,0,0,28.6,112.0,88.0,107.6,157.6,48.2,113.7,162.3,Never,Rare,Sedentary,Healthy,5.3,0
P104588,37,Female,0,1,0,0,0,0,0,30.4,118.0,89.0,85.9,197.4,53.4,121.4,123.7,Current,Rare,Moderate,Poor,7.8,0
P104589,42,Female,1,0,0,1,1,0,0,31.8,115.0,74.0,149.5,209.5,58.6,129.4,153.8,Never,Rare,Sedentary,Balanced,6.8,0
P104590,52,Male,0,0,0,0,1,0,0,21.4,128.0,80.0,90.4,217.2,53.1,146.1,91.5,Never,Rare,Sedentary,Balanced,5.1,0
P104591,73,Female,0,0,0,0,0,1,0,21.2,130.0,79.0,102.0,,45.1,119.1,151.5,Former,Moderate,Moderate,Balanced,7.4,0
P104592,51,Male,0,0,0,0,0,0,0,33.6,148.0,73.0,101.1,161.7,65.7,129.7,36.1,Current,Rare,Moderate,Balanced,7.7,0
P104593,21,Female,0,0,0,0,0,0,0,29.0,106.0,82.0,88.8,140.4,54.1,102.7,89.7,Never,Rare,Active,Healthy,4.9,0
P104594,45,Male,0,0,0,0,0,0,0,26.9,121.0,68.0,,126.8,38.8,94.2,137.1,Never,Rare,Active,Healthy,8.5,0
P104595,68,Male,0,1,0,0,1,0,0,22.6,146.0,79.0,83.5,200.5,47.0,,116.8,Never,Rare,Active,Poor,7.7,0
P104596,46,Female,0,0,0,0,1,0,0,26.4,134.0,80.0,94.7,230.5,51.1,150.3,35.1,Never,Rare,Sedentary,Healthy,8.0,0
P104597,39,Male,0,0,0,0,0,0,0,14.0,101.0,72.0,118.9,172.7,36.6,119.7,73.3,Never,Rare,Active,Balanced,6.3,0
P104598,49,Male,0,0,0,0,0,0,0,24.6,116.0,80.0,103.4,115.3,62.5,69.5,221.9,Never,Rare,Active,Healthy,6.1,0
P104599,89,Female,0,0,0,0,0,0,0,21.4,139.0,,110.8,,68.5,96.4,165.0,Never,Rare,Sedentary,Poor,6.7,0
P104600,76,Female,0,0,0,0,0,0,0,21.3,142.0,75.0,120.7,183.9,67.8,100.1,152.1,Never,Rare,Moderate,Balanced,5.4,0
P104601,40,Male,0,0,0,0,1,0,0,26.7,103.0,89.0,105.3,172.4,53.9,133.7,183.0,Never,Rare,Active,Healthy,5.5,0
P104602,37,Male,0,0,0,0,1,0,0,14.0,110.0,75.0,87.0,216.5,42.6,152.8,251.5,Former,Moderate,Moderate,Balanced,6.4,0
P104603,46,Male,0,0,0,0,1,0,0,27.8,131.0,95.0,83.9,252.0,43.6,173.6,171.3,Never,Rare,Active,Balanced,6.1,0
P104604,84,Male,0,0,1,0,0,1,1,25.5,138.0,86.0,,172.0,59.8,105.5,129.3,Never,Rare,Sedentary,Healthy,6.8,0
P104605,57,Female,0,0,0,0,1,0,0,22.4,124.0,68.0,100.9,213.0,64.1,134.8,61.9,Never,Rare,Moderate,Poor,6.3,0
P104606,53,Female,0,0,0,0,0,0,0,23.5,111.0,71.0,73.0,116.2,38.1,57.8,170.0,Never,Rare,Moderate,Balanced,5.6,0
P104607,56,Male,0,0,0,1,1,0,0,28.9,125.0,83.0,134.4,215.3,46.0,150.0,134.2,Former,Moderate,Moderate,Healthy,7.7,0
P104608,46,Male,0,0,0,0,0,0,0,28.8,115.0,84.0,72.3,105.5,48.5,,159.5,Never,Rare,Moderate,Balanced,,0
P104609,57,Male,0,0,0,0,1,0,0,34.4,145.0,88.0,93.0,197.4,46.6,134.4,,Former,Rare,Moderate,Balanced,8.0,0
P104610,72,Male,0,1,0,0,0,0,0,30.0,146.0,92.0,111.1,160.5,61.8,112.7,143.5,Never,Moderate,Moderate,Balanced,6.5,0
P104611,53,Female,0,0,0,0,1,0,0,27.7,125.0,76.0,96.1,,37.8,165.1,196.2,Former,Moderate,Moderate,Balanced,8.7,0
P104612,76,Female,0,1,0,0,1,0,0,22.8,150.0,83.0,75.3,225.9,50.6,151.6,137.3,Current,Heavy,Moderate,Poor,7.9,0
P104613,35,Female,0,0,0,0,0,0,0,35.5,138.0,80.0,121.6,,60.1,104.7,,Never,Rare,Active,Healthy,5.5,0
P104614,33,Female,0,0,0,0,1,0,0,27.2,109.0,82.0,88.2,174.9,54.1,,139.3,Former,Rare,Moderate,Balanced,7.2,0
P104615,62,Male,0,0,0,0,1,0,0,19.8,135.0,86.0,85.0,223.8,50.3,164.9,137.9,Never,Rare,Sedentary,Balanced,8.2,0
P104616,35,Male,0,0,0,0,0,0,0,24.5,100.0,65.0,87.3,193.8,50.9,123.2,100.4,Current,Rare,Sedentary,Healthy,6.9,0
P104617,52,Female,0,1,0,1,1,0,0,27.9,119.0,92.0,205.0,222.9,55.5,146.5,204.1,Former,Rare,Sedentary,Balanced,8.1,0
P104618,65,Male,0,1,1,0,1,0,0,20.5,137.0,67.0,82.7,218.8,45.0,137.1,158.2,Former,Moderate,Sedentary,Healthy,6.9,0
P104619,80,Male,0,1,0,0,0,0,1,,145.0,85.0,106.4,146.0,47.6,109.0,139.1,Former,Rare,Moderate,Balanced,8.3,0
P104620,35,Male,0,0,0,0,1,0,0,22.3,102.0,79.0,78.5,203.5,44.9,121.0,139.3,Never,Moderate,Moderate,Poor,6.1,0
P104621,58,Female,0,0,0,0,1,0,0,21.0,137.0,81.0,102.6,249.2,45.1,,151.3,Former,Moderate,Active,Balanced,7.4,0
P104622,36,Female,0,0,0,0,0,0,0,27.2,98.0,87.0,113.0,156.6,45.1,86.4,63.1,Never,Rare,Active,Healthy,5.9,0
P104623,52,Male,0,0,0,0,1,0,0,19.0,116.0,89.0,,227.2,29.4,135.7,150.6,Current,Rare,Active,Balanced,8.6,0
P104624,77,Male,0,0,0,0,1,0,0,19.9,,65.0,104.7,,48.7,145.9,52.7,Former,Rare,Moderate,Healthy,7.2,1
P104625,30,Male,0,0,0,0,0,0,0,32.1,116.0,95.0,107.4,106.8,47.2,54.7,264.5,Never,Rare,Moderate,Poor,7.8,0
P104626,24,Female,0,0,0,0,0,0,0,27.3,95.0,91.0,98.5,173.1,56.5,123.4,177.3,Never,Rare,Active,Balanced,6.5,0
P104627,62,Male,0,1,0,0,0,0,0,34.4,146.0,100.0,99.2,158.7,40.1,79.4,98.3,Never,Moderate,Moderate,Healthy,8.1,0
P104628,50,Male,0,1,0,0,0,0,0,30.2,140.0,95.0,97.2,186.4,31.9,126.3,238.6,Former,Heavy,Active,Balanced,6.0,0
P104629,46,Male,0,0,0,0,0,0,0,23.8,123.0,76.0,85.1,198.2,32.2,125.2,170.0,Current,Moderate,Moderate,Balanced,7.9,0
P104630,52,Female,0,1,0,0,1,0,0,39.1,153.0,90.0,121.3,206.9,,126.6,303.3,Former,Rare,Sedentary,Balanced,8.2,0
P104631,29,Female,0,0,0,0,0,0,0,29.6,110.0,79.0,83.5,153.7,64.2,108.9,122.4,Never,Moderate,Sedentary,Balanced,,0
P104632,72,Female,1,1,0,0,0,1,0,23.2,143.0,84.0,80.8,175.7,39.2,110.2,290.5,Former,Moderate,Moderate,Balanced,6.6,0
P104633,65,Female,0,0,0,0,0,0,0,26.4,142.0,73.0,108.5,168.3,57.0,,121.8,Never,Rare,Sedentary,Balanced,6.5,0
P104634,63,Female,0,0,1,0,1,0,0,24.2,134.0,80.0,91.9,213.8,61.3,126.9,17.2,Never,Rare,Sedentary,Balanced,6.8,0
P104635,63,Male,0,0,1,0,0,0,0,24.6,139.0,84.0,94.5,118.2,64.8,66.5,149.7,Current,Rare,Active,Balanced,7.2,0
P104636,57,Male,0,0,0,1,1,0,0,31.3,130.0,70.0,187.7,219.3,51.1,165.8,214.1,Former,Rare,Moderate,Balanced,5.9,0
P104637,46,Female,0,0,0,0,0,0,0,24.8,115.0,84.0,92.7,153.2,48.7,103.9,72.5,Current,Moderate,Moderate,Healthy,5.7,0
P104638,62,Male,0,1,0,0,1,0,0,31.9,143.0,80.0,90.8,203.9,46.9,166.4,202.8,Never,Rare,Active,Healthy,7.4,0
P104639,42,Female,0,0,0,0,0,0,0,18.9,102.0,74.0,93.9,139.1,60.5,76.9,138.6,Current,Rare,Moderate,Healthy,7.6,0
P104640,61,Female,0,1,0,1,1,0,0,24.5,137.0,92.0,149.7,235.5,55.0,174.7,218.4,Current,Rare,Moderate,Balanced,7.2,0
P104641,43,Female,0,0,0,0,0,0,0,15.5,92.0,74.0,96.0,169.2,49.3,92.2,,Current,Moderate,Sedentary,Healthy,7.5,0
P104642,84,Female,0,0,0,0,0,1,1,23.9,136.0,70.0,87.4,162.5,44.5,125.9,228.8,Never,Rare,Moderate,Healthy,8.3,0
P104643,37,Female,0,0,0,0,0,0,0,29.7,89.0,87.0,97.8,131.8,33.6,60.0,183.8,Never,Moderate,Moderate,Balanced,5.9,0
P104644,45,Male,0,0,0,1,1,0,0,31.1,117.0,86.0,202.4,165.0,32.5,141.5,98.8,Never,Rare,Moderate,Balanced,6.3,0
P104645,58,Male,0,0,0,0,0,0,0,28.8,114.0,79.0,108.1,169.8,59.4,103.9,116.8,Never,Rare,Moderate,Healthy,6.5,0
P104646,36,Male,0,0,0,0,0,0,0,33.3,113.0,88.0,68.4,133.9,29.9,111.7,63.3,Never,Moderate,Moderate,Poor,8.4,0
P104647,40,Female,0,0,0,0,0,0,0,23.5,104.0,89.0,,110.7,24.0,72.3,,Never,Rare,Moderate,Balanced,6.8,0
P104648,22,Male,0,0,0,0,1,0,0,21.8,102.0,85.0,75.0,221.6,31.8,129.2,88.0,Current,Moderate,Moderate,Healthy,9.1,0
P104649,50,Male,0,0,0,0,0,0,0,22.2,123.0,89.0,92.8,138.6,55.3,105.1,95.2,Never,Moderate,Moderate,Balanced,8.3,0
P104650,24,Female,0,0,0,0,1,0,0,18.9,107.0,75.0,102.4,206.1,49.3,154.8,217.8,Former,Moderate,Moderate,Balanced,7.5,0
P104651,65,Female,0,0,0,1,0,0,0,35.7,149.0,80.0,,150.0,62.3,92.2,212.5,Never,Moderate,Moderate,Healthy,8.5,1
P104652,70,Female,1,0,0,0,1,0,0,23.1,137.0,69.0,101.0,202.9,52.6,150.0,132.4,Former,Rare,Active,Poor,7.7,0
P104653,37,Male,1,0,0,0,1,0,0,36.0,111.0,67.0,,262.1,34.1,178.7,111.9,Never,Heavy,Sedentary,Balanced,8.0,0
P104654,57,Female,0,0,0,1,0,0,0,33.0,132.0,88.0,163.3,144.2,54.4,86.2,99.9,Never,Rare,Active,Poor,6.3,0
P104655,59,Male,0,0,0,0,0,0,0,23.6,132.0,79.0,99.2,155.3,29.6,106.4,230.1,Former,Rare,Active,Poor,5.8,0
P104656,55,Male,0,0,0,0,0,0,0,20.6,111.0,87.0,120.6,172.8,59.5,,147.0,Never,Rare,Active,Poor,5.8,0
P104657,44,Male,1,0,0,1,0,0,0,33.5,104.0,75.0,119.0,182.3,63.8,104.2,103.9,Former,Rare,Sedentary,Poor,3.0,0
P104658,67,Male,0,0,0,0,0,0,0,14.5,121.0,78.0,87.7,146.7,49.4,111.9,187.8,Current,Moderate,Active,Healthy,6.2,0
P104659,73,Male,0,0,0,1,1,0,1,25.3,137.0,82.0,126.7,159.5,49.3,136.9,180.5,Current,Rare,Active,Balanced,6.9,0
P104660,38,Male,0,0,0,0,0,0,0,25.6,128.0,76.0,103.2,139.4,69.4,90.5,123.1,Never,Rare,Moderate,Healthy,10.0,0
P104661,52,Female,0,1,0,1,1,0,0,34.9,129.0,91.0,134.9,180.7,54.8,149.9,89.1,Former,Rare,Moderate,Poor,7.3,0
P104662,62,Female,0,0,0,0,0,0,0,23.9,115.0,,106.7,137.4,45.1,71.0,-8.3,Never,Rare,Sedentary,Poor,,0
P104663,73,Female,0,0,0,0,1,0,1,27.3,138.0,85.0,90.2,203.0,53.3,136.7,137.6,Current,Moderate,Moderate,Balanced,6.1,0
P104664,67,Male,0,0,1,0,0,0,0,19.0,139.0,76.0,107.0,148.2,52.4,77.0,98.4,Never,Rare,Moderate,Healthy,7.9,0
P104665,27,Male,0,0,0,0,0,0,0,14.0,107.0,79.0,111.4,191.4,50.4,122.8,112.1,Current,Moderate,Moderate,Balanced,7.7,0
P104666,60,Male,0,0,0,0,0,0,0,21.8,127.0,81.0,87.8,176.5,30.7,110.6,136.2,Never,Moderate,Moderate,Balanced,6.8,0
P104667,63,Male,0,0,0,0,0,0,0,33.8,105.0,92.0,120.2,169.7,37.5,101.4,116.5,Never,Rare,Sedentary,Balanced,3.9,0
P104668,49,Female,0,0,0,1,0,0,0,31.8,119.0,91.0,80.7,179.2,58.5,94.6,250.5,Never,Moderate,Sedentary,Healthy,6.9,0
P104669,78,Female,0,0,1,0,1,0,0,,137.0,85.0,108.7,203.4,36.9,142.4,96.4,Former,Heavy,Sedentary,Poor,7.2,0
P104670,36,Female,0,0,0,0,1,0,0,23.2,117.0,,89.8,147.1,66.3,133.0,180.3,Current,Rare,Moderate,Balanced,7.2,0
P104671,65,Female,0,0,0,0,1,0,0,21.6,125.0,73.0,89.7,228.2,65.3,158.1,81.8,Never,Moderate,Active,Balanced,5.5,0
P104672,40,Female,0,0,0,0,1,0,0,23.4,117.0,,100.6,197.5,,134.2,166.2,Current,Rare,Active,Poor,6.6,0
P104673,29,Male,0,0,0,0,0,0,0,,94.0,82.0,85.1,173.3,43.5,107.2,217.1,Never,Rare,Sedentary,Poor,5.4,0
P104674,72,Male,0,0,0,0,0,0,0,23.9,148.0,70.0,76.3,185.3,51.4,122.6,181.9,Never,Moderate,Active,Poor,6.8,0
P104675,48,Male,0,1,0,0,0,0,0,24.1,134.0,73.0,86.8,139.6,22.4,84.7,44.4,Former,Rare,Active,Balanced,5.9,0
P104676,39,Female,0,0,0,0,1,0,0,18.1,94.0,79.0,127.6,212.4,39.7,95.0,-27.4,Never,Heavy,Sedentary,Balanced,8.0,0
P104677,68,Male,0,0,0,0,0,0,0,23.7,123.0,76.0,115.2,174.8,48.4,113.4,158.5,Current,Rare,Active,Balanced,8.7,0
P104678,44,Male,0,0,0,0,0,0,0,26.0,112.0,75.0,99.5,199.9,32.1,129.0,42.4,Never,Moderate,Moderate,Balanced,4.8,0
P104679,63,Other,0,0,0,0,0,0,0,,119.0,88.0,86.3,147.9,55.9,115.8,200.7,Never,Rare,Moderate,Poor,8.0,0
P104680,45,Male,0,0,0,0,0,0,0,32.1,119.0,84.0,89.8,147.2,39.5,81.3,216.9,Never,Rare,Moderate,Poor,7.6,0
P104681,83,Female,0,1,0,1,0,0,0,31.4,153.0,90.0,181.6,160.0,34.1,118.0,269.3,Never,Rare,Moderate,Balanced,6.1,0
P104682,55,Male,0,1,1,0,0,0,0,29.3,128.0,91.0,88.8,138.9,51.7,69.0,124.1,Never,Rare,Active,Poor,8.7,1
P104683,51,Female,0,0,0,0,0,0,0,26.9,125.0,80.0,,161.4,58.3,120.9,146.7,Never,Rare,Sedentary,Balanced,7.8,0
P104684,36,Female,0,0,0,0,0,0,0,,135.0,69.0,92.8,187.1,73.7,115.8,90.2,Never,Moderate,Moderate,Poor,8.7,0
P104685,46,Male,0,0,0,0,1,0,0,27.0,,72.0,97.2,222.8,45.0,150.0,25.1,Never,Moderate,Moderate,Healthy,8.2,0
P104686,67,Male,0,0,0,0,1,0,0,,120.0,80.0,112.8,200.5,38.6,118.4,,Never,Rare,Sedentary,Balanced,5.8,1
P104687,35,Female,0,0,0,0,1,0,0,29.9,124.0,81.0,96.3,218.9,33.9,143.5,44.1,Never,Heavy,Moderate,Poor,7.8,0
P104688,73,Female,0,0,0,0,0,0,0,17.1,120.0,70.0,76.2,165.1,50.2,123.5,109.3,Never,Moderate,Active,Poor,7.0,0
P104689,35,Male,0,0,0,0,0,0,0,26.6,125.0,68.0,92.2,163.7,48.2,114.2,,Former,Rare,Active,Balanced,7.3,0
P104690,43,Male,0,0,0,0,0,0,0,33.4,124.0,84.0,55.8,156.3,44.4,100.1,133.9,Never,Heavy,Moderate,Poor,8.8,0
P104691,44,Female,0,0,0,0,0,0,0,31.4,135.0,85.0,100.4,153.8,52.4,87.0,110.5,Never,Rare,Active,Healthy,6.9,0
P104692,61,Female,0,0,0,1,0,0,0,35.3,141.0,84.0,102.4,179.9,59.5,101.3,137.5,Never,Rare,Moderate,Poor,7.8,0
P104693,34,Male,0,0,0,0,0,0,0,37.5,123.0,93.0,99.7,150.3,43.5,97.5,102.0,Never,Rare,Active,Balanced,,0
P104694,37,Female,0,0,0,0,0,0,0,28.2,113.0,81.0,93.5,143.3,47.9,100.7,128.4,Never,Rare,Moderate,Balanced,7.1,0
P104695,20,Female,0,0,0,0,1,0,0,24.1,89.0,70.0,86.1,214.5,52.4,134.7,114.6,Never,Rare,Moderate,Healthy,7.3,0
P104696,65,Male,0,0,1,0,0,0,0,27.5,152.0,80.0,111.9,197.9,64.3,110.2,234.0,Never,Rare,Sedentary,Balanced,7.0,0
P104697,63,Female,0,0,0,0,0,0,1,22.7,132.0,79.0,95.5,153.6,46.2,82.7,96.5,Never,Rare,Active,Balanced,9.2,0
P104698,52,Male,0,1,0,0,1,0,0,26.7,,80.0,87.9,225.1,75.0,148.5,108.2,Current,Rare,Active,Healthy,6.8,0
P104699,37,Female,0,0,0,1,1,0,0,29.1,119.0,81.0,149.3,216.3,34.4,129.2,105.3,Never,Rare,Moderate,Healthy,9.2,0
P104700,61,Female,0,0,0,0,0,0,0,18.1,113.0,79.0,95.7,197.7,71.7,,140.0,Former,Rare,Sedentary,Healthy,8.7,0
P104701,57,Male,0,0,0,0,1,0,0,22.2,117.0,82.0,92.6,182.7,67.8,141.1,81.3,Never,Rare,Moderate,Poor,7.5,0
P104702,81,Female,1,1,0,0,1,1,0,28.2,148.0,91.0,100.0,198.6,42.9,137.5,227.9,Current,Rare,Moderate,Balanced,10.0,1
P104703,55,Male,0,0,0,1,0,0,0,22.8,108.0,72.0,145.8,147.0,41.0,92.8,176.9,Former,Rare,Moderate,Healthy,6.4,0
P104704,38,Female,1,0,0,0,0,0,0,23.1,106.0,48.0,100.5,95.5,49.2,59.7,84.4,Current,Rare,Active,Balanced,6.4,0
P104705,57,Male,0,0,0,0,0,0,0,37.3,138.0,81.0,99.8,158.2,37.7,68.1,134.2,Current,Rare,Sedentary,Poor,5.0,0
P104706,54,Male,0,0,0,0,0,0,0,32.1,128.0,,88.6,174.6,48.6,110.4,156.6,Never,Rare,Moderate,Poor,5.9,0
P104707,32,Male,0,0,0,0,1,0,0,18.8,120.0,71.0,,188.2,62.1,135.3,100.7,Never,Rare,Sedentary,Balanced,8.2,0
P104708,67,Female,0,1,0,1,0,0,0,32.2,151.0,92.0,124.2,,51.6,88.1,92.5,Never,Moderate,Active,Poor,9.6,1
P104709,53,Female,0,0,0,0,1,0,0,25.1,122.0,75.0,89.0,211.3,40.9,141.8,164.7,Never,Rare,Moderate,Balanced,6.5,0
P104710,68,Male,0,1,0,0,0,0,0,28.8,133.0,,96.0,151.3,51.3,104.1,79.8,Former,Rare,Sedentary,Balanced,7.2,0
P104711,48,Female,1,0,0,0,0,0,0,24.1,134.0,79.0,100.9,169.4,42.2,119.7,107.5,Never,Rare,Active,Balanced,6.5,0
P104712,42,Female,0,0,0,0,0,0,0,20.6,123.0,74.0,96.7,146.3,43.5,,185.6,Never,Rare,Sedentary,Poor,5.9,0
P104713,65,Female,0,0,0,0,0,0,0,31.4,119.0,85.0,82.6,158.1,50.0,118.4,148.1,Never,Rare,Sedentary,Healthy,7.3,0
P104714,51,Male,0,0,0,0,1,0,0,29.4,118.0,,79.4,195.9,31.9,133.6,190.1,Former,Rare,Moderate,Poor,8.9,0
P104715,44,Female,0,0,0,0,1,0,0,32.3,128.0,86.0,81.5,201.2,44.1,140.3,119.2,Never,Rare,Sedentary,Poor,7.0,0
P104716,30,Male,0,0,0,0,0,0,0,30.9,124.0,97.0,100.0,126.7,64.5,82.6,218.4,Never,Rare,Moderate,Balanced,8.4,0
P104717,56,Male,0,0,0,0,1,0,0,33.5,117.0,96.0,99.8,222.8,64.1,170.2,131.1,Never,Moderate,Sedentary,Poor,7.4,0
P104718,42,Male,0,0,0,1,0,0,0,31.8,107.0,92.0,169.4,160.4,50.4,105.5,229.6,Former,Moderate,Active,Poor,5.3,0
P104719,43,Female,0,0,0,0,1,0,0,18.0,109.0,65.0,97.8,246.1,61.4,157.3,75.9,Never,Rare,Sedentary,Healthy,7.0,0
P104720,64,Female,0,0,0,0,1,0,0,28.5,126.0,74.0,112.3,204.6,41.4,148.4,244.7,Never,Rare,Active,Healthy,6.7,0
P104721,48,Female,0,0,0,0,0,0,0,29.7,126.0,,83.3,122.4,35.9,83.4,,Former,Moderate,Moderate,Poor,8.8,0
P104722,52,Female,0,0,0,0,0,0,0,31.5,128.0,67.0,88.5,151.8,50.6,76.3,203.5,Never,Moderate,Moderate,Poor,8.2,0
P104723,39,Female,0,0,0,0,0,0,0,28.4,113.0,82.0,95.5,103.7,49.5,63.1,168.6,Former,Rare,Moderate,Balanced,6.7,0
P104724,50,Male,1,0,0,0,0,0,0,25.9,116.0,82.0,107.4,169.2,67.0,111.1,120.0,Never,Rare,Active,Poor,7.0,0
P104725,37,Female,0,0,0,0,0,0,0,23.6,,75.0,95.1,168.8,62.0,94.5,196.2,Never,Rare,Moderate,Balanced,5.6,0
P104726,81,Male,0,0,0,1,0,0,0,32.6,140.0,81.0,107.0,134.8,37.7,90.4,74.3,Former,Rare,Sedentary,Balanced,8.6,0
P104727,66,Female,0,0,0,0,1,0,0,28.1,130.0,71.0,78.9,201.9,33.1,115.5,114.8,Former,Moderate,Moderate,Balanced,4.5,0
P104728,77,Male,0,1,1,0,1,0,0,26.6,168.0,102.0,98.7,185.9,46.1,139.6,130.9,Never,Moderate,Moderate,Balanced,7.4,0
P104729,55,Male,0,0,0,0,0,0,0,,128.0,66.0,89.4,152.5,44.0,95.4,191.9,Current,Rare,Sedentary,Balanced,7.1,0
P104730,37,Male,0,0,0,0,0,0,0,28.5,126.0,85.0,,145.1,42.7,80.7,174.1,Former,Rare,Moderate,Poor,7.6,0
P104731,38,Female,0,0,0,0,1,0,0,25.1,132.0,70.0,94.6,241.5,68.6,170.4,102.5,Never,Moderate,Moderate,Balanced,5.6,0
P104732,54,Male,0,0,0,0,0,0,0,26.2,139.0,73.0,75.6,152.1,,65.1,177.8,Current,Rare,Moderate,Balanced,9.0,0
P104733,65,Female,0,0,0,0,0,0,0,27.5,115.0,74.0,82.1,198.2,75.4,99.5,108.5,Never,Rare,Sedentary,Poor,7.8,0
P104734,40,Female,0,0,0,0,0,0,0,24.7,123.0,66.0,80.6,167.1,34.8,126.5,106.7,Never,Rare,Moderate,Poor,8.7,0
P104735,53,Male,0,0,0,0,1,0,0,21.8,111.0,80.0,89.3,197.3,66.8,144.4,133.2,Former,Rare,Moderate,Healthy,8.8,0
P104736,42,Male,0,0,0,0,0,0,0,16.9,124.0,82.0,94.9,154.8,,76.0,205.7,Never,Rare,Active,Healthy,7.5,0
P104737,43,Other,0,0,0,0,0,0,0,27.2,109.0,66.0,106.4,153.1,,92.2,75.2,Never,Moderate,Sedentary,Healthy,7.6,0
P104738,25,Male,0,0,0,0,1,0,0,23.1,135.0,80.0,,179.4,52.5,133.0,104.1,Never,Moderate,Moderate,Balanced,8.0,0
P104739,69,Male,0,0,0,0,0,0,0,21.5,115.0,73.0,,179.0,42.6,124.6,128.3,Never,Heavy,Moderate,Healthy,7.9,0
P104740,24,Male,0,0,0,0,0,0,0,24.6,110.0,78.0,89.9,110.4,61.0,47.9,150.3,Former,Rare,Moderate,Balanced,9.5,0
P104741,67,Male,1,0,0,1,1,0,0,31.2,148.0,75.0,207.7,244.6,47.4,,103.7,Never,Moderate,Sedentary,Poor,7.9,0
P104742,70,Female,0,0,0,0,0,0,0,26.8,113.0,71.0,104.2,123.2,46.1,,199.9,Never,Rare,Active,Balanced,7.9,0
P104743,32,Male,0,0,0,0,0,0,0,28.1,129.0,92.0,121.4,167.5,44.0,93.8,172.5,Never,Moderate,Active,Healthy,6.7,0
P104744,63,Male,0,0,0,1,0,0,0,26.8,133.0,83.0,169.0,160.5,43.1,,251.1,Never,Rare,Moderate,Balanced,8.3,0
P104745,45,Male,0,0,0,0,0,0,0,19.5,123.0,82.0,92.0,152.7,46.6,101.3,270.1,Former,Moderate,Moderate,Healthy,7.5,0
P104746,52,Male,0,0,0,0,0,0,0,34.7,121.0,66.0,91.9,,73.4,112.6,,Never,Rare,Moderate,Balanced,8.4,0
P104747,50,Female,0,0,0,1,1,0,0,30.2,120.0,75.0,157.5,204.3,59.4,141.3,170.4,Never,Rare,Moderate,Healthy,6.9,0
P104748,54,Male,0,0,0,0,0,0,0,34.3,133.0,85.0,82.8,,58.3,59.9,134.2,Never,Rare,Active,Poor,8.5,0
P104749,18,Female,0,0,0,0,0,0,0,23.9,87.0,79.0,108.2,168.9,48.6,,196.6,Never,Rare,Moderate,Healthy,7.4,0
P104750,65,Female,0,0,0,0,1,0,0,27.0,146.0,74.0,116.7,278.3,51.0,169.2,180.0,Never,Moderate,Sedentary,Balanced,8.0,0
P104751,54,Male,0,0,0,1,1,0,0,29.3,117.0,75.0,,255.0,48.6,175.6,106.7,Never,Rare,Moderate,Poor,7.2,0
P104752,46,Female,0,0,0,0,0,0,0,23.5,109.0,79.0,97.0,153.1,42.0,117.7,215.0,Never,Rare,Moderate,Balanced,7.5,0
P104753,46,Male,1,0,0,0,0,0,0,25.2,118.0,65.0,83.1,167.4,60.0,,168.1,Never,Moderate,Moderate,Poor,7.9,0
P104754,61,Other,0,1,1,0,0,0,0,35.7,125.0,90.0,98.7,127.3,54.3,96.0,109.4,Never,Moderate,Moderate,Poor,7.1,0
P104755,46,Female,0,1,0,0,0,0,0,24.5,137.0,85.0,98.4,171.7,54.9,102.4,219.4,Former,Rare,Moderate,Balanced,8.7,0
P104756,31,Male,0,0,0,0,1,0,0,21.2,104.0,74.0,103.3,179.4,64.5,145.5,140.5,Current,Rare,Moderate,Healthy,6.0,0
P104757,42,Male,0,0,0,0,1,0,0,22.6,103.0,72.0,106.4,238.4,63.0,164.0,172.9,Never,Rare,Moderate,Balanced,7.2,0
P104758,69,Male,0,0,0,0,0,0,0,21.9,113.0,78.0,108.1,148.7,39.0,112.2,143.0,Never,Rare,Sedentary,Balanced,6.9,0
P104759,53,Male,0,1,0,0,0,0,0,26.6,133.0,76.0,99.7,141.5,61.9,84.6,136.4,Never,Moderate,Active,Healthy,5.7,0
P104760,43,Female,0,0,0,0,0,0,0,23.7,124.0,80.0,134.4,123.7,51.4,70.3,227.4,Never,Rare,Sedentary,Healthy,7.3,0
P104761,18,Female,0,0,0,0,0,0,0,23.1,84.0,85.0,90.3,125.4,53.7,63.1,148.5,Never,Heavy,Moderate,Balanced,5.3,0
P104762,69,Male,0,1,1,0,0,0,0,25.7,154.0,83.0,94.7,197.6,46.7,129.6,97.6,Never,Rare,Moderate,Balanced,7.5,0
P104763,53,Female,0,0,1,0,0,0,0,25.0,120.0,86.0,89.8,131.9,40.8,92.2,119.2,Never,Rare,Moderate,Balanced,5.4,0
P104764,74,Male,0,1,0,0,0,0,0,,168.0,84.0,99.5,173.6,46.4,98.9,133.0,Never,Rare,Active,Balanced,5.5,0
P104765,55,Female,0,0,0,0,0,0,0,,115.0,77.0,88.4,161.3,65.8,79.6,123.2,Never,Rare,Moderate,Balanced,7.6,0
P104766,18,Female,0,0,0,0,1,0,0,28.4,91.0,82.0,103.9,179.4,43.1,130.4,90.9,Former,Rare,Active,Poor,,0
P104767,51,Male,0,0,0,0,0,0,0,19.0,,80.0,84.5,147.7,47.7,118.9,183.9,Never,Heavy,Moderate,Balanced,,0
P104768,30,Female,0,0,0,0,0,0,0,,102.0,92.0,95.2,159.6,62.9,110.2,164.7,Never,Heavy,Active,Balanced,5.1,0
P104769,38,Female,0,0,0,0,1,0,0,29.9,98.0,82.0,86.2,205.8,37.0,149.4,104.9,Never,Rare,Moderate,Balanced,7.7,0
P104770,62,Female,0,0,0,0,0,0,0,,150.0,88.0,91.3,155.1,60.5,115.2,168.8,Never,Rare,Moderate,Balanced,5.8,0
P104771,34,Male,0,0,0,0,1,0,0,22.0,113.0,73.0,105.8,223.9,60.5,158.7,167.7,Never,Rare,Active,Healthy,6.7,0
P104772,60,Female,0,0,0,0,0,0,0,25.8,139.0,77.0,98.7,165.3,44.2,72.1,187.9,Current,Moderate,Moderate,Balanced,7.6,0
P104773,63,Male,0,0,0,1,1,0,0,27.6,135.0,65.0,146.8,224.4,40.9,168.1,254.3,Never,Moderate,Active,Healthy,7.2,0
P104774,49,Male,0,0,0,0,0,0,0,25.7,121.0,77.0,111.2,158.7,44.9,127.9,,Former,Moderate,Moderate,Healthy,5.2,0
P104775,43,Female,0,0,0,0,0,0,0,29.1,,82.0,81.9,168.7,46.6,96.7,214.5,Never,Rare,Moderate,Healthy,7.7,0
P104776,40,Other,0,0,0,1,0,0,0,29.8,109.0,80.0,148.7,154.9,47.7,111.4,183.5,Never,Rare,Active,Healthy,6.9,0
P104777,56,Male,1,1,0,0,0,0,0,26.6,138.0,86.0,93.0,133.9,53.1,102.8,151.2,Current,Rare,Sedentary,Healthy,6.5,0
P104778,50,Male,0,0,0,0,0,0,0,33.9,110.0,76.0,132.5,,55.2,104.1,163.9,Never,Moderate,Sedentary,Balanced,5.7,0
P104779,43,Female,0,0,0,0,1,0,0,29.4,115.0,83.0,96.5,229.3,54.4,156.3,63.1,Never,Rare,Moderate,Balanced,6.8,0
P104780,63,Male,0,0,0,0,1,0,0,27.8,127.0,83.0,120.6,221.2,46.0,125.3,181.5,Never,Rare,Active,Balanced,5.6,0
P104781,56,Male,0,0,0,0,0,0,0,24.7,110.0,72.0,89.9,141.2,,81.1,217.3,Never,Moderate,Sedentary,Poor,8.2,0
P104782,29,Male,0,0,0,0,0,0,0,34.7,120.0,65.0,89.4,181.0,52.9,112.4,15.4,Never,Heavy,Moderate,Balanced,7.9,0
P104783,69,Female,0,0,0,0,1,0,0,,140.0,79.0,87.8,182.2,55.9,131.5,142.5,Never,Moderate,Sedentary,Balanced,6.5,0
P104784,63,Female,0,0,0,0,1,0,0,19.0,123.0,75.0,78.1,187.2,35.5,,196.7,Former,Rare,Sedentary,Healthy,6.7,0
P104785,54,Male,0,0,0,1,0,0,1,29.3,,86.0,165.4,110.5,41.7,53.8,74.3,Never,Rare,Moderate,Healthy,6.6,0
P104786,31,Female,0,0,0,0,0,0,0,20.8,95.0,79.0,92.5,174.9,58.1,104.3,83.7,Former,Rare,Moderate,Balanced,7.5,0
P104787,39,Male,0,0,0,0,0,0,0,23.8,129.0,82.0,103.8,,28.6,109.8,27.0,Never,Moderate,Active,Balanced,5.3,0
P104788,41,Female,0,1,0,0,1,0,0,20.6,124.0,96.0,101.3,247.8,60.7,164.9,197.2,Never,Rare,Moderate,Balanced,7.4,0
P104789,48,Female,0,0,0,0,1,0,0,,124.0,85.0,,189.2,,139.8,171.2,Never,Rare,Moderate,Poor,7.7,0
P104790,44,Male,0,0,0,0,0,0,0,30.0,116.0,87.0,,187.3,54.5,109.8,,Current,Rare,Moderate,Healthy,6.9,0
P104791,35,Female,0,0,0,0,0,0,0,27.3,119.0,57.0,93.9,155.3,65.2,123.9,163.0,Current,Moderate,Moderate,Balanced,6.0,0
P104792,55,Male,0,0,0,0,0,0,0,23.2,128.0,76.0,97.8,,69.0,104.1,223.9,Current,Rare,Active,Poor,6.4,0
P104793,42,Male,1,0,0,0,0,0,0,27.1,118.0,71.0,73.1,172.6,62.6,99.9,141.8,Former,Rare,Sedentary,Balanced,7.1,0
P104794,27,Female,1,0,0,0,0,0,0,27.5,115.0,89.0,79.5,,67.9,125.7,97.8,Former,Rare,Active,Poor,7.6,0
P104795,42,Male,0,0,0,0,0,0,0,29.8,136.0,69.0,,128.8,35.2,88.8,54.7,Never,Rare,Active,Healthy,7.1,0
P104796,21,Female,0,0,0,0,0,0,0,27.5,96.0,79.0,110.2,146.5,52.7,105.4,126.7,Current,Rare,Active,Balanced,6.2,0
P104797,70,Male,0,0,0,0,0,0,1,27.8,141.0,76.0,76.1,180.7,31.8,115.7,41.6,Never,Moderate,Moderate,Healthy,7.2,0
P104798,42,Female,0,0,0,0,0,0,0,23.1,114.0,79.0,102.6,171.7,37.2,109.0,186.2,Never,Heavy,Sedentary,Balanced,6.0,0
P104799,73,Female,0,0,0,0,1,0,0,24.0,130.0,79.0,112.3,175.2,66.4,134.1,128.1,Never,Moderate,Moderate,Healthy,6.7,0
P104800,31,Female,0,0,0,0,1,0,0,27.6,110.0,90.0,92.0,218.7,34.8,164.7,145.7,Never,Rare,Moderate,Balanced,7.9,0
P104801,54,Female,0,0,0,0,1,0,0,19.3,117.0,88.0,96.8,208.0,65.6,130.7,175.7,Never,Rare,Moderate,Balanced,6.8,0
P104802,38,Male,0,0,0,1,0,0,0,,132.0,69.0,151.1,146.0,36.8,90.6,2.5,Never,Moderate,Moderate,Balanced,5.5,0
P104803,30,Male,0,1,0,0,1,0,0,32.0,139.0,94.0,71.1,197.5,55.5,140.6,226.2,Never,Moderate,Moderate,Balanced,7.6,0
P104804,72,Male,0,0,0,0,0,0,1,22.9,134.0,74.0,83.6,171.6,39.2,116.1,253.6,Never,Rare,Sedentary,Balanced,7.2,0
P104805,80,Male,0,0,0,0,0,0,0,25.9,134.0,78.0,91.1,162.0,62.9,98.4,245.7,Former,Rare,Moderate,Balanced,7.0,0
P104806,56,Male,0,0,0,0,1,0,0,22.9,122.0,84.0,87.5,192.9,,134.7,157.5,Never,Rare,Sedentary,Balanced,5.6,0
P104807,57,Male,0,0,0,0,0,0,0,18.7,127.0,,95.0,160.1,46.3,116.2,218.9,Never,Rare,Active,Poor,7.6,0
P104808,49,Female,0,0,0,0,0,0,0,30.6,121.0,65.0,91.2,187.4,39.9,107.1,,Never,Moderate,Moderate,Balanced,6.8,1
P104809,36,Female,0,0,0,0,0,0,0,31.7,128.0,76.0,89.4,116.5,47.7,70.5,81.5,Never,Rare,Active,Healthy,8.8,0
P104810,57,Female,0,1,0,1,0,0,0,37.1,177.0,77.0,112.5,151.4,55.0,70.8,120.4,Former,Rare,Sedentary,Poor,9.3,0
P104811,38,Female,0,0,0,0,1,0,0,24.9,102.0,77.0,86.1,208.9,40.9,127.3,100.0,Never,Rare,Sedentary,Balanced,7.5,0
P104812,28,Male,0,0,0,0,1,0,0,22.3,93.0,76.0,70.6,203.3,30.9,119.3,73.3,Never,Rare,Sedentary,Balanced,8.9,0
P104813,50,Male,0,0,0,0,0,0,0,25.0,120.0,88.0,73.9,185.6,,124.1,238.0,Never,Rare,Active,Balanced,6.1,0
P104814,62,Female,0,0,1,0,1,0,0,19.7,112.0,77.0,101.7,166.8,47.1,134.5,64.0,Never,Rare,Moderate,Balanced,,0
P104815,41,Male,0,0,0,0,0,0,0,23.2,116.0,73.0,105.2,147.8,38.4,92.1,81.1,Current,Rare,Sedentary,Balanced,6.2,0
P104816,63,Male,0,0,0,0,1,0,0,22.6,125.0,66.0,86.5,208.9,69.3,135.1,63.4,Former,Moderate,Active,Poor,6.1,0
P104817,80,Female,1,1,1,0,0,0,0,32.6,148.0,93.0,71.5,191.5,,116.8,97.6,Current,Rare,Sedentary,Balanced,8.0,0
P104818,74,Female,0,0,0,0,0,0,0,27.2,135.0,73.0,108.1,128.3,52.4,,-9.4,Never,Moderate,Moderate,Balanced,6.7,0
P104819,66,Female,0,0,0,0,0,0,0,23.9,119.0,80.0,105.6,164.2,43.1,114.9,91.9,Never,Rare,Active,Balanced,8.1,0
P104820,61,Female,0,1,0,0,1,0,0,33.6,160.0,86.0,70.9,199.3,47.7,130.8,149.7,Never,Rare,Active,Balanced,7.4,0
P104821,70,Female,0,0,0,0,0,0,0,16.6,113.0,73.0,104.2,150.6,44.1,82.8,27.8,Never,Moderate,Moderate,Balanced,6.7,0
P104822,38,Female,0,1,0,0,0,0,0,39.7,132.0,73.0,95.3,192.0,48.1,122.7,181.9,Current,Rare,Moderate,Poor,7.3,0
P104823,32,Female,0,0,0,1,1,0,0,33.5,140.0,74.0,170.6,263.3,53.0,186.0,112.2,Never,Moderate,Moderate,Balanced,6.0,0
P104824,68,Male,0,1,0,0,1,0,0,31.1,,73.0,92.9,212.6,52.1,134.0,114.9,Never,Heavy,Moderate,Poor,7.4,0
P104825,38,Female,0,0,0,0,0,0,0,23.1,109.0,83.0,103.1,160.1,57.0,116.9,64.3,Never,Heavy,Sedentary,Balanced,9.1,0
P104826,61,Other,0,0,0,0,0,0,0,22.9,118.0,69.0,79.6,166.3,50.7,99.2,16.0,Never,Rare,Moderate,Healthy,5.2,0
P104827,24,Male,0,0,0,0,0,0,0,18.8,92.0,86.0,92.2,170.9,54.1,82.2,260.3,Never,Moderate,Active,Balanced,7.3,0
P104828,50,Male,0,0,0,0,1,0,0,23.2,131.0,98.0,95.3,232.8,82.3,140.7,99.3,Never,Rare,Sedentary,Healthy,7.6,0
P104829,60,Female,0,0,0,0,1,0,0,27.4,121.0,83.0,100.0,228.0,48.9,124.7,216.5,Current,Rare,Active,Poor,6.5,0
P104830,41,Female,0,0,0,0,1,0,0,28.5,107.0,83.0,93.9,174.5,47.5,142.8,79.4,Former,Moderate,Moderate,Balanced,7.3,0
P104831,55,Male,0,0,1,0,0,0,0,24.3,112.0,67.0,123.3,116.5,51.2,84.3,190.7,Former,Rare,Sedentary,Poor,7.7,0
P104832,47,Female,0,0,0,0,1,0,0,30.8,105.0,82.0,81.3,206.6,58.2,140.1,105.5,Never,Rare,Sedentary,Poor,5.1,0
P104833,58,Male,0,0,0,0,1,0,0,29.0,123.0,89.0,95.4,230.0,24.9,137.5,93.9,Former,Rare,Moderate,Balanced,4.6,0
P104834,64,Female,0,1,1,0,0,1,1,22.2,142.0,89.0,87.5,142.0,47.8,73.3,58.8,Never,Heavy,Sedentary,Poor,5.8,1
P104835,37,Female,0,0,0,0,1,0,0,32.7,129.0,83.0,105.9,159.6,24.0,144.1,89.5,Former,Moderate,Active,Balanced,5.0,0
P104836,55,Female,0,0,0,0,0,0,0,27.2,116.0,84.0,112.1,178.1,59.0,101.6,148.4,Never,Moderate,Active,Balanced,8.6,0
P104837,55,Male,0,0,0,0,0,0,0,24.7,126.0,83.0,99.8,156.0,44.5,98.4,135.6,Former,Moderate,Moderate,Poor,8.1,0
P104838,46,Female,0,0,0,0,1,0,0,,127.0,78.0,99.6,228.2,46.0,129.1,173.0,Current,Moderate,Moderate,Balanced,6.5,0
P104839,45,Female,0,0,0,1,0,0,0,27.6,96.0,79.0,164.0,105.0,52.4,79.4,113.6,Never,Rare,Sedentary,Balanced,6.1,0
P104840,57,Male,0,0,0,0,0,0,0,23.2,137.0,77.0,109.6,161.2,61.9,109.6,134.2,Never,Rare,Moderate,Balanced,5.7,0
P104841,38,Female,0,0,0,1,1,0,0,31.0,93.0,89.0,148.9,200.6,48.8,158.8,309.2,Never,Moderate,Sedentary,Balanced,8.3,0
P104842,64,Female,1,1,0,0,1,0,0,24.6,141.0,81.0,96.6,184.4,46.0,134.7,167.3,Former,Rare,Active,Balanced,7.1,0
P104843,37,Male,0,0,0,0,1,0,0,25.2,112.0,75.0,102.4,258.0,13.3,150.4,127.6,Never,Rare,Moderate,Balanced,7.6,0
P104844,34,Male,0,0,0,0,0,0,0,23.1,115.0,74.0,98.3,137.4,44.5,78.7,72.3,Former,Moderate,Sedentary,Healthy,7.8,0
P104845,32,Male,0,0,0,0,1,0,0,21.4,118.0,72.0,108.5,187.8,30.6,138.1,172.3,Never,Rare,Active,Balanced,6.4,0
P104846,59,Male,0,0,0,0,1,0,0,18.8,104.0,80.0,106.6,208.7,21.9,79.6,84.0,Current,Heavy,Sedentary,Balanced,6.8,0
P104847,57,Male,0,0,0,0,1,0,0,25.2,120.0,74.0,112.9,234.4,36.4,156.6,40.1,Never,Rare,Moderate,Balanced,7.5,0
P104848,68,Female,0,1,0,1,0,0,0,26.4,148.0,86.0,217.4,164.3,40.4,97.2,,Former,Rare,Active,Balanced,7.7,0
P104849,65,Male,0,0,0,0,0,0,0,26.3,111.0,93.0,84.9,158.0,74.4,82.2,162.7,Never,Rare,Sedentary,Balanced,6.8,0
P104850,47,Male,0,0,0,0,0,0,0,23.2,120.0,87.0,119.3,195.2,70.7,104.2,196.2,Current,Heavy,Moderate,Balanced,6.7,0
P104851,67,Female,1,0,0,0,0,0,0,20.9,128.0,76.0,99.4,162.2,48.5,,125.2,Never,Rare,Sedentary,Balanced,6.0,0
P104852,68,Female,0,0,0,1,0,0,0,29.8,147.0,79.0,166.7,154.1,50.0,128.2,172.5,Never,Rare,Sedentary,Poor,7.1,0
P104853,57,Female,0,0,0,0,0,0,0,26.0,106.0,82.0,89.1,122.1,45.5,73.9,49.5,Never,Moderate,Sedentary,Balanced,7.9,0
P104854,45,Female,0,0,0,0,1,0,0,30.1,137.0,75.0,85.8,163.2,36.3,140.5,83.2,Current,Rare,Moderate,Poor,6.1,0
P104855,46,Male,0,1,0,0,0,0,0,36.1,144.0,81.0,86.0,178.4,39.5,109.2,219.7,Never,Moderate,Sedentary,Poor,7.1,0
P104856,55,Male,0,0,0,0,0,0,0,18.8,110.0,78.0,78.3,156.2,68.0,,136.3,Never,Rare,Moderate,Healthy,8.4,0
P104857,62,Male,0,0,0,0,1,0,0,20.0,125.0,69.0,92.3,201.6,64.7,138.6,146.4,Never,Rare,Active,Balanced,6.6,0
P104858,34,Male,0,0,0,1,0,0,0,28.8,,74.0,140.7,191.9,,101.6,78.8,Never,Rare,Moderate,Poor,9.3,0
P104859,58,Female,0,0,0,1,0,0,1,28.8,120.0,74.0,110.7,178.2,40.1,,68.7,Former,Rare,Active,Poor,7.1,0
P104860,35,Female,0,0,0,0,1,0,0,28.1,120.0,86.0,110.2,185.9,38.0,150.1,128.3,Never,Moderate,Moderate,Poor,5.6,0
P104861,48,Male,0,0,0,0,0,0,0,25.1,127.0,87.0,99.9,170.6,36.7,106.0,29.0,Never,Rare,Sedentary,Healthy,5.2,0
P104862,68,Female,0,0,0,0,1,0,0,26.7,130.0,82.0,94.5,,56.8,136.5,197.6,Never,Rare,Moderate,Poor,8.7,0
P104863,74,Male,0,0,0,0,0,0,0,21.0,129.0,75.0,70.8,119.8,48.6,54.3,91.0,Never,Rare,Moderate,Healthy,7.7,0
P104864,48,Male,0,0,0,0,0,0,0,19.2,113.0,70.0,92.8,113.9,34.0,84.6,80.6,Never,Rare,Sedentary,Healthy,5.8,0
P104865,36,Female,0,0,0,0,1,0,0,20.8,107.0,62.0,90.6,222.7,55.5,147.2,-10.4,Former,Rare,Active,Healthy,7.2,0
P104866,27,Female,0,0,0,0,1,0,0,27.0,101.0,74.0,107.0,234.5,45.8,169.1,105.8,Never,Moderate,Active,Balanced,9.5,0
P104867,62,Male,0,0,0,0,0,0,0,18.3,130.0,65.0,94.4,164.6,59.9,129.1,96.0,Never,Rare,Moderate,Poor,7.5,0
P104868,41,Female,0,0,0,0,1,0,0,21.9,121.0,75.0,99.3,241.6,42.1,151.3,21.0,Never,Moderate,Active,Poor,6.4,0
P104869,53,Male,0,1,0,0,0,0,0,28.7,143.0,85.0,85.5,172.6,49.7,113.4,243.6,Never,Heavy,Moderate,Poor,4.4,0
P104870,82,Male,0,0,0,1,0,0,0,33.3,161.0,70.0,109.6,175.3,43.0,123.1,41.0,Never,Rare,Moderate,Healthy,7.7,0
P104871,65,Female,0,0,0,1,0,0,0,29.4,130.0,79.0,147.8,132.6,42.7,95.6,167.6,Never,Moderate,Active,Balanced,7.6,0
P104872,41,Female,0,0,0,0,0,0,0,25.3,139.0,71.0,114.8,167.7,46.3,121.5,191.8,Never,Rare,Moderate,Healthy,5.8,0
P104873,62,Male,0,0,0,0,0,0,0,20.1,131.0,78.0,88.0,163.2,66.3,103.1,102.2,Never,Rare,Moderate,Balanced,5.6,0
P104874,68,Male,0,0,0,0,0,0,0,22.8,132.0,71.0,79.9,164.7,66.5,105.4,157.5,Never,Rare,Moderate,Healthy,7.3,0
P104875,43,Male,0,0,0,0,0,0,0,30.2,103.0,81.0,85.4,171.8,61.7,88.1,99.4,Never,Rare,Moderate,Poor,7.5,0
P104876,18,Male,0,0,0,0,1,0,0,14.0,96.0,82.0,98.2,201.6,55.3,135.2,183.1,Never,Rare,Moderate,Balanced,7.0,0
P104877,37,Female,0,0,0,0,0,0,0,,110.0,64.0,89.9,150.4,47.8,96.0,141.4,Former,Rare,Moderate,Balanced,5.4,0
P104878,58,Female,0,1,0,0,0,0,0,28.3,138.0,82.0,92.5,161.1,62.4,95.1,119.3,Current,Moderate,Moderate,Poor,7.6,0
P104879,37,Female,0,0,0,0,0,0,0,20.9,103.0,80.0,101.5,152.0,66.9,80.4,40.2,Never,Moderate,Moderate,Balanced,6.9,0
P104880,65,Male,0,0,0,0,1,0,0,18.7,126.0,85.0,79.6,169.6,,156.0,211.2,Former,Moderate,Sedentary,Balanced,8.2,0
P104881,68,Female,0,1,1,0,0,0,0,22.4,125.0,79.0,83.1,177.2,43.8,99.9,61.3,Never,Rare,Moderate,Poor,4.5,0
P104882,53,Male,0,1,0,0,0,0,0,23.7,124.0,86.0,94.9,153.6,44.4,114.2,151.2,Former,Moderate,Sedentary,Balanced,6.4,0
P104883,39,Male,0,0,0,0,0,0,0,27.2,122.0,80.0,70.0,161.8,52.4,108.1,220.9,Never,Heavy,Moderate,Poor,7.3,0
P104884,55,Male,0,0,0,0,1,0,0,33.2,124.0,71.0,90.3,224.7,64.2,142.6,150.0,Current,Moderate,Active,Balanced,7.6,0
P104885,39,Male,0,0,0,0,0,0,0,24.8,104.0,,107.7,180.8,77.4,105.1,124.4,Never,Moderate,Moderate,Healthy,6.2,0
P104886,30,Male,0,0,0,0,0,0,0,27.1,115.0,,96.6,,49.5,84.0,121.1,Never,Heavy,Moderate,Poor,7.8,0
P104887,37,Male,0,0,0,1,1,0,0,31.6,112.0,77.0,139.9,219.9,69.5,141.6,192.5,Never,Rare,Active,Balanced,8.3,0
P104888,18,Male,0,0,0,0,0,0,0,21.1,98.0,78.0,97.1,142.6,52.7,82.9,146.5,Current,Rare,Active,Balanced,6.3,0
P104889,67,Male,0,0,0,1,1,1,1,27.3,125.0,76.0,161.1,202.0,38.2,136.9,168.8,Never,Rare,Moderate,Balanced,7.5,0
P104890,46,Female,0,0,0,0,0,0,0,27.1,133.0,78.0,86.9,153.4,48.3,110.1,163.8,Current,Rare,Moderate,Balanced,7.1,0
P104891,44,Female,0,0,0,0,0,0,0,14.0,118.0,69.0,76.0,163.9,42.9,122.8,183.8,Current,Rare,Active,Balanced,7.4,0
P104892,39,Male,0,0,0,0,0,0,0,20.9,125.0,60.0,83.0,121.1,56.5,74.3,178.9,Current,Moderate,Active,Balanced,9.1,0
P104893,50,Male,0,1,0,0,0,0,0,33.6,142.0,85.0,97.5,,63.5,81.1,113.4,Former,Rare,Sedentary,Healthy,7.2,0
P104894,75,Female,0,0,0,0,0,0,0,29.5,138.0,79.0,102.7,97.6,66.7,96.6,161.2,Never,Moderate,Active,Balanced,5.9,0
P104895,44,Female,0,0,0,0,0,0,0,24.8,106.0,86.0,97.7,162.8,66.3,99.5,180.8,Current,Rare,Moderate,Poor,6.9,0
P104896,68,Female,0,0,0,0,0,0,0,24.0,119.0,75.0,97.8,147.7,44.2,78.1,155.5,Never,Rare,Active,Healthy,8.1,0
P104897,60,Female,1,1,0,0,0,0,0,26.3,136.0,86.0,100.9,108.5,51.8,62.4,88.7,Former,Moderate,Sedentary,Balanced,,0
P104898,42,Male,0,0,0,1,0,0,0,28.5,114.0,87.0,185.5,171.6,45.9,97.8,63.9,Never,Rare,Active,Poor,9.0,0
P104899,37,Female,0,0,0,0,0,0,0,28.7,120.0,83.0,92.2,156.9,48.3,94.4,,Never,Rare,Moderate,Poor,7.7,0
P104900,60,Male,0,1,0,1,1,0,0,31.3,135.0,94.0,114.1,187.0,41.7,132.4,202.9,Never,Rare,Sedentary,Poor,6.8,0
P104901,68,Female,0,0,0,0,0,0,0,26.0,120.0,78.0,97.1,153.8,70.4,92.9,170.8,Never,Moderate,Moderate,Poor,6.0,0
P104902,83,Male,0,0,0,0,1,0,0,24.4,138.0,86.0,98.0,207.7,,123.2,77.6,Never,Rare,Moderate,Healthy,6.9,0
P104903,46,Male,0,0,0,0,1,0,0,32.8,125.0,64.0,86.6,222.0,56.2,169.6,189.0,Never,Rare,Sedentary,Balanced,5.3,0
P104904,49,Female,0,0,0,0,0,0,0,25.9,146.0,80.0,94.8,,47.2,87.2,175.3,Former,Rare,Moderate,Balanced,6.8,0
P104905,63,Male,0,0,0,0,1,0,0,26.3,117.0,91.0,81.2,170.8,69.3,,104.7,Never,Moderate,Moderate,Balanced,7.9,0
P104906,35,Female,0,0,0,0,1,0,0,29.0,108.0,87.0,89.5,203.6,55.7,132.7,170.0,Current,Rare,Active,Balanced,5.2,0
P104907,49,Male,0,0,0,0,1,0,0,24.8,124.0,63.0,112.5,209.2,44.7,135.9,,Former,Rare,Moderate,Balanced,,0
P104908,62,Female,0,1,0,1,0,0,0,40.7,151.0,90.0,155.4,,39.7,60.3,114.7,Former,Rare,Moderate,Balanced,7.2,0
P104909,65,Male,0,0,0,0,0,0,0,20.7,119.0,85.0,92.5,142.7,53.8,113.7,93.8,Former,Moderate,Sedentary,Balanced,8.6,0
P104910,41,Female,0,0,0,0,0,0,0,25.4,111.0,90.0,82.8,167.4,43.3,117.8,121.9,Never,Rare,Active,Balanced,5.8,0
P104911,34,Other,0,0,0,0,0,0,0,22.9,111.0,79.0,92.8,172.9,37.6,90.8,213.3,Never,Rare,Sedentary,Balanced,7.5,0
P104912,77,Female,0,0,0,0,0,0,0,22.2,125.0,73.0,112.7,158.0,,113.2,131.9,Never,Rare,Active,Poor,6.4,0
P104913,50,Male,0,0,0,0,0,0,0,22.4,138.0,75.0,105.4,162.4,59.4,116.2,102.9,Never,Rare,Sedentary,Balanced,6.5,0
P104914,55,Male,0,0,0,0,0,0,0,24.7,126.0,88.0,101.7,171.6,26.0,95.0,130.9,Never,Moderate,Moderate,Poor,7.4,0
P104915,48,Other,0,0,0,0,0,0,0,20.0,131.0,65.0,77.8,,60.4,37.2,102.9,Never,Rare,Sedentary,Poor,8.0,0
P104916,33,Male,0,0,0,0,1,0,0,24.8,115.0,73.0,,223.5,54.9,165.9,272.1,Former,Rare,Active,Balanced,6.4,0
P104917,51,Female,0,0,0,0,1,0,0,31.5,119.0,97.0,97.6,221.1,37.3,130.1,174.7,Former,Moderate,Sedentary,Healthy,7.1,0
P104918,68,Male,0,0,0,0,1,0,0,17.8,120.0,76.0,97.1,205.3,39.6,160.2,165.4,Never,Moderate,Active,Healthy,7.1,0
P104919,39,Male,0,0,0,0,0,0,0,31.2,111.0,71.0,91.1,178.2,55.7,120.0,87.3,Former,Rare,Sedentary,Balanced,6.2,0
P104920,44,Female,0,0,0,0,0,0,0,35.6,121.0,81.0,96.7,133.0,19.4,98.5,217.4,Never,Moderate,Moderate,Healthy,6.6,0
P104921,31,Male,0,0,0,1,1,0,0,24.7,121.0,73.0,,208.5,44.6,124.6,83.6,Never,Rare,Active,Healthy,6.3,0
P104922,62,Female,0,0,0,1,0,0,1,23.0,121.0,81.0,112.3,137.8,42.7,90.8,,Never,Moderate,Active,Poor,7.4,0
P104923,49,Male,0,1,0,0,0,0,0,32.1,151.0,87.0,101.5,165.8,41.2,105.3,158.5,Never,Rare,Moderate,Poor,6.7,0
P104924,37,Male,1,0,0,0,0,0,0,21.4,110.0,79.0,93.0,181.1,51.9,126.6,88.0,Never,Rare,Moderate,Balanced,4.5,0
P104925,48,Female,0,0,0,0,1,0,0,21.9,134.0,81.0,88.3,224.1,43.5,171.1,132.7,Former,Moderate,Moderate,Balanced,8.8,0
P104926,68,Female,0,0,0,0,0,0,0,,133.0,71.0,102.4,163.1,39.0,81.6,109.6,Never,Rare,Moderate,Balanced,5.6,0
P104927,63,Female,0,0,0,0,0,0,0,16.1,125.0,61.0,107.6,176.6,53.1,103.9,88.8,Former,Rare,Moderate,Balanced,5.2,0
P104928,72,Female,0,0,0,0,0,0,0,36.1,131.0,82.0,89.3,140.0,39.2,83.7,92.5,Never,Moderate,Sedentary,Healthy,5.5,0
P104929,18,Female,0,0,0,0,1,0,0,,108.0,73.0,101.2,172.3,49.0,132.8,186.3,Former,Rare,Moderate,Healthy,7.6,0
P104930,56,Female,0,0,0,0,1,0,0,27.4,136.0,80.0,108.2,204.1,53.1,151.8,28.1,Never,Rare,Moderate,Healthy,4.8,0
P104931,39,Male,0,0,0,0,0,0,0,23.2,103.0,76.0,98.5,157.7,59.5,110.1,94.1,Current,Moderate,Active,Healthy,5.6,0
P104932,31,Female,0,0,0,0,1,0,0,30.5,114.0,81.0,112.9,192.6,44.6,130.7,136.2,Never,Rare,Moderate,Healthy,8.6,0
P104933,49,Male,1,0,0,0,0,0,0,27.1,128.0,65.0,81.3,170.9,50.4,111.7,19.6,Never,Rare,Moderate,Healthy,6.6,0
P104934,53,Male,0,0,0,0,1,0,0,21.1,101.0,74.0,,207.7,49.8,161.3,201.4,Former,Rare,Moderate,Balanced,7.2,0
P104935,37,Male,0,0,0,0,0,0,0,21.1,92.0,87.0,,160.0,44.3,118.1,167.5,Never,Moderate,Moderate,Poor,5.8,0
P104936,54,Male,0,0,0,0,0,0,0,25.9,126.0,85.0,97.3,152.1,24.1,107.0,182.1,Former,Rare,Sedentary,Poor,6.5,0
P104937,75,Male,1,0,0,0,0,0,0,29.0,123.0,70.0,89.9,135.5,62.4,74.8,237.4,Former,Moderate,Moderate,Balanced,6.7,0
P104938,60,Female,0,0,0,0,0,0,0,28.9,136.0,79.0,108.5,126.3,53.3,70.8,138.7,Never,Rare,Moderate,Poor,6.9,0
P104939,48,Female,0,0,0,0,0,0,0,40.8,129.0,85.0,99.6,121.1,51.5,68.2,137.1,Never,Moderate,Active,Poor,6.3,0
P104940,83,Male,0,0,0,1,1,0,0,19.3,132.0,79.0,143.4,190.2,55.5,134.6,119.8,Never,Moderate,Active,Balanced,9.3,0
P104941,71,Male,0,0,0,1,1,0,0,32.5,,81.0,134.3,202.0,76.2,125.7,195.7,Never,Rare,Active,Poor,6.7,0
P104942,49,Female,0,0,0,0,0,0,0,17.4,119.0,71.0,111.2,124.2,64.9,71.2,186.3,Never,Moderate,Moderate,Poor,6.3,0
P104943,62,Female,0,0,0,0,0,0,0,,112.0,86.0,96.8,173.1,25.3,94.9,,Never,Rare,Moderate,Healthy,7.3,0
P104944,18,Male,0,0,0,0,0,0,0,18.0,107.0,67.0,91.1,117.3,54.7,102.8,220.4,Current,Rare,Moderate,Poor,6.3,0
P104945,45,Female,0,0,0,0,1,0,0,29.4,124.0,73.0,104.1,197.9,50.5,138.3,176.8,Current,Rare,Moderate,Balanced,6.3,0
P104946,57,Female,0,0,0,0,0,0,0,22.9,125.0,74.0,82.8,147.0,45.3,111.0,121.1,Never,Moderate,Moderate,Balanced,6.4,0
P104947,50,Male,0,0,0,0,0,0,0,23.3,125.0,86.0,92.9,153.1,43.7,106.1,109.8,Never,Rare,Active,Healthy,6.9,0
P104948,48,Male,0,0,0,0,0,0,0,22.8,119.0,79.0,87.6,142.1,38.8,57.8,44.2,Former,Rare,Moderate,Poor,7.4,0
P104949,28,Female,0,0,0,0,1,0,0,33.1,102.0,85.0,97.8,212.0,60.6,133.5,147.4,Never,Rare,Moderate,Healthy,5.8,0
P104950,51,Male,0,0,0,0,0,0,0,15.9,131.0,81.0,96.2,137.3,,91.8,135.9,Never,Heavy,Moderate,Balanced,9.5,0
P104951,32,Male,0,0,0,1,0,0,0,34.4,124.0,92.0,113.3,,49.2,104.6,140.9,Never,Rare,Sedentary,Healthy,,0
P104952,29,Male,0,0,0,0,1,0,0,22.6,84.0,73.0,96.1,216.3,28.9,140.8,123.7,Never,Rare,Sedentary,Balanced,6.2,0
P104953,49,Female,1,0,0,0,0,0,0,28.4,,83.0,83.5,160.0,,124.4,258.7,Former,Rare,Moderate,Healthy,6.5,0
P104954,53,Male,0,1,0,0,0,0,0,29.7,154.0,83.0,71.5,,42.7,79.0,72.5,Never,Rare,Sedentary,Poor,8.3,0
P104955,65,Female,0,0,0,0,1,0,0,26.3,127.0,86.0,96.7,212.6,66.8,141.9,74.7,Never,Rare,Sedentary,Healthy,6.7,0
P104956,69,Female,0,1,0,0,0,0,0,26.7,144.0,84.0,92.9,158.3,35.4,104.8,154.4,Current,Rare,Moderate,Healthy,8.0,0
P104957,48,Male,1,0,0,0,0,0,0,36.4,135.0,82.0,80.1,178.3,35.3,104.1,42.9,Current,Rare,Moderate,Balanced,8.8,0
P104958,69,Female,0,1,0,1,0,0,0,32.3,153.0,93.0,198.7,138.7,44.9,92.5,89.3,Never,Heavy,Moderate,Poor,8.3,0
P104959,56,Female,0,0,0,0,1,0,0,21.7,124.0,84.0,103.3,153.4,69.0,130.1,138.5,Never,Rare,Moderate,Balanced,5.4,0
P104960,59,Male,0,0,0,0,0,0,0,24.0,121.0,85.0,79.5,119.4,39.2,68.9,143.3,Never,Rare,Moderate,Balanced,7.1,0
P104961,45,Female,0,0,0,0,1,0,0,17.1,112.0,68.0,101.8,230.6,61.2,162.7,123.7,Former,Rare,Active,Balanced,6.5,0
P104962,50,Male,0,0,0,1,0,0,0,25.3,113.0,75.0,140.4,135.8,34.7,104.1,99.3,Never,Rare,Active,Poor,6.7,0
P104963,58,Female,0,0,0,0,1,0,0,30.4,116.0,74.0,83.0,192.5,55.4,150.9,137.6,Never,Moderate,Active,Poor,6.3,0
P104964,48,Male,0,0,0,0,1,0,0,34.5,124.0,76.0,93.2,189.1,,,156.3,Current,Rare,Moderate,Poor,4.3,0
P104965,33,Female,0,0,0,0,0,0,0,29.0,115.0,69.0,,119.5,,84.0,148.1,Current,Moderate,Moderate,Poor,7.2,0
P104966,63,Male,0,0,1,0,0,1,0,26.1,133.0,82.0,85.3,128.9,47.2,92.7,128.5,Never,Moderate,Moderate,Healthy,5.6,0
P104967,48,Male,0,1,0,0,0,0,0,25.3,142.0,94.0,89.5,170.2,57.5,114.0,51.5,Never,Moderate,Moderate,Balanced,5.4,0
P104968,62,Female,0,0,0,0,1,0,0,31.2,132.0,78.0,105.8,225.1,40.4,150.7,258.0,Never,Rare,Sedentary,Balanced,7.4,0
P104969,46,Female,0,0,0,0,0,0,0,24.4,124.0,90.0,92.0,191.2,60.5,108.4,190.2,Never,Heavy,Moderate,Poor,8.2,0
P104970,41,Male,1,0,0,0,0,0,0,,123.0,66.0,104.7,150.2,52.8,106.4,146.4,Never,Moderate,Moderate,Balanced,6.2,0
P104971,72,Female,0,0,0,0,0,0,0,22.5,124.0,80.0,87.7,92.2,43.1,50.9,130.9,Never,Moderate,Moderate,Balanced,6.3,0
P104972,65,Female,0,0,0,0,0,0,0,19.0,125.0,82.0,78.7,171.1,47.6,111.8,88.0,Never,Moderate,Moderate,Balanced,5.7,0
P104973,50,Female,0,0,0,1,0,0,1,36.4,130.0,81.0,138.0,159.1,48.8,114.9,86.9,Current,Rare,Sedentary,Healthy,6.2,0
P104974,21,Male,0,0,0,0,0,0,0,14.0,86.0,77.0,108.1,147.4,52.4,96.8,154.4,Never,Moderate,Active,Healthy,6.8,0
P104975,41,Female,0,0,0,0,0,0,0,27.3,108.0,68.0,109.9,188.5,54.2,114.1,221.8,Never,Rare,Moderate,Balanced,6.9,0
P104976,49,Male,0,0,0,0,0,0,0,25.7,120.0,75.0,,158.7,38.5,113.1,144.1,Never,Rare,Moderate,Healthy,8.5,0
P104977,69,Male,0,0,0,0,0,0,0,18.4,128.0,77.0,77.9,186.7,56.9,118.7,98.5,Former,Rare,Moderate,Balanced,8.0,0
P104978,60,Female,0,1,0,0,0,0,0,22.8,147.0,85.0,82.3,173.4,52.7,107.5,171.7,Current,Moderate,Active,Balanced,4.8,0
P104979,66,Male,0,0,0,1,0,0,0,29.4,137.0,82.0,155.9,157.3,54.2,123.5,121.5,Never,Rare,Moderate,Balanced,7.9,0
P104980,38,Male,0,0,0,0,0,0,0,26.9,,78.0,110.3,159.6,49.9,114.4,154.3,Never,Moderate,Moderate,Balanced,8.0,0
P104981,75,Female,0,1,1,0,0,0,0,27.8,148.0,91.0,116.6,172.8,67.1,107.4,152.8,Never,Rare,Sedentary,Healthy,7.7,1
P104982,43,Male,0,0,0,0,1,0,0,19.1,,86.0,83.3,203.8,41.7,135.2,126.6,Current,Rare,Moderate,Healthy,5.0,0
P104983,50,Male,1,0,0,0,1,0,0,22.5,129.0,89.0,105.1,200.2,60.6,137.7,197.5,Current,Heavy,Sedentary,Balanced,7.6,0
P104984,59,Female,0,0,0,0,0,0,0,34.6,154.0,79.0,91.1,145.2,51.2,110.6,136.4,Never,Heavy,Active,Poor,8.0,0
P104985,62,Female,0,0,0,0,1,0,0,,142.0,81.0,,207.0,29.3,144.0,168.8,Never,Rare,Active,Balanced,6.6,0
P104986,42,Female,0,0,0,0,1,0,0,26.1,106.0,86.0,97.6,205.9,41.8,125.6,190.6,Never,Moderate,Moderate,Balanced,7.3,0
P104987,45,Female,0,0,0,0,1,0,0,32.0,118.0,86.0,98.9,193.3,37.3,153.9,154.2,Never,Moderate,Sedentary,Balanced,7.4,0
P104988,31,Female,0,0,0,0,0,0,0,26.8,98.0,84.0,105.5,156.4,69.8,118.2,162.1,Never,Rare,Moderate,Healthy,7.4,0
P104989,40,Female,0,0,0,0,0,0,0,14.0,110.0,74.0,85.3,166.0,51.0,112.4,138.5,Never,Rare,Sedentary,Healthy,7.4,0
P104990,52,Male,0,0,0,0,0,0,0,18.0,114.0,68.0,77.8,113.6,44.1,30.4,147.4,Former,Rare,Sedentary,Poor,7.2,0
P104991,57,Male,0,0,0,0,1,0,0,27.1,123.0,90.0,96.6,233.1,51.1,178.5,208.1,Current,Rare,Moderate,Balanced,8.5,0
P104992,44,Male,0,0,0,0,1,0,0,34.6,124.0,81.0,95.3,201.7,26.3,91.0,114.9,Current,Rare,Active,Healthy,6.5,0
P104993,55,Other,1,0,0,0,0,0,0,37.6,146.0,86.0,123.1,116.6,39.8,86.4,85.2,Former,Moderate,Sedentary,Balanced,7.0,0
P104994,37,Male,0,0,0,0,1,0,0,28.1,112.0,81.0,71.4,288.4,47.6,191.0,149.0,Former,Rare,Moderate,Poor,8.9,0
P104995,86,Male,0,0,0,0,0,1,1,29.9,163.0,76.0,88.4,113.7,74.6,62.7,100.7,Never,Moderate,Active,Poor,6.4,1
P104996,38,Male,0,0,0,0,1,0,0,23.8,104.0,79.0,70.7,223.1,59.1,176.5,128.8,Current,Rare,Moderate,Healthy,7.8,0
P104997,43,Male,0,0,0,0,1,0,0,33.7,129.0,97.0,82.7,207.4,57.2,121.9,116.8,Never,Moderate,Active,Balanced,6.6,0
P104998,73,Female,0,0,0,0,0,1,0,23.4,121.0,82.0,107.4,179.9,28.9,76.3,58.6,Never,Rare,Moderate,Balanced,7.2,0
P104999,19,Male,0,0,0,0,0,0,0,19.8,92.0,73.0,89.5,157.0,40.0,93.3,159.4,Never,Rare,Sedentary,Balanced,7.5,0
